order_id,order_date,customer_id,product,category,quantity,unit_price,discount_pct,total_amount,city,payment_method,customer_segment
ORD100001,2025-11-13,CUST1001,Backpack,Accessories,2,65.77,0.0,131.54,Delhi,Cash,Consumer
ORD100002,2025-11-27,CUST1002,Keyboard,Electronics,2,47.15,0.1,84.87,Madurai,Cash,Consumer
ORD100003,2025-04-17,CUST1003,Air Fryer,Home Appliances,5,130.05,0.0,650.25,Pune,UPI,Home Office
ORD100004,2025-05-28,CUST1004,Notebook,Stationery,3,6.81,0.05,19.41,Kochi,Credit Card,Consumer
ORD100005,2025-07-11,CUST1005,Coffee Maker,Home Appliances,3,50.99,0.1,137.67,Chennai,Debit Card,Corporate
ORD100006,2025-12-03,CUST1006,Shoes,Fashion,5,145.14,0.0,725.7,Madurai,Credit Card,Consumer
ORD100007,2025-08-14,CUST1007,Air Fryer,Home Appliances,3,139.14,0.0,417.42,Bengaluru,Cash,Consumer
ORD100008,2025-08-30,CUST1008,Office Chair,Furniture,1,343.1,0.15,291.64,Salem,Net Banking,Consumer
ORD100009,2025-12-28,CUST1009,Backpack,Accessories,1,105.03,0.15,89.28,Mumbai,Cash,Consumer
ORD100010,2025-10-11,CUST1010,Watch,Fashion,4,95.12,0.0,380.48,Pune,Credit Card,Consumer
ORD100011,2025-06-12,CUST1011,Headphones,Electronics,4,172.9,0.0,691.6,Hyderabad,UPI,Corporate
ORD100012,2025-01-08,CUST1012,Backpack,Accessories,5,67.23,0.0,336.15,Pune,Credit Card,Corporate
ORD100013,2025-12-13,CUST1013,Coffee Maker,Home Appliances,5,224.83,0.0,1124.15,Kochi,Debit Card,Consumer
ORD100014,2025-06-01,CUST1014,Coffee Maker,Home Appliances,5,85.31,0.2,341.24,Salem,Net Banking,Consumer
ORD100015,2025-11-18,CUST1015,Shoes,Fashion,1,131.67,0.05,125.09,Salem,Net Banking,Corporate
ORD100016,2025-04-05,CUST1016,Office Chair,Furniture,3,274.48,0.05,782.27,Hyderabad,Cash,Consumer
ORD100017,2025-08-02,CUST1017,Keyboard,Electronics,5,58.39,0.2,233.56,Mumbai,Credit Card,Consumer
ORD100018,2025-03-05,CUST1018,Shoes,Fashion,5,50.49,0.05,239.83,Bengaluru,UPI,Consumer
ORD100019,2025-03-06,CUST1019,Shoes,Fashion,1,127.75,0.1,114.98,Mumbai,Debit Card,Corporate
ORD100020,2025-09-27,CUST1020,Headphones,Electronics,1,191.18,0.0,191.18,Kochi,Cash,Corporate
ORD100021,2025-01-25,CUST1021,Desk,Furniture,1,257.81,0.05,244.92,Bengaluru,Credit Card,Home Office
ORD100022,2025-04-10,CUST1022,Office Chair,Furniture,3,286.35,0.05,816.1,Mumbai,UPI,Consumer
ORD100023,2025-04-15,CUST1023,Smartphone,Electronics,5,625.37,0.0,3126.85,Salem,Credit Card,Consumer
ORD100024,2025-05-11,CUST1024,Shoes,Fashion,2,136.98,0.0,273.96,Coimbatore,UPI,Consumer
ORD100025,2025-11-17,CUST1025,Blender,Home Appliances,2,59.88,0.0,119.76,Chennai,Credit Card,Corporate
ORD100026,2025-01-19,CUST1026,Book,Books,5,36.16,0.0,180.8,Bengaluru,Credit Card,Consumer
ORD100027,2025-08-13,CUST1027,Desk,Furniture,5,243.7,0.05,1157.58,Coimbatore,Cash,Consumer
ORD100028,2025-04-16,CUST1028,Smartphone,Electronics,5,599.4,0.05,2847.15,Madurai,Credit Card,Consumer
ORD100029,2025-02-23,CUST1029,Blender,Home Appliances,5,38.71,0.05,183.87,Madurai,Credit Card,Corporate
ORD100030,2025-08-14,CUST1030,Office Chair,Furniture,3,115.68,0.0,347.04,Mumbai,Cash,Consumer
ORD100031,2025-12-26,CUST1031,Laptop,Electronics,2,1040.07,0.1,1872.13,Hyderabad,Cash,Home Office
ORD100032,2025-01-15,CUST1032,Blender,Home Appliances,4,70.14,0.0,280.56,Mumbai,Net Banking,Consumer
ORD100033,2025-02-17,CUST1033,Watch,Fashion,2,257.22,0.05,488.72,Hyderabad,Net Banking,Consumer
ORD100034,2025-05-19,CUST1034,Desk,Furniture,2,107.35,0.1,193.23,Mumbai,Cash,Consumer
ORD100035,2025-02-03,CUST1035,Air Fryer,Home Appliances,1,132.03,0.0,132.03,Pune,Debit Card,Consumer
ORD100036,2025-12-21,CUST1036,Blender,Home Appliances,5,80.6,0.1,362.7,Kochi,UPI,Corporate
ORD100037,2025-07-29,CUST1037,T-Shirt,Fashion,5,10.97,0.1,49.36,Chennai,Cash,Corporate
ORD100038,2025-01-19,CUST1038,Laptop,Electronics,5,668.15,0.0,3340.75,Hyderabad,Net Banking,Consumer
ORD100039,2025-07-15,CUST1039,Coffee Maker,Home Appliances,1,126.86,0.0,126.86,Kochi,Credit Card,Consumer
ORD100040,2025-11-22,CUST1040,Coffee Maker,Home Appliances,3,143.5,0.2,344.4,Pune,Cash,Corporate
ORD100041,2025-04-25,CUST1041,Notebook,Stationery,3,7.26,0.0,21.78,Madurai,Cash,Consumer
ORD100042,2025-12-18,CUST1042,Watch,Fashion,4,178.04,0.15,605.34,Mumbai,Net Banking,Consumer
ORD100043,2025-03-16,CUST1043,Blender,Home Appliances,3,119.27,0.05,339.92,Delhi,Net Banking,Consumer
ORD100044,2025-05-30,CUST1044,Blender,Home Appliances,3,31.49,0.0,94.47,Kochi,Debit Card,Consumer
ORD100045,2025-02-05,CUST1045,Notebook,Stationery,5,8.03,0.0,40.15,Mumbai,Net Banking,Consumer
ORD100046,2025-08-30,CUST1046,Book,Books,2,38.72,0.05,73.57,Madurai,Net Banking,Consumer
ORD100047,2025-05-31,CUST1047,Book,Books,3,23.17,0.05,66.03,Hyderabad,Net Banking,Consumer
ORD100048,2025-03-04,CUST1048,Notebook,Stationery,3,10.81,0.1,29.19,Kochi,Credit Card,Home Office
ORD100049,2025-06-03,CUST1049,Book,Books,1,15.92,0.15,13.53,Bengaluru,Cash,Consumer
ORD100050,2025-07-07,CUST1050,Headphones,Electronics,4,199.15,0.15,677.11,Mumbai,Cash,Consumer
ORD100051,2025-08-11,CUST1051,Blender,Home Appliances,1,145.94,0.0,145.94,Kochi,Net Banking,Corporate
ORD100052,2025-04-03,CUST1052,Backpack,Accessories,5,72.13,0.15,306.55,Salem,Debit Card,Consumer
ORD100053,2025-01-05,CUST1053,Keyboard,Electronics,2,146.88,0.15,249.7,Pune,Net Banking,Consumer
ORD100054,2025-06-15,CUST1054,T-Shirt,Fashion,4,16.28,0.15,55.35,Coimbatore,Debit Card,Consumer
ORD100055,2025-01-25,CUST1055,Headphones,Electronics,1,28.81,0.05,27.37,Hyderabad,Cash,Home Office
ORD100056,2025-04-08,CUST1056,Office Chair,Furniture,3,326.45,0.1,881.42,Chennai,Debit Card,Consumer
ORD100057,2025-09-25,CUST1057,Headphones,Electronics,3,206.61,0.05,588.84,Chennai,Debit Card,Home Office
ORD100058,2025-05-30,CUST1058,Backpack,Accessories,4,32.02,0.0,128.08,Pune,UPI,Corporate
ORD100059,2025-09-09,CUST1059,Office Chair,Furniture,3,164.99,0.2,395.98,Bengaluru,Debit Card,Corporate
ORD100060,2025-03-25,CUST1060,T-Shirt,Fashion,1,10.88,0.0,10.88,Bengaluru,Debit Card,Corporate
ORD100061,2025-10-12,CUST1061,Backpack,Accessories,1,49.33,0.0,49.33,Delhi,Credit Card,Consumer
ORD100062,2025-06-21,CUST1062,Smartphone,Electronics,3,984.48,0.15,2510.42,Delhi,Cash,Consumer
ORD100063,2025-08-09,CUST1063,Keyboard,Electronics,3,87.33,0.0,261.99,Coimbatore,Net Banking,Consumer
ORD100064,2025-04-19,CUST1064,T-Shirt,Fashion,5,27.4,0.15,116.45,Coimbatore,UPI,Consumer
ORD100065,2025-01-27,CUST1065,Blender,Home Appliances,2,85.76,0.1,154.37,Delhi,Debit Card,Home Office
ORD100066,2025-09-03,CUST1066,Book,Books,4,5.05,0.0,20.2,Pune,Credit Card,Consumer
ORD100067,2025-02-24,CUST1067,Smartphone,Electronics,1,534.81,0.05,508.07,Madurai,Credit Card,Consumer
ORD100068,2025-05-13,CUST1068,Watch,Fashion,4,208.08,0.1,749.09,Hyderabad,Net Banking,Corporate
ORD100069,2025-02-21,CUST1069,T-Shirt,Fashion,5,58.71,0.05,278.87,Salem,Net Banking,Home Office
ORD100070,2025-09-10,CUST1070,Watch,Fashion,1,260.24,0.15,221.2,Delhi,Cash,Home Office
ORD100071,2025-09-26,CUST1071,Office Chair,Furniture,5,87.55,0.15,372.09,Bengaluru,Debit Card,Corporate
ORD100072,2025-10-25,CUST1072,Smartphone,Electronics,5,1103.63,0.0,5518.15,Hyderabad,Credit Card,Consumer
ORD100073,2025-03-20,CUST1073,Keyboard,Electronics,3,121.82,0.0,365.46,Madurai,UPI,Consumer
ORD100074,2025-01-18,CUST1074,Blender,Home Appliances,4,147.06,0.15,500.0,Coimbatore,Cash,Consumer
ORD100075,2025-11-02,CUST1075,Notebook,Stationery,4,7.95,0.05,30.21,Mumbai,Debit Card,Consumer
ORD100076,2025-09-15,CUST1076,Blender,Home Appliances,3,89.7,0.0,269.1,Pune,Net Banking,Consumer
ORD100077,2025-12-09,CUST1077,Backpack,Accessories,4,50.29,0.15,170.99,Bengaluru,Debit Card,Home Office
ORD100078,2025-04-17,CUST1078,Blender,Home Appliances,3,39.85,0.15,101.62,Chennai,Net Banking,Home Office
ORD100079,2025-02-16,CUST1079,Air Fryer,Home Appliances,1,103.36,0.1,93.02,Chennai,Debit Card,Corporate
ORD100080,2025-09-03,CUST1080,Shoes,Fashion,5,66.99,0.05,318.2,Coimbatore,UPI,Corporate
ORD100081,2025-03-30,CUST1081,Notebook,Stationery,5,8.29,0.1,37.3,Mumbai,Cash,Consumer
ORD100082,2025-07-22,CUST1082,Headphones,Electronics,4,193.17,0.1,695.41,Bengaluru,Net Banking,Consumer
ORD100083,2025-08-28,CUST1083,Book,Books,2,21.58,0.15,36.69,Pune,UPI,Home Office
ORD100084,2025-09-25,CUST1084,Laptop,Electronics,5,604.95,0.2,2419.8,Coimbatore,Credit Card,Consumer
ORD100085,2025-01-13,CUST1085,Keyboard,Electronics,3,144.51,0.05,411.85,Madurai,UPI,Corporate
ORD100086,2025-05-17,CUST1086,Smartphone,Electronics,2,1145.59,0.1,2062.06,Chennai,UPI,Consumer
ORD100087,2025-11-11,CUST1087,Shoes,Fashion,2,147.78,0.2,236.45,Kochi,UPI,Home Office
ORD100088,2025-06-22,CUST1088,Keyboard,Electronics,5,148.87,0.0,744.35,Salem,Net Banking,Corporate
ORD100089,2025-08-18,CUST1089,Smartphone,Electronics,5,767.26,0.0,3836.3,Hyderabad,Credit Card,Consumer
ORD100090,2025-07-17,CUST1090,Book,Books,5,38.7,0.15,164.48,Delhi,Cash,Consumer
ORD100091,2025-08-31,CUST1091,Desk,Furniture,3,137.8,0.0,413.4,Madurai,UPI,Consumer
ORD100092,2025-02-12,CUST1092,Desk,Furniture,2,282.84,0.0,565.68,Pune,Net Banking,Consumer
ORD100093,2025-11-26,CUST1093,Watch,Fashion,4,98.6,0.0,394.4,Kochi,Net Banking,Consumer
ORD100094,2025-10-06,CUST1094,Keyboard,Electronics,3,45.46,0.05,129.56,Pune,Cash,Home Office
ORD100095,2025-03-20,CUST1095,Desk,Furniture,1,170.4,0.0,170.4,Chennai,Debit Card,Corporate
ORD100096,2025-10-06,CUST1096,Air Fryer,Home Appliances,5,178.26,0.0,891.3,Madurai,Credit Card,Consumer
ORD100097,2025-08-20,CUST1097,Notebook,Stationery,2,12.16,0.2,19.46,Coimbatore,Credit Card,Consumer
ORD100098,2025-04-11,CUST1098,Smartphone,Electronics,3,799.38,0.1,2158.33,Chennai,UPI,Corporate
ORD100099,2025-06-11,CUST1099,Watch,Fashion,1,78.21,0.1,70.39,Bengaluru,Debit Card,Consumer
ORD100100,2025-05-24,CUST1100,Blender,Home Appliances,3,151.67,0.0,455.01,Bengaluru,Credit Card,Consumer
ORD100101,2025-04-19,CUST1101,Smartphone,Electronics,3,854.16,0.1,2306.23,Salem,UPI,Consumer
ORD100102,2025-08-21,CUST1102,Watch,Fashion,4,140.92,0.1,507.31,Hyderabad,Debit Card,Consumer
ORD100103,2025-04-21,CUST1103,Book,Books,4,28.59,0.1,102.92,Mumbai,Net Banking,Consumer
ORD100104,2025-08-20,CUST1104,Keyboard,Electronics,3,53.79,0.0,161.37,Delhi,UPI,Consumer
ORD100105,2025-08-26,CUST1105,Book,Books,1,17.08,0.05,16.23,Coimbatore,Debit Card,Corporate
ORD100106,2025-07-16,CUST1106,Notebook,Stationery,2,13.93,0.15,23.68,Kochi,Cash,Corporate
ORD100107,2025-09-30,CUST1107,Notebook,Stationery,2,5.78,0.1,10.4,Delhi,Credit Card,Consumer
ORD100108,2025-03-27,CUST1108,Shoes,Fashion,5,100.5,0.1,452.25,Salem,UPI,Consumer
ORD100109,2025-10-22,CUST1109,Book,Books,5,36.15,0.05,171.71,Madurai,Net Banking,Home Office
ORD100110,2025-02-10,CUST1110,Backpack,Accessories,2,90.77,0.05,172.46,Mumbai,UPI,Corporate
ORD100111,2025-02-17,CUST1111,Blender,Home Appliances,3,39.33,0.1,106.19,Pune,Credit Card,Consumer
ORD100112,2025-03-18,CUST1112,T-Shirt,Fashion,3,17.37,0.0,52.11,Hyderabad,Credit Card,Consumer
ORD100113,2025-06-27,CUST1113,Book,Books,4,5.27,0.1,18.97,Delhi,Debit Card,Consumer
ORD100114,2025-09-14,CUST1114,Shoes,Fashion,4,124.64,0.2,398.85,Delhi,Net Banking,Consumer
ORD100115,2025-04-27,CUST1115,Office Chair,Furniture,5,223.26,0.1,1004.67,Hyderabad,Debit Card,Home Office
ORD100116,2025-01-19,CUST1116,Air Fryer,Home Appliances,2,85.51,0.0,171.02,Delhi,Net Banking,Consumer
ORD100117,2025-02-28,CUST1117,Smartphone,Electronics,3,1160.04,0.0,3480.12,Kochi,UPI,Corporate
ORD100118,2025-07-15,CUST1118,Notebook,Stationery,2,8.89,0.1,16.0,Mumbai,UPI,Consumer
ORD100119,2025-04-17,CUST1119,Office Chair,Furniture,1,157.41,0.15,133.8,Chennai,Debit Card,Home Office
ORD100120,2025-10-11,CUST1120,Shoes,Fashion,2,105.09,0.05,199.67,Madurai,Cash,Consumer
ORD100121,2025-02-03,CUST1121,Watch,Fashion,1,216.7,0.05,205.86,Hyderabad,Credit Card,Consumer
ORD100122,2025-10-22,CUST1122,T-Shirt,Fashion,4,13.81,0.0,55.24,Hyderabad,Debit Card,Consumer
ORD100123,2025-09-08,CUST1123,Blender,Home Appliances,4,71.21,0.1,256.36,Pune,Debit Card,Consumer
ORD100124,2025-05-06,CUST1124,Blender,Home Appliances,5,151.04,0.1,679.68,Salem,UPI,Consumer
ORD100125,2025-12-05,CUST1125,Blender,Home Appliances,2,98.95,0.2,158.32,Salem,Credit Card,Consumer
ORD100126,2025-04-16,CUST1126,Air Fryer,Home Appliances,2,163.85,0.0,327.7,Delhi,Debit Card,Consumer
ORD100127,2025-06-29,CUST1127,T-Shirt,Fashion,1,31.64,0.1,28.48,Hyderabad,UPI,Consumer
ORD100128,2025-04-20,CUST1128,Air Fryer,Home Appliances,4,68.34,0.05,259.69,Delhi,UPI,Consumer
ORD100129,2025-08-16,CUST1129,Notebook,Stationery,1,4.15,0.05,3.94,Bengaluru,Debit Card,Corporate
ORD100130,2025-05-01,CUST1130,Air Fryer,Home Appliances,4,144.65,0.15,491.81,Pune,Debit Card,Consumer
ORD100131,2025-04-17,CUST1131,Laptop,Electronics,1,748.73,0.0,748.73,Delhi,UPI,Corporate
ORD100132,2025-05-11,CUST1132,T-Shirt,Fashion,4,12.5,0.0,50.0,Bengaluru,Debit Card,Home Office
ORD100133,2025-01-23,CUST1133,Backpack,Accessories,1,104.36,0.1,93.92,Coimbatore,Credit Card,Corporate
ORD100134,2025-05-25,CUST1134,T-Shirt,Fashion,4,59.06,0.05,224.43,Salem,UPI,Consumer
ORD100135,2025-11-23,CUST1135,Shoes,Fashion,1,148.97,0.0,148.97,Mumbai,UPI,Consumer
ORD100136,2025-06-03,CUST1136,Laptop,Electronics,2,1361.1,0.05,2586.09,Salem,Debit Card,Consumer
ORD100137,2025-04-17,CUST1137,Blender,Home Appliances,5,66.3,0.05,314.92,Chennai,Debit Card,Consumer
ORD100138,2025-05-26,CUST1138,Shoes,Fashion,1,174.09,0.15,147.98,Pune,Debit Card,Consumer
ORD100139,2025-09-09,CUST1139,Shoes,Fashion,5,59.54,0.0,297.7,Pune,Credit Card,Consumer
ORD100140,2025-10-29,CUST1140,Notebook,Stationery,2,14.37,0.15,24.43,Hyderabad,UPI,Consumer
ORD100141,2025-03-11,CUST1141,Coffee Maker,Home Appliances,2,248.91,0.0,497.82,Delhi,Cash,Consumer
ORD100142,2025-01-31,CUST1142,Headphones,Electronics,4,185.14,0.0,740.56,Coimbatore,Credit Card,Consumer
ORD100143,2025-04-03,CUST1143,Laptop,Electronics,5,1482.09,0.0,7410.45,Chennai,Credit Card,Consumer
ORD100144,2025-05-17,CUST1144,Shoes,Fashion,3,115.43,0.15,294.35,Delhi,UPI,Consumer
ORD100145,2025-06-12,CUST1145,Headphones,Electronics,4,83.4,0.0,333.6,Chennai,Cash,Consumer
ORD100146,2025-03-22,CUST1146,Headphones,Electronics,5,123.32,0.1,554.94,Hyderabad,UPI,Consumer
ORD100147,2025-11-12,CUST1147,Laptop,Electronics,1,1113.88,0.05,1058.19,Hyderabad,Credit Card,Home Office
ORD100148,2025-03-17,CUST1148,Coffee Maker,Home Appliances,1,55.35,0.2,44.28,Salem,Debit Card,Corporate
ORD100149,2025-03-04,CUST1149,Office Chair,Furniture,2,279.15,0.15,474.55,Madurai,UPI,Consumer
ORD100150,2025-04-10,CUST1150,Watch,Fashion,3,295.11,0.1,796.8,Salem,UPI,Home Office
ORD100151,2025-02-17,CUST1151,Backpack,Accessories,1,39.01,0.15,33.16,Pune,Debit Card,Consumer
ORD100152,2025-03-15,CUST1152,Watch,Fashion,5,246.07,0.1,1107.32,Pune,Cash,Consumer
ORD100153,2025-11-10,CUST1153,T-Shirt,Fashion,5,55.39,0.15,235.41,Coimbatore,Cash,Consumer
ORD100154,2025-07-11,CUST1154,Blender,Home Appliances,1,171.56,0.0,171.56,Mumbai,UPI,Corporate
ORD100155,2025-01-30,CUST1155,Backpack,Accessories,5,116.01,0.0,580.05,Bengaluru,Debit Card,Consumer
ORD100156,2025-06-06,CUST1156,T-Shirt,Fashion,5,36.07,0.1,162.32,Bengaluru,UPI,Consumer
ORD100157,2025-09-23,CUST1157,Shoes,Fashion,2,176.6,0.05,335.54,Delhi,Debit Card,Consumer
ORD100158,2025-09-13,CUST1158,Blender,Home Appliances,3,143.6,0.05,409.26,Hyderabad,Credit Card,Home Office
ORD100159,2025-02-08,CUST1159,Smartphone,Electronics,2,403.59,0.05,766.82,Kochi,Debit Card,Consumer
ORD100160,2025-02-24,CUST1160,Laptop,Electronics,3,1003.06,0.05,2858.72,Hyderabad,UPI,Consumer
ORD100161,2025-01-28,CUST1161,Backpack,Accessories,5,91.83,0.1,413.24,Kochi,Net Banking,Consumer
ORD100162,2025-04-28,CUST1162,Backpack,Accessories,3,44.73,0.0,134.19,Hyderabad,Cash,Corporate
ORD100163,2025-07-28,CUST1163,Book,Books,5,27.42,0.2,109.68,Bengaluru,UPI,Consumer
ORD100164,2025-03-16,CUST1164,Shoes,Fashion,5,129.99,0.15,552.46,Mumbai,Debit Card,Consumer
ORD100165,2025-03-06,CUST1165,Office Chair,Furniture,2,132.06,0.15,224.5,Mumbai,Debit Card,Consumer
ORD100166,2025-12-03,CUST1166,Headphones,Electronics,2,152.14,0.05,289.07,Salem,Cash,Consumer
ORD100167,2025-12-22,CUST1167,Blender,Home Appliances,4,145.74,0.05,553.81,Salem,UPI,Consumer
ORD100168,2025-04-10,CUST1168,Shoes,Fashion,1,104.83,0.2,83.86,Coimbatore,Net Banking,Consumer
ORD100169,2025-02-15,CUST1169,Desk,Furniture,4,106.05,0.15,360.57,Kochi,Credit Card,Home Office
ORD100170,2025-11-12,CUST1170,Coffee Maker,Home Appliances,4,41.9,0.1,150.84,Kochi,Net Banking,Corporate
ORD100171,2025-06-05,CUST1171,Headphones,Electronics,3,105.33,0.05,300.19,Kochi,Credit Card,Home Office
ORD100172,2025-08-28,CUST1172,Laptop,Electronics,5,1429.88,0.05,6791.93,Salem,Credit Card,Corporate
ORD100173,2025-12-19,CUST1173,Headphones,Electronics,5,76.45,0.1,344.02,Hyderabad,UPI,Consumer
ORD100174,2025-09-16,CUST1174,Office Chair,Furniture,5,283.0,0.0,1415.0,Madurai,Credit Card,Corporate
ORD100175,2025-05-16,CUST1175,Notebook,Stationery,1,4.89,0.1,4.4,Salem,Debit Card,Corporate
ORD100176,2025-07-17,CUST1176,Book,Books,3,16.26,0.15,41.46,Bengaluru,Credit Card,Consumer
ORD100177,2025-07-06,CUST1177,Headphones,Electronics,3,215.81,0.1,582.69,Pune,Credit Card,Consumer
ORD100178,2025-04-26,CUST1178,Laptop,Electronics,5,1242.42,0.05,5901.5,Delhi,Cash,Consumer
ORD100179,2025-02-27,CUST1179,Office Chair,Furniture,4,110.53,0.05,420.01,Madurai,Cash,Consumer
ORD100180,2025-03-11,CUST1180,Watch,Fashion,1,151.46,0.2,121.17,Hyderabad,UPI,Consumer
ORD100181,2025-04-03,CUST1181,Backpack,Accessories,4,22.92,0.1,82.51,Hyderabad,UPI,Home Office
ORD100182,2025-08-17,CUST1182,Notebook,Stationery,2,8.25,0.1,14.85,Delhi,Debit Card,Corporate
ORD100183,2025-05-17,CUST1183,Book,Books,3,28.19,0.1,76.11,Kochi,Cash,Consumer
ORD100184,2025-04-15,CUST1184,Backpack,Accessories,3,31.85,0.1,86.0,Bengaluru,Net Banking,Consumer
ORD100185,2025-11-01,CUST1185,Coffee Maker,Home Appliances,4,100.67,0.1,362.41,Kochi,UPI,Consumer
ORD100186,2025-12-05,CUST1186,T-Shirt,Fashion,1,29.89,0.05,28.4,Kochi,UPI,Consumer
ORD100187,2025-01-17,CUST1187,Notebook,Stationery,3,13.95,0.05,39.76,Pune,Cash,Consumer
ORD100188,2025-02-23,CUST1188,Notebook,Stationery,4,14.91,0.05,56.66,Pune,Cash,Corporate
ORD100189,2025-04-22,CUST1189,Watch,Fashion,1,51.68,0.0,51.68,Mumbai,Debit Card,Home Office
ORD100190,2025-06-21,CUST1190,Watch,Fashion,4,237.86,0.0,951.44,Chennai,Cash,Consumer
ORD100191,2025-11-01,CUST1191,Blender,Home Appliances,1,85.76,0.0,85.76,Chennai,Credit Card,Consumer
ORD100192,2025-05-24,CUST1192,Air Fryer,Home Appliances,5,134.57,0.15,571.92,Salem,Net Banking,Consumer
ORD100193,2025-03-26,CUST1193,Headphones,Electronics,1,194.71,0.0,194.71,Kochi,Credit Card,Consumer
ORD100194,2025-01-12,CUST1194,Notebook,Stationery,2,13.94,0.0,27.88,Delhi,Credit Card,Consumer
ORD100195,2025-09-09,CUST1195,Backpack,Accessories,5,115.09,0.0,575.45,Kochi,Credit Card,Home Office
ORD100196,2025-08-04,CUST1196,Laptop,Electronics,4,1098.27,0.1,3953.77,Bengaluru,UPI,Home Office
ORD100197,2025-05-06,CUST1197,Keyboard,Electronics,5,66.43,0.0,332.15,Coimbatore,Credit Card,Home Office
ORD100198,2025-04-08,CUST1198,Air Fryer,Home Appliances,5,209.63,0.05,995.74,Delhi,UPI,Home Office
ORD100199,2025-10-31,CUST1199,Keyboard,Electronics,4,52.63,0.0,210.52,Chennai,Cash,Home Office
ORD100200,2025-01-28,CUST1200,Book,Books,4,24.74,0.15,84.12,Madurai,Net Banking,Home Office
ORD100201,2025-12-02,CUST1201,Office Chair,Furniture,2,194.75,0.2,311.6,Mumbai,Net Banking,Corporate
ORD100202,2025-09-23,CUST1202,Backpack,Accessories,4,85.66,0.2,274.11,Mumbai,Credit Card,Consumer
ORD100203,2025-02-21,CUST1203,Backpack,Accessories,3,44.04,0.05,125.51,Salem,Net Banking,Consumer
ORD100204,2025-05-23,CUST1204,Air Fryer,Home Appliances,3,96.4,0.1,260.28,Kochi,UPI,Consumer
ORD100205,2025-05-12,CUST1205,Notebook,Stationery,2,13.94,0.05,26.49,Delhi,Cash,Consumer
ORD100206,2025-12-12,CUST1206,Coffee Maker,Home Appliances,1,61.38,0.05,58.31,Bengaluru,Credit Card,Corporate
ORD100207,2025-07-26,CUST1207,Air Fryer,Home Appliances,1,156.13,0.05,148.32,Madurai,Debit Card,Consumer
ORD100208,2025-03-03,CUST1208,Keyboard,Electronics,3,48.71,0.0,146.13,Salem,Net Banking,Consumer
ORD100209,2025-12-29,CUST1209,Air Fryer,Home Appliances,4,67.4,0.1,242.64,Hyderabad,Net Banking,Consumer
ORD100210,2025-05-12,CUST1210,Backpack,Accessories,2,23.6,0.0,47.2,Salem,Credit Card,Consumer
ORD100211,2025-02-10,CUST1211,Coffee Maker,Home Appliances,1,76.8,0.05,72.96,Hyderabad,Net Banking,Consumer
ORD100212,2025-07-20,CUST1212,Headphones,Electronics,1,220.02,0.05,209.02,Chennai,Net Banking,Consumer
ORD100213,2025-04-09,CUST1213,Desk,Furniture,5,241.24,0.05,1145.89,Bengaluru,Debit Card,Consumer
ORD100214,2025-11-07,CUST1214,Blender,Home Appliances,3,172.57,0.15,440.05,Hyderabad,UPI,Consumer
ORD100215,2025-10-11,CUST1215,Smartphone,Electronics,4,802.54,0.1,2889.14,Pune,Credit Card,Consumer
ORD100216,2025-12-23,CUST1216,Watch,Fashion,2,153.52,0.1,276.34,Bengaluru,Credit Card,Consumer
ORD100217,2025-02-16,CUST1217,Air Fryer,Home Appliances,1,170.22,0.05,161.71,Kochi,Debit Card,Corporate
ORD100218,2025-05-17,CUST1218,Book,Books,5,23.08,0.0,115.4,Kochi,Debit Card,Consumer
ORD100219,2025-05-10,CUST1219,T-Shirt,Fashion,3,47.94,0.05,136.63,Salem,UPI,Consumer
ORD100220,2025-07-14,CUST1220,Office Chair,Furniture,3,170.4,0.2,408.96,Chennai,Cash,Consumer
ORD100221,2025-04-27,CUST1221,Desk,Furniture,2,276.53,0.2,442.45,Hyderabad,Credit Card,Consumer
ORD100222,2025-12-30,CUST1222,Blender,Home Appliances,1,164.11,0.1,147.7,Kochi,Net Banking,Consumer
ORD100223,2025-03-10,CUST1223,Blender,Home Appliances,2,171.97,0.0,343.94,Coimbatore,UPI,Home Office
ORD100224,2025-01-28,CUST1224,Blender,Home Appliances,2,163.88,0.0,327.76,Coimbatore,Credit Card,Consumer
ORD100225,2025-12-01,CUST1225,Blender,Home Appliances,5,92.92,0.05,441.37,Hyderabad,UPI,Consumer
ORD100226,2025-01-14,CUST1226,Keyboard,Electronics,3,121.45,0.15,309.7,Chennai,Cash,Home Office
ORD100227,2025-02-15,CUST1227,Book,Books,4,21.67,0.1,78.01,Coimbatore,Credit Card,Home Office
ORD100228,2025-01-16,CUST1228,Book,Books,3,22.41,0.15,57.15,Kochi,Net Banking,Consumer
ORD100229,2025-07-28,CUST1229,Coffee Maker,Home Appliances,3,82.98,0.1,224.05,Chennai,Credit Card,Corporate
ORD100230,2025-06-07,CUST1230,Watch,Fashion,5,193.69,0.0,968.45,Hyderabad,UPI,Corporate
ORD100231,2025-12-03,CUST1231,Backpack,Accessories,4,38.61,0.0,154.44,Bengaluru,Cash,Consumer
ORD100232,2025-08-15,CUST1232,Blender,Home Appliances,1,79.73,0.0,79.73,Chennai,UPI,Corporate
ORD100233,2025-08-29,CUST1233,T-Shirt,Fashion,4,52.75,0.05,200.45,Kochi,UPI,Consumer
ORD100234,2025-02-27,CUST1234,Backpack,Accessories,1,40.71,0.0,40.71,Bengaluru,Debit Card,Consumer
ORD100235,2025-10-31,CUST1235,Book,Books,4,7.49,0.1,26.96,Madurai,UPI,Corporate
ORD100236,2025-11-01,CUST1236,Laptop,Electronics,2,615.56,0.1,1108.01,Salem,Cash,Consumer
ORD100237,2025-12-11,CUST1237,Laptop,Electronics,4,1443.75,0.0,5775.0,Mumbai,Net Banking,Home Office
ORD100238,2025-05-10,CUST1238,T-Shirt,Fashion,5,35.35,0.0,176.75,Madurai,Debit Card,Corporate
ORD100239,2025-08-05,CUST1239,Coffee Maker,Home Appliances,1,125.98,0.0,125.98,Bengaluru,UPI,Home Office
ORD100240,2025-01-14,CUST1240,Book,Books,3,33.38,0.1,90.13,Mumbai,Credit Card,Consumer
ORD100241,2025-12-25,CUST1241,T-Shirt,Fashion,5,51.79,0.05,246.0,Salem,Debit Card,Consumer
ORD100242,2025-08-31,CUST1242,Keyboard,Electronics,1,63.18,0.0,63.18,Delhi,Cash,Corporate
ORD100243,2025-05-25,CUST1243,Air Fryer,Home Appliances,1,191.79,0.15,163.02,Madurai,Credit Card,Consumer
ORD100244,2025-11-22,CUST1244,T-Shirt,Fashion,3,48.56,0.05,138.4,Kochi,Cash,Consumer
ORD100245,2025-04-13,CUST1245,Headphones,Electronics,2,172.3,0.05,327.37,Chennai,Credit Card,Corporate
ORD100246,2025-08-05,CUST1246,Backpack,Accessories,5,35.16,0.1,158.22,Chennai,Net Banking,Consumer
ORD100247,2025-12-24,CUST1247,Desk,Furniture,3,537.94,0.15,1371.75,Mumbai,Cash,Consumer
ORD100248,2025-03-05,CUST1248,Shoes,Fashion,3,110.86,0.1,299.32,Mumbai,Credit Card,Consumer
ORD100249,2025-06-07,CUST1249,Coffee Maker,Home Appliances,2,99.32,0.05,188.71,Mumbai,Cash,Consumer
ORD100250,2025-06-11,CUST1250,T-Shirt,Fashion,5,31.26,0.05,148.49,Hyderabad,Debit Card,Consumer
ORD100251,2025-01-18,CUST1251,Book,Books,3,6.31,0.1,17.04,Kochi,Cash,Consumer
ORD100252,2025-08-04,CUST1252,Office Chair,Furniture,2,120.92,0.05,229.75,Mumbai,Cash,Consumer
ORD100253,2025-11-15,CUST1253,Laptop,Electronics,5,1277.27,0.1,5747.72,Coimbatore,Credit Card,Corporate
ORD100254,2025-02-18,CUST1254,Headphones,Electronics,4,25.0,0.15,85.0,Salem,Cash,Consumer
ORD100255,2025-02-25,CUST1255,Watch,Fashion,1,148.31,0.15,126.06,Mumbai,Net Banking,Consumer
ORD100256,2025-12-13,CUST1256,Blender,Home Appliances,2,108.38,0.0,216.76,Coimbatore,UPI,Consumer
ORD100257,2025-02-27,CUST1257,Shoes,Fashion,1,38.2,0.0,38.2,Hyderabad,Debit Card,Consumer
ORD100258,2025-06-04,CUST1258,Notebook,Stationery,4,14.65,0.0,58.6,Coimbatore,Credit Card,Home Office
ORD100259,2025-02-24,CUST1259,Coffee Maker,Home Appliances,3,87.49,0.1,236.22,Delhi,Cash,Consumer
ORD100260,2025-12-07,CUST1260,Desk,Furniture,3,252.1,0.05,718.48,Delhi,Cash,Consumer
ORD100261,2025-01-19,CUST1261,Shoes,Fashion,5,75.59,0.0,377.95,Coimbatore,Cash,Consumer
ORD100262,2025-05-31,CUST1262,T-Shirt,Fashion,2,21.52,0.0,43.04,Kochi,Debit Card,Consumer
ORD100263,2025-12-25,CUST1263,Keyboard,Electronics,2,20.19,0.0,40.38,Hyderabad,UPI,Home Office
ORD100264,2025-04-18,CUST1264,Laptop,Electronics,5,1242.88,0.0,6214.4,Chennai,Net Banking,Corporate
ORD100265,2025-02-16,CUST1265,Book,Books,1,38.84,0.0,38.84,Coimbatore,Net Banking,Consumer
ORD100266,2025-07-26,CUST1266,Laptop,Electronics,3,763.08,0.1,2060.32,Bengaluru,Credit Card,Home Office
ORD100267,2025-12-29,CUST1267,Watch,Fashion,3,212.39,0.0,637.17,Pune,UPI,Consumer
ORD100268,2025-12-06,CUST1268,Keyboard,Electronics,2,116.45,0.0,232.9,Salem,UPI,Corporate
ORD100269,2025-05-08,CUST1269,Blender,Home Appliances,2,157.26,0.15,267.34,Salem,Debit Card,Consumer
ORD100270,2025-07-04,CUST1270,Book,Books,5,19.79,0.15,84.11,Kochi,Cash,Consumer
ORD100271,2025-02-27,CUST1271,Backpack,Accessories,4,50.29,0.0,201.16,Mumbai,UPI,Consumer
ORD100272,2025-05-23,CUST1272,Smartphone,Electronics,1,559.03,0.0,559.03,Pune,Cash,Home Office
ORD100273,2025-04-07,CUST1273,Headphones,Electronics,4,185.34,0.1,667.22,Chennai,Debit Card,Corporate
ORD100274,2025-02-16,CUST1274,Laptop,Electronics,4,1325.94,0.05,5038.57,Hyderabad,Credit Card,Consumer
ORD100275,2025-07-10,CUST1275,Office Chair,Furniture,2,138.12,0.0,276.24,Delhi,Credit Card,Consumer
ORD100276,2025-05-20,CUST1276,Laptop,Electronics,2,902.39,0.0,1804.78,Mumbai,Cash,Corporate
ORD100277,2025-04-13,CUST1277,Shoes,Fashion,2,165.29,0.0,330.58,Delhi,Cash,Consumer
ORD100278,2025-08-19,CUST1278,Laptop,Electronics,4,1316.36,0.05,5002.17,Chennai,UPI,Consumer
ORD100279,2025-12-06,CUST1279,Coffee Maker,Home Appliances,1,246.82,0.15,209.8,Pune,Debit Card,Consumer
ORD100280,2025-02-18,CUST1280,Laptop,Electronics,2,1266.54,0.1,2279.77,Kochi,Credit Card,Consumer
ORD100281,2025-04-22,CUST1281,Smartphone,Electronics,3,623.54,0.05,1777.09,Madurai,UPI,Consumer
ORD100282,2025-11-12,CUST1282,Smartphone,Electronics,1,811.11,0.05,770.55,Delhi,Net Banking,Consumer
ORD100283,2025-11-18,CUST1283,Blender,Home Appliances,3,129.15,0.1,348.71,Pune,UPI,Consumer
ORD100284,2025-03-28,CUST1284,Desk,Furniture,1,139.23,0.05,132.27,Coimbatore,Cash,Consumer
ORD100285,2025-10-09,CUST1285,Backpack,Accessories,2,74.45,0.0,148.9,Madurai,Net Banking,Home Office
ORD100286,2025-11-23,CUST1286,Office Chair,Furniture,5,306.98,0.1,1381.41,Delhi,UPI,Corporate
ORD100287,2025-09-09,CUST1287,Laptop,Electronics,2,708.96,0.15,1205.23,Hyderabad,Debit Card,Consumer
ORD100288,2025-03-15,CUST1288,Laptop,Electronics,4,1291.6,0.05,4908.08,Salem,Credit Card,Consumer
ORD100289,2025-02-16,CUST1289,Headphones,Electronics,4,156.35,0.15,531.59,Madurai,Net Banking,Consumer
ORD100290,2025-03-17,CUST1290,Book,Books,1,38.33,0.05,36.41,Coimbatore,Debit Card,Consumer
ORD100291,2025-04-06,CUST1291,Smartphone,Electronics,4,290.3,0.05,1103.14,Chennai,UPI,Corporate
ORD100292,2025-01-31,CUST1292,Office Chair,Furniture,2,164.9,0.0,329.8,Bengaluru,Cash,Consumer
ORD100293,2025-01-22,CUST1293,Blender,Home Appliances,3,120.23,0.1,324.62,Coimbatore,Cash,Consumer
ORD100294,2025-01-17,CUST1294,Watch,Fashion,2,117.11,0.15,199.09,Chennai,Debit Card,Home Office
ORD100295,2025-07-31,CUST1295,Desk,Furniture,1,457.21,0.1,411.49,Chennai,Cash,Consumer
ORD100296,2025-05-28,CUST1296,Backpack,Accessories,4,95.9,0.0,383.6,Pune,Credit Card,Home Office
ORD100297,2025-08-23,CUST1297,Keyboard,Electronics,3,33.33,0.0,99.99,Salem,Debit Card,Home Office
ORD100298,2025-12-20,CUST1298,Backpack,Accessories,5,71.39,0.05,339.1,Delhi,Debit Card,Consumer
ORD100299,2025-11-01,CUST1299,Coffee Maker,Home Appliances,3,146.87,0.05,418.58,Madurai,Cash,Home Office
ORD100300,2025-03-28,CUST1300,Shoes,Fashion,3,85.39,0.05,243.36,Mumbai,Debit Card,Consumer
ORD100301,2025-02-07,CUST1301,Coffee Maker,Home Appliances,2,235.91,0.2,377.46,Madurai,UPI,Home Office
ORD100302,2025-02-22,CUST1302,Laptop,Electronics,5,1336.13,0.1,6012.59,Salem,Net Banking,Consumer
ORD100303,2025-01-28,CUST1303,Notebook,Stationery,1,11.06,0.05,10.51,Madurai,Net Banking,Corporate
ORD100304,2025-03-18,CUST1304,Desk,Furniture,1,457.16,0.0,457.16,Chennai,Cash,Corporate
ORD100305,2025-07-19,CUST1305,Shoes,Fashion,3,99.26,0.0,297.78,Madurai,Credit Card,Consumer
ORD100306,2025-06-22,CUST1306,Office Chair,Furniture,3,374.72,0.1,1011.74,Bengaluru,Credit Card,Consumer
ORD100307,2025-10-01,CUST1307,Keyboard,Electronics,4,110.3,0.15,375.02,Bengaluru,Cash,Home Office
ORD100308,2025-02-19,CUST1308,Smartphone,Electronics,5,942.53,0.1,4241.38,Madurai,Cash,Home Office
ORD100309,2025-12-11,CUST1309,Desk,Furniture,3,530.85,0.05,1512.92,Pune,Debit Card,Corporate
ORD100310,2025-06-26,CUST1310,Desk,Furniture,4,237.04,0.0,948.16,Kochi,Credit Card,Corporate
ORD100311,2025-10-28,CUST1311,Coffee Maker,Home Appliances,5,209.48,0.2,837.92,Pune,Net Banking,Consumer
ORD100312,2025-08-15,CUST1312,Notebook,Stationery,1,4.54,0.2,3.63,Madurai,Cash,Corporate
ORD100313,2025-05-07,CUST1313,Laptop,Electronics,4,878.07,0.05,3336.67,Kochi,Net Banking,Consumer
ORD100314,2025-12-15,CUST1314,T-Shirt,Fashion,5,26.78,0.0,133.9,Hyderabad,Net Banking,Corporate
ORD100315,2025-01-21,CUST1315,Blender,Home Appliances,4,176.78,0.05,671.76,Chennai,Credit Card,Corporate
ORD100316,2025-07-18,CUST1316,Coffee Maker,Home Appliances,3,219.87,0.15,560.67,Mumbai,Net Banking,Consumer
ORD100317,2025-07-08,CUST1317,Desk,Furniture,2,450.58,0.1,811.04,Chennai,Debit Card,Consumer
ORD100318,2025-11-28,CUST1318,Air Fryer,Home Appliances,1,198.14,0.1,178.33,Hyderabad,Debit Card,Consumer
ORD100319,2025-06-01,CUST1319,Headphones,Electronics,3,151.47,0.0,454.41,Chennai,Credit Card,Consumer
ORD100320,2025-06-09,CUST1320,Keyboard,Electronics,3,143.12,0.0,429.36,Mumbai,Debit Card,Consumer
ORD100321,2025-12-13,CUST1321,Blender,Home Appliances,5,104.44,0.0,522.2,Delhi,Cash,Consumer
ORD100322,2025-04-06,CUST1322,Coffee Maker,Home Appliances,4,119.91,0.15,407.69,Coimbatore,Credit Card,Consumer
ORD100323,2025-12-18,CUST1323,Keyboard,Electronics,1,41.19,0.05,39.13,Kochi,Net Banking,Consumer
ORD100324,2025-03-16,CUST1324,Headphones,Electronics,3,201.9,0.1,545.13,Chennai,Cash,Consumer
ORD100325,2025-03-23,CUST1325,Watch,Fashion,5,230.96,0.0,1154.8,Mumbai,Credit Card,Consumer
ORD100326,2025-05-08,CUST1326,Headphones,Electronics,1,111.48,0.15,94.76,Kochi,Net Banking,Consumer
ORD100327,2025-12-25,CUST1327,Notebook,Stationery,4,2.33,0.15,7.92,Mumbai,Net Banking,Corporate
ORD100328,2025-05-13,CUST1328,Headphones,Electronics,3,213.77,0.0,641.31,Bengaluru,Net Banking,Consumer
ORD100329,2025-05-19,CUST1329,Keyboard,Electronics,3,21.48,0.15,54.77,Delhi,Net Banking,Consumer
ORD100330,2025-09-03,CUST1330,Backpack,Accessories,3,90.37,0.0,271.11,Coimbatore,Net Banking,Home Office
ORD100331,2025-10-18,CUST1331,Keyboard,Electronics,1,146.13,0.0,146.13,Coimbatore,Credit Card,Consumer
ORD100332,2025-04-22,CUST1332,T-Shirt,Fashion,1,31.88,0.0,31.88,Kochi,Debit Card,Corporate
ORD100333,2025-07-22,CUST1333,Laptop,Electronics,1,773.22,0.15,657.24,Pune,Net Banking,Home Office
ORD100334,2025-06-19,CUST1334,Shoes,Fashion,1,135.73,0.15,115.37,Salem,Cash,Consumer
ORD100335,2025-03-28,CUST1335,Backpack,Accessories,5,101.71,0.0,508.55,Salem,Credit Card,Consumer
ORD100336,2025-04-29,CUST1336,Smartphone,Electronics,2,769.11,0.1,1384.4,Bengaluru,UPI,Consumer
ORD100337,2025-04-08,CUST1337,Shoes,Fashion,5,175.06,0.1,787.77,Kochi,Debit Card,Consumer
ORD100338,2025-08-28,CUST1338,Laptop,Electronics,3,599.09,0.15,1527.68,Kochi,Cash,Consumer
ORD100339,2025-12-03,CUST1339,Coffee Maker,Home Appliances,5,146.01,0.0,730.05,Coimbatore,Net Banking,Consumer
ORD100340,2025-05-18,CUST1340,Blender,Home Appliances,4,137.77,0.05,523.53,Salem,Credit Card,Consumer
ORD100341,2025-03-23,CUST1341,T-Shirt,Fashion,1,53.13,0.1,47.82,Pune,Credit Card,Corporate
ORD100342,2025-08-24,CUST1342,T-Shirt,Fashion,4,18.96,0.0,75.84,Chennai,Net Banking,Consumer
ORD100343,2025-05-16,CUST1343,Smartphone,Electronics,4,1010.0,0.05,3838.0,Chennai,Cash,Corporate
ORD100344,2025-10-09,CUST1344,Backpack,Accessories,3,75.27,0.1,203.23,Chennai,Credit Card,Corporate
ORD100345,2025-01-03,CUST1345,Notebook,Stationery,1,7.16,0.0,7.16,Mumbai,Debit Card,Consumer
ORD100346,2025-02-28,CUST1346,Book,Books,4,9.61,0.2,30.75,Pune,Cash,Consumer
ORD100347,2025-04-26,CUST1347,Watch,Fashion,3,264.98,0.0,794.94,Hyderabad,Net Banking,Consumer
ORD100348,2025-05-11,CUST1348,Headphones,Electronics,1,60.39,0.2,48.31,Hyderabad,Cash,Corporate
ORD100349,2025-07-20,CUST1349,Backpack,Accessories,2,50.98,0.0,101.96,Madurai,Cash,Consumer
ORD100350,2025-10-19,CUST1350,Blender,Home Appliances,3,73.51,0.0,220.53,Salem,UPI,Corporate
ORD100351,2025-12-08,CUST1351,Watch,Fashion,5,266.57,0.0,1332.85,Madurai,Net Banking,Corporate
ORD100352,2025-04-08,CUST1352,T-Shirt,Fashion,1,43.64,0.1,39.28,Pune,Debit Card,Corporate
ORD100353,2025-08-04,CUST1353,Keyboard,Electronics,4,123.57,0.1,444.85,Salem,Net Banking,Consumer
ORD100354,2025-05-04,CUST1354,Blender,Home Appliances,4,67.57,0.0,270.28,Hyderabad,UPI,Consumer
ORD100355,2025-03-14,CUST1355,Laptop,Electronics,5,1143.63,0.0,5718.15,Kochi,Net Banking,Consumer
ORD100356,2025-05-10,CUST1356,Smartphone,Electronics,5,793.16,0.1,3569.22,Salem,Net Banking,Consumer
ORD100357,2025-01-27,CUST1357,Laptop,Electronics,4,1341.19,0.05,5096.52,Bengaluru,Debit Card,Consumer
ORD100358,2025-06-14,CUST1358,Book,Books,1,36.71,0.1,33.04,Bengaluru,UPI,Corporate
ORD100359,2025-03-09,CUST1359,Blender,Home Appliances,3,31.82,0.0,95.46,Pune,Net Banking,Home Office
ORD100360,2025-01-14,CUST1360,Office Chair,Furniture,5,295.69,0.1,1330.6,Madurai,Net Banking,Consumer
ORD100361,2025-04-08,CUST1361,Office Chair,Furniture,5,96.59,0.1,434.66,Hyderabad,Credit Card,Consumer
ORD100362,2025-10-06,CUST1362,Coffee Maker,Home Appliances,5,155.26,0.2,621.04,Hyderabad,Net Banking,Consumer
ORD100363,2025-09-04,CUST1363,Backpack,Accessories,2,48.76,0.1,87.77,Coimbatore,Debit Card,Corporate
ORD100364,2025-04-22,CUST1364,T-Shirt,Fashion,1,25.34,0.0,25.34,Coimbatore,Credit Card,Consumer
ORD100365,2025-07-26,CUST1365,T-Shirt,Fashion,1,27.65,0.0,27.65,Bengaluru,UPI,Consumer
ORD100366,2025-12-18,CUST1366,Headphones,Electronics,1,164.79,0.1,148.31,Pune,Cash,Consumer
ORD100367,2025-11-30,CUST1367,Headphones,Electronics,1,100.16,0.05,95.15,Madurai,Debit Card,Corporate
ORD100368,2025-08-21,CUST1368,Headphones,Electronics,1,189.86,0.15,161.38,Hyderabad,UPI,Consumer
ORD100369,2025-03-02,CUST1369,Keyboard,Electronics,4,72.59,0.1,261.32,Chennai,Credit Card,Consumer
ORD100370,2025-03-26,CUST1370,Shoes,Fashion,5,40.25,0.05,191.19,Delhi,Cash,Consumer
ORD100371,2025-07-02,CUST1371,Desk,Furniture,4,491.88,0.05,1869.14,Delhi,UPI,Consumer
ORD100372,2025-08-27,CUST1372,Shoes,Fashion,2,72.86,0.05,138.43,Madurai,Debit Card,Consumer
ORD100373,2025-09-07,CUST1373,Laptop,Electronics,3,961.13,0.0,2883.39,Hyderabad,Credit Card,Home Office
ORD100374,2025-03-12,CUST1374,Shoes,Fashion,5,132.82,0.0,664.1,Kochi,Debit Card,Home Office
ORD100375,2025-08-16,CUST1375,Keyboard,Electronics,2,63.22,0.05,120.12,Bengaluru,Debit Card,Consumer
ORD100376,2025-03-26,CUST1376,Coffee Maker,Home Appliances,4,51.88,0.0,207.52,Chennai,Credit Card,Corporate
ORD100377,2025-11-02,CUST1377,Laptop,Electronics,3,905.22,0.0,2715.66,Madurai,Net Banking,Consumer
ORD100378,2025-09-28,CUST1378,Shoes,Fashion,2,171.67,0.0,343.34,Delhi,Debit Card,Home Office
ORD100379,2025-10-17,CUST1379,Keyboard,Electronics,3,103.43,0.0,310.29,Kochi,Credit Card,Home Office
ORD100380,2025-08-24,CUST1380,Desk,Furniture,2,435.74,0.0,871.48,Salem,Debit Card,Consumer
ORD100381,2025-10-18,CUST1381,Shoes,Fashion,4,124.84,0.1,449.42,Madurai,Net Banking,Consumer
ORD100382,2025-02-08,CUST1382,Keyboard,Electronics,3,45.87,0.05,130.73,Coimbatore,Credit Card,Consumer
ORD100383,2025-07-25,CUST1383,Book,Books,2,19.64,0.05,37.32,Coimbatore,UPI,Corporate
ORD100384,2025-07-02,CUST1384,Headphones,Electronics,4,193.96,0.1,698.26,Mumbai,UPI,Home Office
ORD100385,2025-07-06,CUST1385,Book,Books,5,8.55,0.2,34.2,Madurai,UPI,Consumer
ORD100386,2025-05-13,CUST1386,T-Shirt,Fashion,4,23.89,0.0,95.56,Pune,Cash,Corporate
ORD100387,2025-01-30,CUST1387,Headphones,Electronics,4,87.17,0.05,331.25,Pune,Debit Card,Corporate
ORD100388,2025-09-12,CUST1388,T-Shirt,Fashion,5,31.6,0.0,158.0,Chennai,Debit Card,Consumer
ORD100389,2025-05-23,CUST1389,Air Fryer,Home Appliances,4,246.27,0.05,935.83,Bengaluru,Credit Card,Consumer
ORD100390,2025-04-13,CUST1390,Smartphone,Electronics,5,314.13,0.15,1335.05,Hyderabad,Cash,Consumer
ORD100391,2025-03-15,CUST1391,Book,Books,5,23.15,0.1,104.18,Chennai,Debit Card,Corporate
ORD100392,2025-02-24,CUST1392,Smartphone,Electronics,5,420.4,0.1,1891.8,Salem,Credit Card,Consumer
ORD100393,2025-08-24,CUST1393,Smartphone,Electronics,2,1172.14,0.05,2227.07,Madurai,Net Banking,Home Office
ORD100394,2025-03-01,CUST1394,Desk,Furniture,3,156.65,0.1,422.96,Mumbai,Debit Card,Home Office
ORD100395,2025-01-24,CUST1395,Headphones,Electronics,2,115.81,0.0,231.62,Pune,Debit Card,Consumer
ORD100396,2025-01-22,CUST1396,Air Fryer,Home Appliances,5,200.2,0.05,950.95,Madurai,Net Banking,Consumer
ORD100397,2025-02-01,CUST1397,T-Shirt,Fashion,3,45.23,0.05,128.91,Mumbai,Net Banking,Corporate
ORD100398,2025-12-17,CUST1398,Keyboard,Electronics,3,74.95,0.0,224.85,Delhi,Debit Card,Corporate
ORD100399,2025-12-05,CUST1399,Laptop,Electronics,5,879.2,0.0,4396.0,Hyderabad,Net Banking,Corporate
ORD100400,2025-01-03,CUST1400,Keyboard,Electronics,3,71.69,0.15,182.81,Kochi,Credit Card,Consumer
ORD100401,2025-03-11,CUST1401,Laptop,Electronics,3,801.06,0.0,2403.18,Coimbatore,Debit Card,Corporate
ORD100402,2025-06-09,CUST1402,Book,Books,2,12.19,0.0,24.38,Coimbatore,Debit Card,Consumer
ORD100403,2025-03-29,CUST1403,Office Chair,Furniture,3,234.57,0.05,668.52,Mumbai,UPI,Consumer
ORD100404,2025-12-31,CUST1404,Keyboard,Electronics,5,54.91,0.0,274.55,Salem,Debit Card,Consumer
ORD100405,2025-02-28,CUST1405,Shoes,Fashion,1,73.12,0.1,65.81,Madurai,UPI,Home Office
ORD100406,2025-09-09,CUST1406,Shoes,Fashion,1,128.51,0.1,115.66,Chennai,Net Banking,Consumer
ORD100407,2025-08-07,CUST1407,Backpack,Accessories,1,116.85,0.1,105.16,Bengaluru,Net Banking,Home Office
ORD100408,2025-07-20,CUST1408,Headphones,Electronics,5,160.82,0.0,804.1,Kochi,Credit Card,Corporate
ORD100409,2025-03-18,CUST1409,Laptop,Electronics,1,623.13,0.1,560.82,Mumbai,UPI,Consumer
ORD100410,2025-09-12,CUST1410,Laptop,Electronics,2,621.8,0.15,1057.06,Bengaluru,Debit Card,Consumer
ORD100411,2025-09-04,CUST1411,Blender,Home Appliances,5,172.71,0.0,863.55,Delhi,UPI,Consumer
ORD100412,2025-09-27,CUST1412,Coffee Maker,Home Appliances,5,102.43,0.0,512.15,Delhi,Net Banking,Consumer
ORD100413,2025-11-03,CUST1413,Headphones,Electronics,5,45.72,0.15,194.31,Mumbai,Net Banking,Consumer
ORD100414,2025-05-19,CUST1414,Desk,Furniture,3,399.52,0.0,1198.56,Mumbai,Credit Card,Consumer
ORD100415,2025-03-19,CUST1415,Backpack,Accessories,3,82.36,0.05,234.73,Delhi,Net Banking,Consumer
ORD100416,2025-03-21,CUST1416,Desk,Furniture,3,424.25,0.0,1272.75,Chennai,UPI,Consumer
ORD100417,2025-01-10,CUST1417,Book,Books,4,14.36,0.0,57.44,Delhi,Debit Card,Consumer
ORD100418,2025-12-02,CUST1418,Book,Books,2,5.53,0.0,11.06,Chennai,Debit Card,Consumer
ORD100419,2025-05-04,CUST1419,Desk,Furniture,5,582.51,0.05,2766.92,Bengaluru,UPI,Home Office
ORD100420,2025-07-05,CUST1420,Desk,Furniture,5,225.45,0.1,1014.52,Chennai,Credit Card,Consumer
ORD100421,2025-02-03,CUST1421,Air Fryer,Home Appliances,3,188.44,0.0,565.32,Coimbatore,Debit Card,Corporate
ORD100422,2025-05-01,CUST1422,Headphones,Electronics,5,183.99,0.15,781.96,Coimbatore,UPI,Consumer
ORD100423,2025-03-21,CUST1423,Desk,Furniture,5,405.0,0.05,1923.75,Madurai,UPI,Consumer
ORD100424,2025-07-25,CUST1424,Shoes,Fashion,1,76.94,0.2,61.55,Hyderabad,Net Banking,Consumer
ORD100425,2025-02-22,CUST1425,Coffee Maker,Home Appliances,5,96.93,0.2,387.72,Mumbai,Net Banking,Corporate
ORD100426,2025-06-05,CUST1426,Coffee Maker,Home Appliances,4,165.51,0.1,595.84,Salem,Credit Card,Consumer
ORD100427,2025-10-01,CUST1427,Smartphone,Electronics,3,1072.79,0.15,2735.61,Pune,Credit Card,Consumer
ORD100428,2025-12-24,CUST1428,Office Chair,Furniture,2,382.95,0.1,689.31,Chennai,Credit Card,Corporate
ORD100429,2025-05-15,CUST1429,Book,Books,2,8.71,0.15,14.81,Salem,UPI,Consumer
ORD100430,2025-04-08,CUST1430,Laptop,Electronics,1,697.09,0.0,697.09,Madurai,UPI,Consumer
ORD100431,2025-08-29,CUST1431,Blender,Home Appliances,2,171.71,0.0,343.42,Hyderabad,Net Banking,Consumer
ORD100432,2025-02-14,CUST1432,Notebook,Stationery,2,11.57,0.1,20.83,Salem,Debit Card,Consumer
ORD100433,2025-07-18,CUST1433,Laptop,Electronics,3,1388.84,0.05,3958.19,Salem,Credit Card,Home Office
ORD100434,2025-10-18,CUST1434,Office Chair,Furniture,3,144.84,0.15,369.34,Coimbatore,Cash,Consumer
ORD100435,2025-04-24,CUST1435,Blender,Home Appliances,4,118.14,0.15,401.68,Kochi,Credit Card,Consumer
ORD100436,2025-10-04,CUST1436,Air Fryer,Home Appliances,1,193.22,0.0,193.22,Hyderabad,Net Banking,Home Office
ORD100437,2025-08-29,CUST1437,Headphones,Electronics,2,178.03,0.15,302.65,Pune,UPI,Home Office
ORD100438,2025-06-05,CUST1438,Keyboard,Electronics,4,73.06,0.0,292.24,Bengaluru,Net Banking,Consumer
ORD100439,2025-12-18,CUST1439,Headphones,Electronics,1,28.46,0.0,28.46,Madurai,Net Banking,Home Office
ORD100440,2025-02-13,CUST1440,Laptop,Electronics,2,1103.78,0.05,2097.18,Mumbai,Net Banking,Consumer
ORD100441,2025-03-21,CUST1441,Laptop,Electronics,2,790.45,0.0,1580.9,Mumbai,Cash,Home Office
ORD100442,2025-11-08,CUST1442,Blender,Home Appliances,3,97.54,0.05,277.99,Bengaluru,Cash,Consumer
ORD100443,2025-05-18,CUST1443,Blender,Home Appliances,5,173.64,0.05,824.79,Madurai,Credit Card,Consumer
ORD100444,2025-05-31,CUST1444,Book,Books,1,18.97,0.0,18.97,Bengaluru,UPI,Consumer
ORD100445,2025-08-30,CUST1445,Air Fryer,Home Appliances,2,219.56,0.1,395.21,Chennai,Net Banking,Home Office
ORD100446,2025-05-23,CUST1446,Book,Books,1,11.6,0.1,10.44,Madurai,Debit Card,Consumer
ORD100447,2025-11-07,CUST1447,Office Chair,Furniture,4,295.19,0.0,1180.76,Madurai,Credit Card,Consumer
ORD100448,2025-10-26,CUST1448,Desk,Furniture,4,588.5,0.0,2354.0,Salem,Credit Card,Consumer
ORD100449,2025-02-19,CUST1449,Headphones,Electronics,5,47.93,0.15,203.7,Hyderabad,Net Banking,Consumer
ORD100450,2025-09-19,CUST1450,Blender,Home Appliances,2,31.25,0.15,53.12,Hyderabad,Credit Card,Corporate
ORD100451,2025-06-10,CUST1451,T-Shirt,Fashion,3,31.68,0.0,95.04,Salem,Net Banking,Corporate
ORD100452,2025-03-03,CUST1452,Office Chair,Furniture,2,109.64,0.0,219.28,Delhi,Credit Card,Corporate
ORD100453,2025-02-24,CUST1453,Shoes,Fashion,1,142.26,0.15,120.92,Madurai,UPI,Consumer
ORD100454,2025-01-31,CUST1454,Air Fryer,Home Appliances,4,233.76,0.1,841.54,Kochi,Credit Card,Consumer
ORD100455,2025-11-26,CUST1455,Laptop,Electronics,1,962.32,0.0,962.32,Salem,Credit Card,Consumer
ORD100456,2025-10-17,CUST1456,Book,Books,5,14.05,0.05,66.74,Bengaluru,Debit Card,Home Office
ORD100457,2025-06-18,CUST1457,Office Chair,Furniture,4,219.01,0.05,832.24,Delhi,UPI,Consumer
ORD100458,2025-09-23,CUST1458,Notebook,Stationery,3,11.4,0.1,30.78,Pune,UPI,Consumer
ORD100459,2025-11-04,CUST1459,Headphones,Electronics,4,27.04,0.0,108.16,Delhi,UPI,Consumer
ORD100460,2025-07-04,CUST1460,Blender,Home Appliances,2,118.42,0.05,225.0,Bengaluru,Credit Card,Consumer
ORD100461,2025-11-30,CUST1461,Laptop,Electronics,2,1132.63,0.0,2265.26,Madurai,Cash,Consumer
ORD100462,2025-01-03,CUST1462,Keyboard,Electronics,4,102.9,0.2,329.28,Hyderabad,Credit Card,Corporate
ORD100463,2025-06-10,CUST1463,Notebook,Stationery,5,5.15,0.1,23.18,Chennai,Net Banking,Consumer
ORD100464,2025-09-17,CUST1464,Air Fryer,Home Appliances,2,195.67,0.1,352.21,Madurai,Debit Card,Consumer
ORD100465,2025-02-17,CUST1465,Office Chair,Furniture,2,109.25,0.1,196.65,Bengaluru,UPI,Consumer
ORD100466,2025-09-11,CUST1466,Backpack,Accessories,3,39.93,0.05,113.8,Delhi,Net Banking,Consumer
ORD100467,2025-03-15,CUST1467,Laptop,Electronics,4,1383.6,0.15,4704.24,Mumbai,Net Banking,Home Office
ORD100468,2025-12-01,CUST1468,Headphones,Electronics,2,191.21,0.0,382.42,Chennai,Cash,Consumer
ORD100469,2025-06-15,CUST1469,Smartphone,Electronics,5,263.06,0.15,1118.0,Coimbatore,UPI,Consumer
ORD100470,2025-09-17,CUST1470,T-Shirt,Fashion,1,22.42,0.0,22.42,Madurai,Credit Card,Home Office
ORD100471,2025-01-04,CUST1471,Watch,Fashion,4,95.75,0.0,383.0,Bengaluru,UPI,Consumer
ORD100472,2025-04-29,CUST1472,Notebook,Stationery,3,5.52,0.05,15.73,Pune,Debit Card,Consumer
ORD100473,2025-09-30,CUST1473,Desk,Furniture,2,223.78,0.1,402.8,Madurai,UPI,Consumer
ORD100474,2025-08-14,CUST1474,Watch,Fashion,5,56.26,0.15,239.1,Madurai,Net Banking,Consumer
ORD100475,2025-12-18,CUST1475,Headphones,Electronics,4,128.26,0.05,487.39,Salem,Net Banking,Consumer
ORD100476,2025-03-11,CUST1476,Shoes,Fashion,5,139.91,0.05,664.57,Delhi,Credit Card,Consumer
ORD100477,2025-07-01,CUST1477,Book,Books,5,26.24,0.15,111.52,Kochi,Credit Card,Consumer
ORD100478,2025-12-19,CUST1478,Shoes,Fashion,3,130.93,0.0,392.79,Madurai,Credit Card,Consumer
ORD100479,2025-09-21,CUST1479,Smartphone,Electronics,4,327.09,0.15,1112.11,Bengaluru,Debit Card,Consumer
ORD100480,2025-06-30,CUST1480,Notebook,Stationery,2,14.37,0.1,25.87,Delhi,UPI,Consumer
ORD100481,2025-01-05,CUST1481,Desk,Furniture,3,519.25,0.05,1479.86,Mumbai,Cash,Consumer
ORD100482,2025-07-16,CUST1482,Backpack,Accessories,2,100.51,0.0,201.02,Pune,UPI,Consumer
ORD100483,2025-02-16,CUST1483,Smartphone,Electronics,1,1031.83,0.05,980.24,Pune,Credit Card,Home Office
ORD100484,2025-02-09,CUST1484,Notebook,Stationery,5,14.13,0.0,70.65,Madurai,Debit Card,Consumer
ORD100485,2025-05-02,CUST1485,Coffee Maker,Home Appliances,1,154.29,0.0,154.29,Coimbatore,UPI,Consumer
ORD100486,2025-05-15,CUST1486,Watch,Fashion,5,92.07,0.0,460.35,Delhi,Net Banking,Consumer
ORD100487,2025-05-20,CUST1487,Smartphone,Electronics,3,835.94,0.0,2507.82,Mumbai,UPI,Corporate
ORD100488,2025-12-16,CUST1488,Watch,Fashion,2,233.15,0.1,419.67,Hyderabad,Net Banking,Home Office
ORD100489,2025-06-02,CUST1489,Laptop,Electronics,2,1251.02,0.15,2126.73,Salem,UPI,Home Office
ORD100490,2025-01-28,CUST1490,Shoes,Fashion,3,108.22,0.0,324.66,Coimbatore,UPI,Consumer
ORD100491,2025-03-18,CUST1491,Laptop,Electronics,4,615.04,0.05,2337.15,Hyderabad,UPI,Consumer
ORD100492,2025-06-24,CUST1492,T-Shirt,Fashion,1,28.56,0.05,27.13,Salem,Credit Card,Consumer
ORD100493,2025-02-18,CUST1493,Coffee Maker,Home Appliances,1,233.36,0.05,221.69,Pune,Net Banking,Consumer
ORD100494,2025-12-08,CUST1494,Desk,Furniture,2,392.22,0.15,666.77,Hyderabad,Debit Card,Corporate
ORD100495,2025-11-06,CUST1495,Backpack,Accessories,2,73.83,0.05,140.28,Coimbatore,Cash,Consumer
ORD100496,2025-10-01,CUST1496,Air Fryer,Home Appliances,2,111.08,0.15,188.84,Salem,Net Banking,Corporate
ORD100497,2025-01-27,CUST1497,Watch,Fashion,3,135.8,0.05,387.03,Coimbatore,Credit Card,Home Office
ORD100498,2025-11-24,CUST1498,Backpack,Accessories,4,109.53,0.1,394.31,Coimbatore,Net Banking,Consumer
ORD100499,2025-08-09,CUST1499,Watch,Fashion,1,213.28,0.05,202.62,Salem,Debit Card,Corporate
ORD100500,2025-05-02,CUST1500,Headphones,Electronics,5,202.16,0.15,859.18,Mumbai,Net Banking,Consumer
ORD100501,2025-12-27,CUST1501,Smartphone,Electronics,3,681.63,0.15,1738.16,Pune,Credit Card,Consumer
ORD100502,2025-03-10,CUST1502,T-Shirt,Fashion,1,41.51,0.1,37.36,Madurai,Credit Card,Consumer
ORD100503,2025-03-12,CUST1503,Shoes,Fashion,4,67.26,0.15,228.68,Kochi,Cash,Consumer
ORD100504,2025-05-30,CUST1504,Air Fryer,Home Appliances,3,194.04,0.0,582.12,Chennai,Debit Card,Consumer
ORD100505,2025-07-06,CUST1505,Blender,Home Appliances,1,94.14,0.15,80.02,Madurai,Cash,Consumer
ORD100506,2025-09-03,CUST1506,Watch,Fashion,3,155.06,0.0,465.18,Hyderabad,UPI,Corporate
ORD100507,2025-07-15,CUST1507,Backpack,Accessories,1,84.93,0.0,84.93,Salem,Credit Card,Consumer
ORD100508,2025-02-01,CUST1508,T-Shirt,Fashion,1,56.81,0.0,56.81,Mumbai,Cash,Home Office
ORD100509,2025-04-19,CUST1509,Keyboard,Electronics,4,28.32,0.2,90.62,Mumbai,Credit Card,Corporate
ORD100510,2025-12-19,CUST1510,Air Fryer,Home Appliances,5,216.7,0.15,920.98,Hyderabad,Credit Card,Corporate
ORD100511,2025-01-01,CUST1511,Keyboard,Electronics,4,58.01,0.15,197.23,Delhi,UPI,Consumer
ORD100512,2025-07-01,CUST1512,Laptop,Electronics,1,971.72,0.15,825.96,Coimbatore,Credit Card,Consumer
ORD100513,2025-06-23,CUST1513,Shoes,Fashion,3,33.29,0.05,94.88,Chennai,Cash,Corporate
ORD100514,2025-06-18,CUST1514,Book,Books,4,15.54,0.15,52.84,Hyderabad,Debit Card,Home Office
ORD100515,2025-09-05,CUST1515,Book,Books,5,22.59,0.2,90.36,Hyderabad,Net Banking,Consumer
ORD100516,2025-04-18,CUST1516,Blender,Home Appliances,1,38.43,0.05,36.51,Kochi,Cash,Corporate
ORD100517,2025-10-24,CUST1517,Headphones,Electronics,4,135.5,0.0,542.0,Madurai,UPI,Consumer
ORD100518,2025-09-21,CUST1518,Backpack,Accessories,4,112.71,0.1,405.76,Hyderabad,Net Banking,Corporate
ORD100519,2025-01-30,CUST1519,Notebook,Stationery,4,3.37,0.2,10.78,Delhi,Credit Card,Consumer
ORD100520,2025-10-29,CUST1520,Blender,Home Appliances,4,144.67,0.15,491.88,Hyderabad,Cash,Consumer
ORD100521,2025-12-27,CUST1521,Smartphone,Electronics,3,639.19,0.15,1629.93,Hyderabad,Net Banking,Consumer
ORD100522,2025-12-18,CUST1522,Smartphone,Electronics,5,872.42,0.15,3707.78,Madurai,Cash,Consumer
ORD100523,2025-11-13,CUST1523,Backpack,Accessories,5,46.02,0.15,195.58,Hyderabad,Credit Card,Consumer
ORD100524,2025-08-13,CUST1524,Notebook,Stationery,1,4.07,0.1,3.66,Delhi,Cash,Home Office
ORD100525,2025-03-30,CUST1525,Desk,Furniture,2,180.23,0.1,324.41,Madurai,UPI,Consumer
ORD100526,2025-08-22,CUST1526,Headphones,Electronics,3,40.86,0.0,122.58,Bengaluru,Net Banking,Consumer
ORD100527,2025-06-17,CUST1527,T-Shirt,Fashion,1,19.28,0.1,17.35,Pune,Net Banking,Consumer
ORD100528,2025-08-19,CUST1528,Watch,Fashion,1,212.7,0.05,202.06,Pune,Net Banking,Home Office
ORD100529,2025-05-06,CUST1529,Notebook,Stationery,4,13.46,0.15,45.76,Coimbatore,Cash,Consumer
ORD100530,2025-03-02,CUST1530,Book,Books,2,33.49,0.05,63.63,Chennai,Credit Card,Home Office
ORD100531,2025-04-30,CUST1531,Air Fryer,Home Appliances,2,190.18,0.0,380.36,Mumbai,Cash,Consumer
ORD100532,2025-07-09,CUST1532,Desk,Furniture,3,155.22,0.0,465.66,Kochi,Cash,Consumer
ORD100533,2025-05-01,CUST1533,Watch,Fashion,2,115.19,0.1,207.34,Delhi,Net Banking,Corporate
ORD100534,2025-02-17,CUST1534,Watch,Fashion,1,120.55,0.05,114.52,Pune,Credit Card,Home Office
ORD100535,2025-07-21,CUST1535,Desk,Furniture,2,224.98,0.0,449.96,Bengaluru,Debit Card,Consumer
ORD100536,2025-02-28,CUST1536,Laptop,Electronics,2,1039.26,0.0,2078.52,Delhi,Credit Card,Consumer
ORD100537,2025-07-04,CUST1537,Keyboard,Electronics,5,89.62,0.05,425.7,Madurai,Cash,Consumer
ORD100538,2025-08-11,CUST1538,Watch,Fashion,1,132.79,0.0,132.79,Bengaluru,UPI,Consumer
ORD100539,2025-01-11,CUST1539,Desk,Furniture,2,276.89,0.0,553.78,Delhi,Credit Card,Home Office
ORD100540,2025-10-08,CUST1540,Notebook,Stationery,2,12.77,0.05,24.26,Pune,Net Banking,Consumer
ORD100541,2025-07-08,CUST1541,Desk,Furniture,4,494.65,0.05,1879.67,Mumbai,UPI,Corporate
ORD100542,2025-10-29,CUST1542,Coffee Maker,Home Appliances,2,104.64,0.05,198.82,Salem,Debit Card,Consumer
ORD100543,2025-11-06,CUST1543,Blender,Home Appliances,2,167.07,0.0,334.14,Kochi,Debit Card,Consumer
ORD100544,2025-08-25,CUST1544,Office Chair,Furniture,5,384.9,0.15,1635.82,Kochi,UPI,Consumer
ORD100545,2025-02-03,CUST1545,Laptop,Electronics,1,860.41,0.05,817.39,Delhi,Debit Card,Consumer
ORD100546,2025-12-06,CUST1546,Shoes,Fashion,3,83.16,0.0,249.48,Pune,UPI,Corporate
ORD100547,2025-05-15,CUST1547,Office Chair,Furniture,1,241.8,0.0,241.8,Bengaluru,Cash,Consumer
ORD100548,2025-03-03,CUST1548,Blender,Home Appliances,4,171.17,0.0,684.68,Pune,UPI,Consumer
ORD100549,2025-11-09,CUST1549,Blender,Home Appliances,1,161.45,0.0,161.45,Pune,Cash,Home Office
ORD100550,2025-08-15,CUST1550,Blender,Home Appliances,2,45.39,0.0,90.78,Hyderabad,Net Banking,Corporate
ORD100551,2025-04-03,CUST1551,Office Chair,Furniture,4,205.67,0.1,740.41,Salem,Net Banking,Consumer
ORD100552,2025-04-26,CUST1552,Backpack,Accessories,1,75.34,0.1,67.81,Hyderabad,Debit Card,Home Office
ORD100553,2025-11-28,CUST1553,Keyboard,Electronics,4,85.41,0.05,324.56,Bengaluru,UPI,Consumer
ORD100554,2025-05-13,CUST1554,Desk,Furniture,3,196.93,0.1,531.71,Salem,Cash,Corporate
ORD100555,2025-11-28,CUST1555,Air Fryer,Home Appliances,1,223.18,0.0,223.18,Pune,Net Banking,Consumer
ORD100556,2025-10-20,CUST1556,Keyboard,Electronics,2,108.0,0.15,183.6,Mumbai,Net Banking,Consumer
ORD100557,2025-07-12,CUST1557,Book,Books,4,34.33,0.0,137.32,Bengaluru,Net Banking,Corporate
ORD100558,2025-01-30,CUST1558,Notebook,Stationery,5,13.16,0.1,59.22,Delhi,Debit Card,Consumer
ORD100559,2025-10-25,CUST1559,Headphones,Electronics,4,193.38,0.0,773.52,Delhi,Net Banking,Consumer
ORD100560,2025-03-02,CUST1560,Backpack,Accessories,5,63.92,0.15,271.66,Delhi,Credit Card,Consumer
ORD100561,2025-10-31,CUST1561,Shoes,Fashion,2,121.58,0.05,231.0,Chennai,Debit Card,Consumer
ORD100562,2025-12-06,CUST1562,Keyboard,Electronics,3,40.85,0.0,122.55,Salem,UPI,Corporate
ORD100563,2025-12-15,CUST1563,Air Fryer,Home Appliances,5,187.99,0.1,845.96,Pune,Credit Card,Consumer
ORD100564,2025-11-20,CUST1564,Smartphone,Electronics,3,420.29,0.0,1260.87,Pune,Debit Card,Consumer
ORD100565,2025-10-29,CUST1565,Blender,Home Appliances,4,134.09,0.1,482.72,Salem,Debit Card,Home Office
ORD100566,2025-01-28,CUST1566,Watch,Fashion,2,99.7,0.1,179.46,Hyderabad,Cash,Consumer
ORD100567,2025-03-18,CUST1567,Book,Books,5,9.11,0.0,45.55,Delhi,Credit Card,Consumer
ORD100568,2025-05-01,CUST1568,Headphones,Electronics,4,62.19,0.05,236.32,Hyderabad,Credit Card,Consumer
ORD100569,2025-01-03,CUST1569,Laptop,Electronics,1,551.89,0.0,551.89,Hyderabad,Credit Card,Consumer
ORD100570,2025-02-06,CUST1570,Shoes,Fashion,4,137.81,0.1,496.12,Delhi,Net Banking,Consumer
ORD100571,2025-05-27,CUST1571,Notebook,Stationery,3,11.52,0.0,34.56,Madurai,Net Banking,Consumer
ORD100572,2025-04-02,CUST1572,Headphones,Electronics,2,140.86,0.05,267.63,Pune,UPI,Corporate
ORD100573,2025-12-05,CUST1573,Blender,Home Appliances,2,54.2,0.2,86.72,Chennai,UPI,Home Office
ORD100574,2025-09-30,CUST1574,Watch,Fashion,4,61.72,0.0,246.88,Delhi,UPI,Corporate
ORD100575,2025-03-28,CUST1575,Backpack,Accessories,1,21.91,0.2,17.53,Mumbai,Net Banking,Home Office
ORD100576,2025-02-09,CUST1576,Watch,Fashion,3,83.09,0.1,224.34,Delhi,Cash,Home Office
ORD100577,2025-06-27,CUST1577,Office Chair,Furniture,4,365.07,0.0,1460.28,Kochi,UPI,Corporate
ORD100578,2025-11-25,CUST1578,Watch,Fashion,4,102.8,0.05,390.64,Kochi,Debit Card,Home Office
ORD100579,2025-10-12,CUST1579,Office Chair,Furniture,2,193.37,0.1,348.07,Bengaluru,Net Banking,Corporate
ORD100580,2025-02-11,CUST1580,Book,Books,3,8.69,0.05,24.77,Madurai,Cash,Consumer
ORD100581,2025-10-12,CUST1581,Backpack,Accessories,1,42.24,0.0,42.24,Delhi,Debit Card,Consumer
ORD100582,2025-03-07,CUST1582,Notebook,Stationery,2,8.75,0.0,17.5,Pune,Debit Card,Consumer
ORD100583,2025-05-04,CUST1583,T-Shirt,Fashion,4,40.39,0.1,145.4,Madurai,Net Banking,Home Office
ORD100584,2025-05-25,CUST1584,Blender,Home Appliances,2,66.8,0.1,120.24,Pune,Credit Card,Corporate
ORD100585,2025-04-30,CUST1585,Office Chair,Furniture,2,98.47,0.05,187.09,Salem,Cash,Corporate
ORD100586,2025-04-19,CUST1586,Laptop,Electronics,5,921.48,0.0,4607.4,Madurai,Net Banking,Consumer
ORD100587,2025-04-02,CUST1587,Watch,Fashion,2,100.89,0.15,171.51,Coimbatore,Credit Card,Consumer
ORD100588,2025-11-04,CUST1588,Watch,Fashion,2,97.08,0.2,155.33,Coimbatore,Net Banking,Consumer
ORD100589,2025-03-01,CUST1589,Laptop,Electronics,3,1461.87,0.0,4385.61,Bengaluru,Net Banking,Home Office
ORD100590,2025-12-16,CUST1590,Notebook,Stationery,2,10.01,0.0,20.02,Madurai,Debit Card,Home Office
ORD100591,2025-08-15,CUST1591,Smartphone,Electronics,1,779.03,0.15,662.18,Coimbatore,Net Banking,Corporate
ORD100592,2025-08-28,CUST1592,Book,Books,4,19.55,0.15,66.47,Coimbatore,Credit Card,Consumer
ORD100593,2025-07-31,CUST1593,Desk,Furniture,3,314.47,0.1,849.07,Mumbai,Debit Card,Consumer
ORD100594,2025-04-08,CUST1594,T-Shirt,Fashion,2,37.05,0.15,62.98,Kochi,Credit Card,Consumer
ORD100595,2025-01-14,CUST1595,Shoes,Fashion,1,134.46,0.1,121.01,Chennai,Credit Card,Consumer
ORD100596,2025-08-06,CUST1596,Air Fryer,Home Appliances,4,193.41,0.0,773.64,Hyderabad,Debit Card,Corporate
ORD100597,2025-06-19,CUST1597,Office Chair,Furniture,3,134.94,0.1,364.34,Delhi,Credit Card,Consumer
ORD100598,2025-11-03,CUST1598,Laptop,Electronics,1,1025.11,0.1,922.6,Coimbatore,UPI,Consumer
ORD100599,2025-10-07,CUST1599,Air Fryer,Home Appliances,2,138.27,0.2,221.23,Hyderabad,Net Banking,Consumer
ORD100600,2025-12-29,CUST1600,Backpack,Accessories,5,107.05,0.0,535.25,Hyderabad,Debit Card,Consumer
ORD100601,2025-07-29,CUST1601,Notebook,Stationery,5,10.21,0.05,48.5,Madurai,Debit Card,Consumer
ORD100602,2025-09-13,CUST1602,Office Chair,Furniture,3,250.4,0.1,676.08,Madurai,UPI,Home Office
ORD100603,2025-06-20,CUST1603,Desk,Furniture,1,157.7,0.0,157.7,Delhi,UPI,Consumer
ORD100604,2025-03-14,CUST1604,Air Fryer,Home Appliances,4,175.07,0.05,665.27,Kochi,UPI,Corporate
ORD100605,2025-05-27,CUST1605,Backpack,Accessories,1,31.72,0.15,26.96,Salem,UPI,Consumer
ORD100606,2025-12-06,CUST1606,Headphones,Electronics,5,100.87,0.05,479.13,Hyderabad,Cash,Corporate
ORD100607,2025-11-13,CUST1607,Blender,Home Appliances,3,51.43,0.1,138.86,Salem,Debit Card,Consumer
ORD100608,2025-04-16,CUST1608,Watch,Fashion,2,219.94,0.15,373.9,Kochi,Credit Card,Corporate
ORD100609,2025-04-04,CUST1609,Headphones,Electronics,1,71.41,0.0,71.41,Bengaluru,Debit Card,Consumer
ORD100610,2025-03-04,CUST1610,Office Chair,Furniture,5,205.39,0.2,821.56,Chennai,Debit Card,Consumer
ORD100611,2025-06-03,CUST1611,Desk,Furniture,4,547.84,0.1,1972.22,Delhi,Debit Card,Consumer
ORD100612,2025-09-12,CUST1612,T-Shirt,Fashion,3,20.22,0.05,57.63,Mumbai,UPI,Home Office
ORD100613,2025-12-17,CUST1613,Air Fryer,Home Appliances,2,156.48,0.05,297.31,Kochi,UPI,Consumer
ORD100614,2025-02-04,CUST1614,Book,Books,1,19.67,0.2,15.74,Coimbatore,Cash,Corporate
ORD100615,2025-11-19,CUST1615,Blender,Home Appliances,4,32.72,0.0,130.88,Salem,Debit Card,Corporate
ORD100616,2025-11-08,CUST1616,Office Chair,Furniture,2,333.68,0.0,667.36,Bengaluru,Net Banking,Consumer
ORD100617,2025-10-23,CUST1617,Notebook,Stationery,5,2.9,0.0,14.5,Pune,Cash,Consumer
ORD100618,2025-09-10,CUST1618,Laptop,Electronics,5,1000.54,0.0,5002.7,Salem,UPI,Consumer
ORD100619,2025-06-06,CUST1619,Book,Books,4,24.62,0.05,93.56,Hyderabad,Debit Card,Consumer
ORD100620,2025-05-14,CUST1620,Book,Books,5,26.99,0.2,107.96,Salem,UPI,Consumer
ORD100621,2025-05-09,CUST1621,Book,Books,3,29.1,0.15,74.21,Mumbai,Credit Card,Home Office
ORD100622,2025-10-07,CUST1622,Keyboard,Electronics,4,52.93,0.0,211.72,Kochi,UPI,Consumer
ORD100623,2025-12-24,CUST1623,Office Chair,Furniture,5,83.19,0.05,395.15,Coimbatore,UPI,Corporate
ORD100624,2025-09-09,CUST1624,Blender,Home Appliances,1,138.52,0.1,124.67,Coimbatore,Cash,Consumer
ORD100625,2025-05-15,CUST1625,Watch,Fashion,5,179.27,0.0,896.35,Pune,Credit Card,Corporate
ORD100626,2025-11-27,CUST1626,Watch,Fashion,3,257.39,0.15,656.34,Madurai,Net Banking,Consumer
ORD100627,2025-01-11,CUST1627,Office Chair,Furniture,2,342.84,0.15,582.83,Hyderabad,Net Banking,Consumer
ORD100628,2025-10-19,CUST1628,Backpack,Accessories,2,104.33,0.15,177.36,Kochi,Net Banking,Corporate
ORD100629,2025-05-28,CUST1629,Keyboard,Electronics,5,83.06,0.05,394.54,Salem,Debit Card,Corporate
ORD100630,2025-11-15,CUST1630,Laptop,Electronics,2,866.95,0.05,1647.2,Pune,Net Banking,Consumer
ORD100631,2025-03-21,CUST1631,Book,Books,5,32.7,0.0,163.5,Chennai,Debit Card,Corporate
ORD100632,2025-07-10,CUST1632,Book,Books,3,20.8,0.05,59.28,Mumbai,UPI,Consumer
ORD100633,2025-12-10,CUST1633,Office Chair,Furniture,2,138.7,0.05,263.53,Madurai,Net Banking,Home Office
ORD100634,2025-01-30,CUST1634,Backpack,Accessories,1,105.5,0.15,89.68,Madurai,Cash,Consumer
ORD100635,2025-12-25,CUST1635,Watch,Fashion,5,269.47,0.15,1145.25,Bengaluru,Credit Card,Consumer
ORD100636,2025-08-17,CUST1636,Watch,Fashion,2,161.24,0.2,257.98,Bengaluru,Credit Card,Corporate
ORD100637,2025-03-25,CUST1637,Desk,Furniture,3,137.85,0.15,351.52,Chennai,UPI,Consumer
ORD100638,2025-05-30,CUST1638,Office Chair,Furniture,3,204.1,0.0,612.3,Pune,Credit Card,Consumer
ORD100639,2025-12-27,CUST1639,Keyboard,Electronics,1,124.46,0.1,112.01,Delhi,Credit Card,Consumer
ORD100640,2025-07-08,CUST1640,Smartphone,Electronics,3,1106.69,0.0,3320.07,Mumbai,UPI,Home Office
ORD100641,2025-01-21,CUST1641,Keyboard,Electronics,3,46.45,0.0,139.35,Pune,UPI,Corporate
ORD100642,2025-02-06,CUST1642,Notebook,Stationery,2,2.87,0.05,5.45,Hyderabad,UPI,Consumer
ORD100643,2025-09-03,CUST1643,Watch,Fashion,5,268.11,0.1,1206.5,Mumbai,Cash,Corporate
ORD100644,2025-10-10,CUST1644,Watch,Fashion,4,141.25,0.1,508.5,Madurai,UPI,Home Office
ORD100645,2025-04-12,CUST1645,Headphones,Electronics,3,146.9,0.0,440.7,Madurai,UPI,Consumer
ORD100646,2025-10-21,CUST1646,Watch,Fashion,3,291.7,0.0,875.1,Hyderabad,UPI,Consumer
ORD100647,2025-08-20,CUST1647,Laptop,Electronics,4,613.24,0.0,2452.96,Delhi,Net Banking,Consumer
ORD100648,2025-11-12,CUST1648,Shoes,Fashion,3,127.25,0.0,381.75,Chennai,Net Banking,Consumer
ORD100649,2025-11-22,CUST1649,Office Chair,Furniture,2,103.71,0.0,207.42,Bengaluru,Cash,Consumer
ORD100650,2025-10-15,CUST1650,Air Fryer,Home Appliances,2,131.34,0.1,236.41,Madurai,Cash,Consumer
ORD100651,2025-12-02,CUST1651,Keyboard,Electronics,4,124.5,0.15,423.3,Delhi,Credit Card,Consumer
ORD100652,2025-09-02,CUST1652,Shoes,Fashion,3,95.02,0.05,270.81,Kochi,Net Banking,Home Office
ORD100653,2025-06-26,CUST1653,Backpack,Accessories,3,119.72,0.1,323.24,Mumbai,Cash,Consumer
ORD100654,2025-08-01,CUST1654,Smartphone,Electronics,5,781.11,0.0,3905.55,Chennai,Cash,Consumer
ORD100655,2025-12-24,CUST1655,Laptop,Electronics,3,855.1,0.2,2052.24,Pune,Credit Card,Consumer
ORD100656,2025-04-12,CUST1656,Blender,Home Appliances,2,63.02,0.0,126.04,Delhi,UPI,Consumer
ORD100657,2025-10-13,CUST1657,Coffee Maker,Home Appliances,1,113.61,0.15,96.57,Chennai,Debit Card,Consumer
ORD100658,2025-01-22,CUST1658,Keyboard,Electronics,1,68.43,0.15,58.17,Delhi,Credit Card,Consumer
ORD100659,2025-01-19,CUST1659,Shoes,Fashion,1,40.31,0.15,34.26,Kochi,Debit Card,Home Office
ORD100660,2025-10-14,CUST1660,Blender,Home Appliances,1,85.44,0.0,85.44,Coimbatore,Credit Card,Consumer
ORD100661,2025-10-03,CUST1661,Smartphone,Electronics,3,691.03,0.1,1865.78,Hyderabad,Credit Card,Consumer
ORD100662,2025-05-27,CUST1662,Headphones,Electronics,3,187.62,0.0,562.86,Coimbatore,UPI,Consumer
ORD100663,2025-02-09,CUST1663,Blender,Home Appliances,5,128.51,0.0,642.55,Chennai,Cash,Consumer
ORD100664,2025-06-16,CUST1664,Laptop,Electronics,3,1223.33,0.0,3669.99,Coimbatore,Net Banking,Consumer
ORD100665,2025-04-01,CUST1665,Laptop,Electronics,1,557.95,0.15,474.26,Delhi,Credit Card,Consumer
ORD100666,2025-03-13,CUST1666,Air Fryer,Home Appliances,4,101.36,0.15,344.62,Delhi,UPI,Consumer
ORD100667,2025-12-31,CUST1667,Headphones,Electronics,4,173.88,0.0,695.52,Coimbatore,Debit Card,Corporate
ORD100668,2025-10-10,CUST1668,Coffee Maker,Home Appliances,2,141.64,0.05,269.12,Hyderabad,Cash,Consumer
ORD100669,2025-12-01,CUST1669,Office Chair,Furniture,2,81.7,0.2,130.72,Hyderabad,Credit Card,Consumer
ORD100670,2025-05-20,CUST1670,Blender,Home Appliances,3,150.67,0.05,429.41,Kochi,Debit Card,Consumer
ORD100671,2025-08-27,CUST1671,Headphones,Electronics,4,198.88,0.05,755.74,Delhi,Credit Card,Home Office
ORD100672,2025-03-19,CUST1672,Laptop,Electronics,1,1071.0,0.05,1017.45,Chennai,Net Banking,Consumer
ORD100673,2025-07-18,CUST1673,Laptop,Electronics,1,613.14,0.1,551.83,Mumbai,Net Banking,Home Office
ORD100674,2025-01-17,CUST1674,Shoes,Fashion,1,144.98,0.05,137.73,Hyderabad,Cash,Consumer
ORD100675,2025-08-06,CUST1675,Watch,Fashion,3,191.77,0.1,517.78,Salem,Debit Card,Home Office
ORD100676,2025-08-17,CUST1676,Coffee Maker,Home Appliances,3,204.21,0.05,582.0,Hyderabad,Net Banking,Consumer
ORD100677,2025-12-06,CUST1677,Blender,Home Appliances,5,142.76,0.0,713.8,Kochi,UPI,Consumer
ORD100678,2025-05-18,CUST1678,Air Fryer,Home Appliances,1,212.57,0.0,212.57,Mumbai,Cash,Home Office
ORD100679,2025-05-27,CUST1679,Air Fryer,Home Appliances,1,158.42,0.0,158.42,Bengaluru,Credit Card,Consumer
ORD100680,2025-07-29,CUST1680,Blender,Home Appliances,3,51.05,0.05,145.49,Salem,Debit Card,Corporate
ORD100681,2025-06-07,CUST1681,Notebook,Stationery,3,10.73,0.0,32.19,Hyderabad,Debit Card,Home Office
ORD100682,2025-06-02,CUST1682,Book,Books,5,26.72,0.15,113.56,Coimbatore,UPI,Consumer
ORD100683,2025-12-10,CUST1683,Smartphone,Electronics,5,955.14,0.05,4536.92,Delhi,Net Banking,Consumer
ORD100684,2025-11-26,CUST1684,Air Fryer,Home Appliances,2,92.28,0.1,166.1,Salem,Debit Card,Consumer
ORD100685,2025-12-24,CUST1685,Headphones,Electronics,4,68.87,0.2,220.38,Hyderabad,UPI,Corporate
ORD100686,2025-12-18,CUST1686,Smartphone,Electronics,1,1095.89,0.15,931.51,Delhi,UPI,Home Office
ORD100687,2025-06-12,CUST1687,Headphones,Electronics,1,193.75,0.2,155.0,Chennai,Credit Card,Corporate
ORD100688,2025-11-03,CUST1688,Backpack,Accessories,5,110.82,0.05,526.39,Mumbai,UPI,Consumer
ORD100689,2025-04-11,CUST1689,Laptop,Electronics,5,1270.78,0.0,6353.9,Madurai,Cash,Corporate
ORD100690,2025-11-23,CUST1690,Watch,Fashion,2,195.26,0.15,331.94,Kochi,Debit Card,Home Office
ORD100691,2025-11-23,CUST1691,Shoes,Fashion,4,128.12,0.15,435.61,Bengaluru,Cash,Consumer
ORD100692,2025-06-04,CUST1692,Air Fryer,Home Appliances,2,228.93,0.15,389.18,Coimbatore,UPI,Consumer
ORD100693,2025-01-10,CUST1693,Watch,Fashion,4,190.49,0.1,685.76,Salem,UPI,Consumer
ORD100694,2025-12-19,CUST1694,Watch,Fashion,1,204.42,0.1,183.98,Bengaluru,Cash,Home Office
ORD100695,2025-07-02,CUST1695,Watch,Fashion,2,80.68,0.0,161.36,Kochi,Credit Card,Consumer
ORD100696,2025-05-14,CUST1696,Book,Books,5,21.59,0.1,97.16,Bengaluru,UPI,Home Office
ORD100697,2025-01-06,CUST1697,Smartphone,Electronics,2,930.58,0.0,1861.16,Mumbai,Cash,Home Office
ORD100698,2025-11-29,CUST1698,Headphones,Electronics,2,85.96,0.0,171.92,Chennai,Cash,Consumer
ORD100699,2025-11-29,CUST1699,T-Shirt,Fashion,1,20.11,0.05,19.1,Coimbatore,Debit Card,Consumer
ORD100700,2025-09-15,CUST1700,Backpack,Accessories,5,51.38,0.05,244.06,Salem,Credit Card,Consumer
ORD100701,2025-07-30,CUST1701,Keyboard,Electronics,5,51.4,0.0,257.0,Mumbai,Net Banking,Consumer
ORD100702,2025-02-20,CUST1702,Watch,Fashion,3,95.88,0.15,244.49,Mumbai,Cash,Consumer
ORD100703,2025-05-27,CUST1703,Office Chair,Furniture,3,215.95,0.15,550.67,Delhi,Debit Card,Corporate
ORD100704,2025-05-08,CUST1704,Smartphone,Electronics,3,1112.45,0.1,3003.62,Chennai,Net Banking,Consumer
ORD100705,2025-09-15,CUST1705,Air Fryer,Home Appliances,1,156.34,0.05,148.52,Madurai,Debit Card,Home Office
ORD100706,2025-02-20,CUST1706,Coffee Maker,Home Appliances,2,79.46,0.2,127.14,Chennai,Debit Card,Consumer
ORD100707,2025-06-03,CUST1707,Air Fryer,Home Appliances,5,74.62,0.0,373.1,Chennai,Credit Card,Consumer
ORD100708,2025-03-11,CUST1708,Shoes,Fashion,5,134.42,0.1,604.89,Mumbai,UPI,Corporate
ORD100709,2025-10-03,CUST1709,Keyboard,Electronics,2,69.76,0.0,139.52,Madurai,Credit Card,Consumer
ORD100710,2025-10-06,CUST1710,T-Shirt,Fashion,5,51.09,0.05,242.68,Hyderabad,Net Banking,Consumer
ORD100711,2025-11-06,CUST1711,Office Chair,Furniture,2,291.04,0.05,552.98,Delhi,Credit Card,Corporate
ORD100712,2025-05-14,CUST1712,Air Fryer,Home Appliances,1,211.29,0.1,190.16,Chennai,UPI,Home Office
ORD100713,2025-08-08,CUST1713,T-Shirt,Fashion,1,23.6,0.0,23.6,Hyderabad,Credit Card,Consumer
ORD100714,2025-06-12,CUST1714,Keyboard,Electronics,1,110.01,0.0,110.01,Madurai,Credit Card,Consumer
ORD100715,2025-05-16,CUST1715,Watch,Fashion,2,108.66,0.05,206.45,Chennai,Credit Card,Home Office
ORD100716,2025-02-26,CUST1716,Office Chair,Furniture,2,380.5,0.05,722.95,Coimbatore,Cash,Consumer
ORD100717,2025-06-26,CUST1717,T-Shirt,Fashion,4,41.82,0.1,150.55,Hyderabad,Cash,Consumer
ORD100718,2025-04-25,CUST1718,Shoes,Fashion,5,78.68,0.0,393.4,Hyderabad,Credit Card,Consumer
ORD100719,2025-05-29,CUST1719,Headphones,Electronics,5,85.64,0.05,406.79,Coimbatore,UPI,Consumer
ORD100720,2025-08-29,CUST1720,Laptop,Electronics,4,731.38,0.0,2925.52,Hyderabad,UPI,Consumer
ORD100721,2025-05-03,CUST1721,Headphones,Electronics,4,181.29,0.0,725.16,Bengaluru,UPI,Consumer
ORD100722,2025-10-19,CUST1722,Keyboard,Electronics,1,48.43,0.05,46.01,Chennai,UPI,Home Office
ORD100723,2025-11-23,CUST1723,Smartphone,Electronics,4,815.54,0.1,2935.94,Salem,Debit Card,Corporate
ORD100724,2025-03-10,CUST1724,Laptop,Electronics,2,801.4,0.0,1602.8,Hyderabad,Credit Card,Consumer
ORD100725,2025-11-10,CUST1725,Backpack,Accessories,3,86.2,0.0,258.6,Kochi,Credit Card,Consumer
ORD100726,2025-03-04,CUST1726,Shoes,Fashion,2,152.24,0.05,289.26,Pune,Debit Card,Corporate
ORD100727,2025-08-09,CUST1727,Backpack,Accessories,4,97.8,0.0,391.2,Madurai,UPI,Consumer
ORD100728,2025-01-16,CUST1728,Book,Books,5,31.63,0.05,150.24,Kochi,Net Banking,Consumer
ORD100729,2025-03-19,CUST1729,Office Chair,Furniture,2,140.07,0.05,266.13,Coimbatore,Net Banking,Consumer
ORD100730,2025-05-02,CUST1730,Blender,Home Appliances,5,43.26,0.0,216.3,Chennai,Debit Card,Consumer
ORD100731,2025-09-15,CUST1731,Laptop,Electronics,2,1214.0,0.0,2428.0,Chennai,Net Banking,Consumer
ORD100732,2025-08-05,CUST1732,Backpack,Accessories,5,56.83,0.15,241.53,Kochi,Cash,Consumer
ORD100733,2025-04-24,CUST1733,Air Fryer,Home Appliances,2,142.15,0.1,255.87,Hyderabad,Credit Card,Consumer
ORD100734,2025-05-26,CUST1734,Backpack,Accessories,5,23.11,0.1,104.0,Madurai,Net Banking,Corporate
ORD100735,2025-08-25,CUST1735,T-Shirt,Fashion,3,22.98,0.05,65.49,Chennai,Cash,Consumer
ORD100736,2025-03-27,CUST1736,Headphones,Electronics,1,32.58,0.1,29.32,Hyderabad,Credit Card,Consumer
ORD100737,2025-06-16,CUST1737,T-Shirt,Fashion,2,53.96,0.15,91.73,Coimbatore,Cash,Consumer
ORD100738,2025-05-09,CUST1738,Book,Books,3,13.52,0.1,36.5,Bengaluru,Credit Card,Consumer
ORD100739,2025-06-14,CUST1739,Laptop,Electronics,1,1079.47,0.0,1079.47,Delhi,Credit Card,Consumer
ORD100740,2025-10-04,CUST1740,Laptop,Electronics,2,587.03,0.05,1115.36,Madurai,Net Banking,Consumer
ORD100741,2025-09-14,CUST1741,Book,Books,3,28.34,0.05,80.77,Coimbatore,Debit Card,Corporate
ORD100742,2025-05-12,CUST1742,Keyboard,Electronics,3,61.99,0.05,176.67,Mumbai,Net Banking,Corporate
ORD100743,2025-02-27,CUST1743,T-Shirt,Fashion,3,54.9,0.05,156.46,Chennai,UPI,Consumer
ORD100744,2025-09-14,CUST1744,Desk,Furniture,4,544.06,0.15,1849.8,Pune,Cash,Consumer
ORD100745,2025-05-21,CUST1745,Air Fryer,Home Appliances,5,121.81,0.1,548.14,Hyderabad,UPI,Consumer
ORD100746,2025-06-23,CUST1746,Coffee Maker,Home Appliances,1,229.2,0.0,229.2,Mumbai,Credit Card,Home Office
ORD100747,2025-06-24,CUST1747,Headphones,Electronics,5,249.14,0.0,1245.7,Kochi,Net Banking,Home Office
ORD100748,2025-07-28,CUST1748,Laptop,Electronics,5,1334.14,0.05,6337.16,Chennai,UPI,Consumer
ORD100749,2025-07-23,CUST1749,Keyboard,Electronics,5,129.83,0.0,649.15,Bengaluru,UPI,Consumer
ORD100750,2025-01-07,CUST1750,Blender,Home Appliances,3,67.35,0.0,202.05,Mumbai,UPI,Consumer
ORD100751,2025-02-20,CUST1751,Air Fryer,Home Appliances,5,169.57,0.05,805.46,Salem,Credit Card,Consumer
ORD100752,2025-09-16,CUST1752,T-Shirt,Fashion,4,13.36,0.05,50.77,Hyderabad,Credit Card,Home Office
ORD100753,2025-06-27,CUST1753,Headphones,Electronics,2,46.36,0.2,74.18,Mumbai,Credit Card,Corporate
ORD100754,2025-01-31,CUST1754,Blender,Home Appliances,3,179.83,0.0,539.49,Bengaluru,UPI,Corporate
ORD100755,2025-12-22,CUST1755,T-Shirt,Fashion,1,26.33,0.0,26.33,Madurai,Cash,Consumer
ORD100756,2025-11-14,CUST1756,Backpack,Accessories,2,94.82,0.0,189.64,Kochi,Net Banking,Consumer
ORD100757,2025-06-03,CUST1757,Blender,Home Appliances,2,151.0,0.05,286.9,Delhi,Net Banking,Consumer
ORD100758,2025-12-30,CUST1758,Book,Books,2,35.03,0.0,70.06,Coimbatore,Credit Card,Consumer
ORD100759,2025-02-24,CUST1759,Notebook,Stationery,5,14.97,0.1,67.37,Hyderabad,UPI,Consumer
ORD100760,2025-06-05,CUST1760,Keyboard,Electronics,5,51.39,0.0,256.95,Pune,Cash,Home Office
ORD100761,2025-02-13,CUST1761,Headphones,Electronics,3,34.08,0.05,97.13,Salem,Debit Card,Consumer
ORD100762,2025-03-22,CUST1762,Watch,Fashion,5,146.91,0.15,624.37,Mumbai,Credit Card,Home Office
ORD100763,2025-06-15,CUST1763,Notebook,Stationery,5,3.69,0.0,18.45,Hyderabad,Debit Card,Corporate
ORD100764,2025-01-30,CUST1764,Office Chair,Furniture,5,87.18,0.05,414.1,Madurai,Net Banking,Corporate
ORD100765,2025-11-18,CUST1765,Office Chair,Furniture,3,195.34,0.05,556.72,Kochi,Net Banking,Consumer
ORD100766,2025-05-16,CUST1766,Headphones,Electronics,3,201.34,0.1,543.62,Bengaluru,Cash,Consumer
ORD100767,2025-01-14,CUST1767,Blender,Home Appliances,4,114.93,0.05,436.73,Delhi,Cash,Consumer
ORD100768,2025-12-23,CUST1768,T-Shirt,Fashion,4,25.64,0.05,97.43,Hyderabad,Debit Card,Home Office
ORD100769,2025-04-16,CUST1769,Keyboard,Electronics,4,105.06,0.1,378.22,Pune,Net Banking,Home Office
ORD100770,2025-12-25,CUST1770,Coffee Maker,Home Appliances,4,88.72,0.05,337.14,Coimbatore,Cash,Consumer
ORD100771,2025-11-14,CUST1771,Office Chair,Furniture,2,84.6,0.05,160.74,Coimbatore,Cash,Consumer
ORD100772,2025-03-16,CUST1772,Keyboard,Electronics,2,119.37,0.0,238.74,Delhi,Net Banking,Consumer
ORD100773,2025-03-20,CUST1773,Office Chair,Furniture,4,279.6,0.1,1006.56,Salem,Net Banking,Consumer
ORD100774,2025-07-13,CUST1774,Backpack,Accessories,4,96.23,0.15,327.18,Pune,UPI,Corporate
ORD100775,2025-12-29,CUST1775,T-Shirt,Fashion,1,11.95,0.2,9.56,Madurai,Cash,Corporate
ORD100776,2025-04-06,CUST1776,Backpack,Accessories,2,103.71,0.15,176.31,Pune,Debit Card,Corporate
ORD100777,2025-02-09,CUST1777,Air Fryer,Home Appliances,1,177.71,0.1,159.94,Madurai,Credit Card,Corporate
ORD100778,2025-09-13,CUST1778,Office Chair,Furniture,1,260.29,0.1,234.26,Salem,Credit Card,Consumer
ORD100779,2025-04-17,CUST1779,Watch,Fashion,5,202.4,0.1,910.8,Madurai,Net Banking,Consumer
ORD100780,2025-01-17,CUST1780,Watch,Fashion,3,264.75,0.05,754.54,Kochi,Debit Card,Corporate
ORD100781,2025-01-15,CUST1781,Backpack,Accessories,2,78.69,0.05,149.51,Pune,UPI,Home Office
ORD100782,2025-09-29,CUST1782,Book,Books,4,25.33,0.0,101.32,Bengaluru,Cash,Consumer
ORD100783,2025-01-13,CUST1783,Notebook,Stationery,4,14.88,0.0,59.52,Bengaluru,UPI,Consumer
ORD100784,2025-09-04,CUST1784,Watch,Fashion,3,236.75,0.1,639.22,Mumbai,Debit Card,Consumer
ORD100785,2025-08-02,CUST1785,Office Chair,Furniture,2,221.53,0.05,420.91,Pune,UPI,Corporate
ORD100786,2025-05-31,CUST1786,Headphones,Electronics,4,184.16,0.0,736.64,Salem,Net Banking,Consumer
ORD100787,2025-10-19,CUST1787,Backpack,Accessories,4,58.92,0.0,235.68,Pune,Credit Card,Corporate
ORD100788,2025-02-12,CUST1788,Air Fryer,Home Appliances,5,103.49,0.15,439.83,Coimbatore,Net Banking,Consumer
ORD100789,2025-04-24,CUST1789,Coffee Maker,Home Appliances,1,165.34,0.1,148.81,Kochi,Cash,Corporate
ORD100790,2025-11-26,CUST1790,Coffee Maker,Home Appliances,4,234.92,0.05,892.7,Coimbatore,Net Banking,Consumer
ORD100791,2025-03-22,CUST1791,Smartphone,Electronics,2,1132.68,0.05,2152.09,Hyderabad,Debit Card,Consumer
ORD100792,2025-12-16,CUST1792,Notebook,Stationery,3,6.44,0.05,18.35,Chennai,Debit Card,Consumer
ORD100793,2025-05-21,CUST1793,Blender,Home Appliances,5,109.15,0.0,545.75,Mumbai,Cash,Consumer
ORD100794,2025-01-30,CUST1794,T-Shirt,Fashion,2,20.58,0.05,39.1,Delhi,Cash,Corporate
ORD100795,2025-01-30,CUST1795,Watch,Fashion,5,298.86,0.1,1344.87,Hyderabad,Credit Card,Corporate
ORD100796,2025-09-23,CUST1796,Watch,Fashion,1,295.09,0.05,280.34,Hyderabad,UPI,Consumer
ORD100797,2025-04-09,CUST1797,Blender,Home Appliances,4,127.43,0.05,484.23,Pune,Credit Card,Consumer
ORD100798,2025-04-04,CUST1798,Laptop,Electronics,2,1314.19,0.0,2628.38,Hyderabad,Net Banking,Consumer
ORD100799,2025-07-30,CUST1799,Air Fryer,Home Appliances,3,195.87,0.05,558.23,Chennai,UPI,Corporate
ORD100800,2025-10-22,CUST1800,Desk,Furniture,1,396.58,0.0,396.58,Hyderabad,Cash,Consumer
ORD100801,2025-02-06,CUST1801,Backpack,Accessories,1,25.33,0.05,24.06,Pune,Debit Card,Home Office
ORD100802,2025-03-30,CUST1802,Book,Books,5,20.92,0.05,99.37,Coimbatore,Net Banking,Consumer
ORD100803,2025-09-12,CUST1803,Air Fryer,Home Appliances,1,188.21,0.15,159.98,Hyderabad,Credit Card,Consumer
ORD100804,2025-08-02,CUST1804,Shoes,Fashion,2,131.63,0.05,250.1,Delhi,Cash,Consumer
ORD100805,2025-01-14,CUST1805,Watch,Fashion,5,137.01,0.0,685.05,Kochi,UPI,Consumer
ORD100806,2025-07-11,CUST1806,T-Shirt,Fashion,1,57.08,0.05,54.23,Kochi,UPI,Consumer
ORD100807,2025-10-22,CUST1807,Smartphone,Electronics,3,408.99,0.1,1104.27,Madurai,Debit Card,Consumer
ORD100808,2025-07-01,CUST1808,Coffee Maker,Home Appliances,2,145.08,0.0,290.16,Mumbai,Cash,Consumer
ORD100809,2025-05-10,CUST1809,Watch,Fashion,3,219.63,0.1,593.0,Chennai,Cash,Corporate
ORD100810,2025-08-12,CUST1810,Smartphone,Electronics,3,912.28,0.15,2326.31,Bengaluru,Net Banking,Consumer
ORD100811,2025-02-12,CUST1811,Office Chair,Furniture,5,287.56,0.0,1437.8,Chennai,Net Banking,Consumer
ORD100812,2025-06-30,CUST1812,Air Fryer,Home Appliances,4,112.3,0.1,404.28,Madurai,UPI,Corporate
ORD100813,2025-06-18,CUST1813,Office Chair,Furniture,5,129.99,0.15,552.46,Delhi,Credit Card,Home Office
ORD100814,2025-09-21,CUST1814,Desk,Furniture,2,417.97,0.05,794.14,Coimbatore,UPI,Consumer
ORD100815,2025-04-06,CUST1815,Headphones,Electronics,2,159.84,0.1,287.71,Bengaluru,Net Banking,Corporate
ORD100816,2025-07-22,CUST1816,Shoes,Fashion,5,56.9,0.0,284.5,Pune,Net Banking,Corporate
ORD100817,2025-11-17,CUST1817,Air Fryer,Home Appliances,4,193.98,0.0,775.92,Pune,Net Banking,Home Office
ORD100818,2025-12-01,CUST1818,Laptop,Electronics,5,982.41,0.1,4420.84,Mumbai,UPI,Consumer
ORD100819,2025-03-09,CUST1819,Desk,Furniture,2,433.88,0.1,780.98,Bengaluru,Cash,Home Office
ORD100820,2025-04-02,CUST1820,Keyboard,Electronics,4,128.86,0.15,438.12,Pune,Credit Card,Consumer
ORD100821,2025-09-23,CUST1821,Laptop,Electronics,2,711.24,0.0,1422.48,Mumbai,Credit Card,Consumer
ORD100822,2025-11-27,CUST1822,Notebook,Stationery,4,2.25,0.05,8.55,Delhi,Net Banking,Consumer
ORD100823,2025-06-27,CUST1823,Backpack,Accessories,4,97.91,0.0,391.64,Bengaluru,Debit Card,Consumer
ORD100824,2025-05-31,CUST1824,T-Shirt,Fashion,5,40.48,0.0,202.4,Delhi,UPI,Corporate
ORD100825,2025-11-13,CUST1825,Air Fryer,Home Appliances,5,192.93,0.05,916.42,Pune,Cash,Consumer
ORD100826,2025-02-16,CUST1826,Keyboard,Electronics,5,128.96,0.05,612.56,Kochi,Net Banking,Consumer
ORD100827,2025-01-03,CUST1827,Keyboard,Electronics,4,124.37,0.0,497.48,Chennai,Debit Card,Consumer
ORD100828,2025-04-13,CUST1828,Desk,Furniture,4,580.46,0.0,2321.84,Chennai,Net Banking,Consumer
ORD100829,2025-09-30,CUST1829,Blender,Home Appliances,2,110.39,0.05,209.74,Delhi,Debit Card,Consumer
ORD100830,2025-01-22,CUST1830,Notebook,Stationery,3,8.35,0.2,20.04,Kochi,Credit Card,Consumer
ORD100831,2025-04-26,CUST1831,Headphones,Electronics,5,115.42,0.1,519.39,Mumbai,Debit Card,Consumer
ORD100832,2025-12-13,CUST1832,Air Fryer,Home Appliances,2,89.2,0.0,178.4,Coimbatore,Credit Card,Consumer
ORD100833,2025-04-14,CUST1833,Blender,Home Appliances,2,115.89,0.15,197.01,Coimbatore,Credit Card,Consumer
ORD100834,2025-09-16,CUST1834,Desk,Furniture,1,238.51,0.1,214.66,Salem,UPI,Corporate
ORD100835,2025-11-04,CUST1835,Backpack,Accessories,5,112.13,0.15,476.55,Madurai,Debit Card,Consumer
ORD100836,2025-10-25,CUST1836,Coffee Maker,Home Appliances,2,162.47,0.0,324.94,Hyderabad,Cash,Consumer
ORD100837,2025-05-10,CUST1837,Watch,Fashion,1,194.14,0.05,184.43,Salem,Cash,Consumer
ORD100838,2025-10-22,CUST1838,Watch,Fashion,5,132.28,0.15,562.19,Coimbatore,Debit Card,Consumer
ORD100839,2025-10-29,CUST1839,Headphones,Electronics,4,36.7,0.0,146.8,Kochi,UPI,Consumer
ORD100840,2025-02-17,CUST1840,Backpack,Accessories,1,23.17,0.15,19.69,Chennai,Cash,Home Office
ORD100841,2025-01-27,CUST1841,Book,Books,4,19.82,0.15,67.39,Chennai,Net Banking,Corporate
ORD100842,2025-01-15,CUST1842,Headphones,Electronics,3,44.03,0.2,105.67,Coimbatore,Cash,Corporate
ORD100843,2025-09-20,CUST1843,Air Fryer,Home Appliances,3,175.3,0.0,525.9,Coimbatore,UPI,Consumer
ORD100844,2025-12-31,CUST1844,Air Fryer,Home Appliances,3,227.38,0.0,682.14,Madurai,Credit Card,Consumer
ORD100845,2025-10-25,CUST1845,Smartphone,Electronics,3,1088.77,0.0,3266.31,Coimbatore,Credit Card,Consumer
ORD100846,2025-09-22,CUST1846,Blender,Home Appliances,2,128.86,0.2,206.18,Delhi,Credit Card,Home Office
ORD100847,2025-12-27,CUST1847,Book,Books,3,12.39,0.0,37.17,Pune,UPI,Home Office
ORD100848,2025-05-14,CUST1848,Watch,Fashion,2,264.38,0.05,502.32,Hyderabad,Credit Card,Consumer
ORD100849,2025-03-17,CUST1849,Keyboard,Electronics,2,135.19,0.05,256.86,Mumbai,Credit Card,Consumer
ORD100850,2025-01-30,CUST1850,Blender,Home Appliances,5,59.5,0.05,282.62,Hyderabad,UPI,Consumer
ORD100851,2025-12-06,CUST1851,Shoes,Fashion,2,140.61,0.0,281.22,Hyderabad,Net Banking,Consumer
ORD100852,2025-05-06,CUST1852,Air Fryer,Home Appliances,2,114.44,0.05,217.44,Salem,Cash,Corporate
ORD100853,2025-03-25,CUST1853,Notebook,Stationery,3,12.43,0.15,31.7,Coimbatore,UPI,Consumer
ORD100854,2025-02-23,CUST1854,T-Shirt,Fashion,2,59.86,0.0,119.72,Delhi,UPI,Consumer
ORD100855,2025-10-10,CUST1855,Backpack,Accessories,4,23.0,0.15,78.2,Salem,Debit Card,Corporate
ORD100856,2025-12-06,CUST1856,Laptop,Electronics,3,1402.5,0.1,3786.75,Salem,Credit Card,Consumer
ORD100857,2025-09-20,CUST1857,Headphones,Electronics,1,165.09,0.1,148.58,Pune,Net Banking,Consumer
ORD100858,2025-12-26,CUST1858,Air Fryer,Home Appliances,3,244.94,0.1,661.34,Pune,Debit Card,Consumer
ORD100859,2025-08-10,CUST1859,Blender,Home Appliances,2,99.75,0.0,199.5,Kochi,Net Banking,Consumer
ORD100860,2025-11-24,CUST1860,Book,Books,4,34.66,0.05,131.71,Pune,Credit Card,Consumer
ORD100861,2025-01-02,CUST1861,T-Shirt,Fashion,3,13.12,0.1,35.42,Delhi,Credit Card,Consumer
ORD100862,2025-11-02,CUST1862,Notebook,Stationery,4,6.36,0.0,25.44,Kochi,Credit Card,Corporate
ORD100863,2025-05-26,CUST1863,Blender,Home Appliances,1,40.05,0.05,38.05,Bengaluru,Cash,Corporate
ORD100864,2025-01-18,CUST1864,Laptop,Electronics,1,1476.58,0.0,1476.58,Madurai,Net Banking,Consumer
ORD100865,2025-01-16,CUST1865,T-Shirt,Fashion,5,50.85,0.1,228.82,Bengaluru,Net Banking,Corporate
ORD100866,2025-11-04,CUST1866,Shoes,Fashion,5,157.88,0.05,749.93,Hyderabad,Debit Card,Consumer
ORD100867,2025-06-08,CUST1867,Laptop,Electronics,3,1441.07,0.05,4107.05,Salem,UPI,Corporate
ORD100868,2025-12-06,CUST1868,Desk,Furniture,5,142.55,0.0,712.75,Delhi,Credit Card,Consumer
ORD100869,2025-12-18,CUST1869,Office Chair,Furniture,4,203.39,0.2,650.85,Kochi,Credit Card,Consumer
ORD100870,2025-10-25,CUST1870,Desk,Furniture,5,135.52,0.0,677.6,Bengaluru,Debit Card,Consumer
ORD100871,2025-07-28,CUST1871,Watch,Fashion,4,94.81,0.1,341.32,Salem,Net Banking,Consumer
ORD100872,2025-07-24,CUST1872,Blender,Home Appliances,5,64.4,0.05,305.9,Delhi,Cash,Home Office
ORD100873,2025-04-23,CUST1873,Air Fryer,Home Appliances,5,149.13,0.1,671.08,Mumbai,Net Banking,Consumer
ORD100874,2025-06-27,CUST1874,Air Fryer,Home Appliances,5,111.03,0.0,555.15,Mumbai,Cash,Consumer
ORD100875,2025-07-28,CUST1875,Air Fryer,Home Appliances,2,79.19,0.1,142.54,Mumbai,Cash,Consumer
ORD100876,2025-05-04,CUST1876,Notebook,Stationery,2,4.18,0.05,7.94,Madurai,Net Banking,Consumer
ORD100877,2025-01-15,CUST1877,Office Chair,Furniture,5,127.13,0.05,603.87,Pune,Credit Card,Home Office
ORD100878,2025-12-12,CUST1878,Desk,Furniture,4,586.54,0.1,2111.54,Madurai,Cash,Home Office
ORD100879,2025-10-25,CUST1879,Office Chair,Furniture,3,322.97,0.1,872.02,Madurai,Debit Card,Consumer
ORD100880,2025-02-14,CUST1880,Coffee Maker,Home Appliances,1,243.23,0.1,218.91,Delhi,Debit Card,Consumer
ORD100881,2025-04-04,CUST1881,Blender,Home Appliances,2,95.96,0.15,163.13,Delhi,Cash,Consumer
ORD100882,2025-04-17,CUST1882,Office Chair,Furniture,5,169.08,0.0,845.4,Hyderabad,Credit Card,Consumer
ORD100883,2025-10-05,CUST1883,Keyboard,Electronics,1,123.78,0.15,105.21,Kochi,Cash,Consumer
ORD100884,2025-05-08,CUST1884,Headphones,Electronics,2,98.41,0.0,196.82,Chennai,Debit Card,Consumer
ORD100885,2025-02-07,CUST1885,Headphones,Electronics,3,92.36,0.1,249.37,Mumbai,Debit Card,Corporate
ORD100886,2025-04-07,CUST1886,Keyboard,Electronics,4,50.23,0.05,190.87,Coimbatore,Net Banking,Consumer
ORD100887,2025-07-17,CUST1887,T-Shirt,Fashion,5,16.48,0.05,78.28,Salem,Credit Card,Consumer
ORD100888,2025-07-11,CUST1888,Smartphone,Electronics,3,493.64,0.0,1480.92,Chennai,Net Banking,Consumer
ORD100889,2025-12-23,CUST1889,Notebook,Stationery,2,6.62,0.05,12.58,Coimbatore,UPI,Corporate
ORD100890,2025-01-07,CUST1890,T-Shirt,Fashion,5,43.7,0.0,218.5,Delhi,Cash,Consumer
ORD100891,2025-02-13,CUST1891,Laptop,Electronics,1,609.44,0.05,578.97,Chennai,Net Banking,Consumer
ORD100892,2025-11-28,CUST1892,Book,Books,4,12.37,0.0,49.48,Hyderabad,Credit Card,Consumer
ORD100893,2025-01-07,CUST1893,Notebook,Stationery,2,12.52,0.05,23.79,Mumbai,Cash,Consumer
ORD100894,2025-07-13,CUST1894,Notebook,Stationery,4,3.91,0.0,15.64,Pune,Cash,Consumer
ORD100895,2025-11-12,CUST1895,Laptop,Electronics,5,875.51,0.0,4377.55,Salem,Cash,Home Office
ORD100896,2025-01-01,CUST1896,Office Chair,Furniture,3,356.69,0.0,1070.07,Coimbatore,Cash,Corporate
ORD100897,2025-03-03,CUST1897,Desk,Furniture,4,177.46,0.05,674.35,Mumbai,Cash,Corporate
ORD100898,2025-12-09,CUST1898,Desk,Furniture,1,141.37,0.15,120.16,Hyderabad,Credit Card,Home Office
ORD100899,2025-03-30,CUST1899,Headphones,Electronics,2,134.02,0.15,227.83,Pune,UPI,Corporate
ORD100900,2025-01-18,CUST1900,Backpack,Accessories,1,50.24,0.0,50.24,Salem,Debit Card,Corporate
ORD100901,2025-04-18,CUST1901,T-Shirt,Fashion,4,38.17,0.1,137.41,Pune,UPI,Consumer
ORD100902,2025-05-15,CUST1902,Coffee Maker,Home Appliances,3,208.8,0.1,563.76,Kochi,Debit Card,Consumer
ORD100903,2025-11-06,CUST1903,Blender,Home Appliances,3,50.57,0.05,144.12,Hyderabad,Net Banking,Consumer
ORD100904,2025-03-08,CUST1904,Watch,Fashion,1,190.98,0.1,171.88,Hyderabad,Cash,Consumer
ORD100905,2025-04-03,CUST1905,Shoes,Fashion,5,105.83,0.0,529.15,Salem,Net Banking,Consumer
ORD100906,2025-05-18,CUST1906,Desk,Furniture,5,172.04,0.05,817.19,Mumbai,Net Banking,Consumer
ORD100907,2025-07-08,CUST1907,Blender,Home Appliances,3,123.6,0.05,352.26,Mumbai,Debit Card,Consumer
ORD100908,2025-02-28,CUST1908,Shoes,Fashion,1,71.05,0.0,71.05,Bengaluru,Credit Card,Consumer
ORD100909,2025-07-06,CUST1909,Blender,Home Appliances,1,103.18,0.1,92.86,Mumbai,Cash,Corporate
ORD100910,2025-08-23,CUST1910,Office Chair,Furniture,1,106.33,0.05,101.01,Mumbai,Net Banking,Consumer
ORD100911,2025-03-10,CUST1911,Shoes,Fashion,4,98.94,0.0,395.76,Kochi,UPI,Consumer
ORD100912,2025-04-08,CUST1912,Watch,Fashion,5,119.68,0.05,568.48,Pune,Cash,Consumer
ORD100913,2025-01-08,CUST1913,Blender,Home Appliances,5,153.36,0.1,690.12,Kochi,Credit Card,Consumer
ORD100914,2025-11-07,CUST1914,Keyboard,Electronics,4,27.41,0.15,93.19,Mumbai,Cash,Consumer
ORD100915,2025-05-14,CUST1915,Watch,Fashion,2,148.84,0.1,267.91,Chennai,Net Banking,Corporate
ORD100916,2025-02-25,CUST1916,Shoes,Fashion,4,98.76,0.05,375.29,Kochi,UPI,Consumer
ORD100917,2025-12-26,CUST1917,Watch,Fashion,1,228.5,0.05,217.08,Madurai,Net Banking,Corporate
ORD100918,2025-04-24,CUST1918,Blender,Home Appliances,4,116.14,0.05,441.33,Chennai,Credit Card,Home Office
ORD100919,2025-03-29,CUST1919,Smartphone,Electronics,1,883.85,0.0,883.85,Coimbatore,Debit Card,Consumer
ORD100920,2025-05-18,CUST1920,Blender,Home Appliances,3,146.56,0.05,417.7,Delhi,UPI,Corporate
ORD100921,2025-04-18,CUST1921,Blender,Home Appliances,1,159.33,0.05,151.36,Bengaluru,Credit Card,Consumer
ORD100922,2025-01-23,CUST1922,Office Chair,Furniture,5,180.44,0.05,857.09,Coimbatore,Credit Card,Corporate
ORD100923,2025-05-24,CUST1923,T-Shirt,Fashion,4,36.9,0.15,125.46,Delhi,Net Banking,Consumer
ORD100924,2025-12-23,CUST1924,Keyboard,Electronics,1,129.21,0.1,116.29,Kochi,Net Banking,Corporate
ORD100925,2025-05-24,CUST1925,Coffee Maker,Home Appliances,2,247.78,0.0,495.56,Madurai,Net Banking,Consumer
ORD100926,2025-02-25,CUST1926,Desk,Furniture,3,544.76,0.0,1634.28,Delhi,Debit Card,Home Office
ORD100927,2025-04-18,CUST1927,Notebook,Stationery,2,6.83,0.0,13.66,Delhi,Cash,Consumer
ORD100928,2025-12-17,CUST1928,Laptop,Electronics,2,735.41,0.1,1323.74,Coimbatore,Cash,Consumer
ORD100929,2025-01-06,CUST1929,T-Shirt,Fashion,2,34.47,0.1,62.05,Mumbai,Net Banking,Consumer
ORD100930,2025-01-30,CUST1930,Laptop,Electronics,3,1254.56,0.2,3010.94,Bengaluru,Net Banking,Corporate
ORD100931,2025-11-03,CUST1931,Office Chair,Furniture,3,237.62,0.05,677.22,Pune,Debit Card,Consumer
ORD100932,2025-12-28,CUST1932,Keyboard,Electronics,3,82.81,0.15,211.17,Madurai,Cash,Home Office
ORD100933,2025-12-11,CUST1933,Air Fryer,Home Appliances,3,219.26,0.05,624.89,Delhi,Debit Card,Corporate
ORD100934,2025-05-07,CUST1934,Blender,Home Appliances,2,84.21,0.15,143.16,Mumbai,Credit Card,Consumer
ORD100935,2025-10-29,CUST1935,Air Fryer,Home Appliances,5,223.36,0.1,1005.12,Pune,Cash,Consumer
ORD100936,2025-05-01,CUST1936,Air Fryer,Home Appliances,5,137.29,0.1,617.8,Madurai,Net Banking,Consumer
ORD100937,2025-04-09,CUST1937,Book,Books,3,16.49,0.05,47.0,Mumbai,UPI,Home Office
ORD100938,2025-06-15,CUST1938,Headphones,Electronics,4,127.15,0.1,457.74,Mumbai,Credit Card,Home Office
ORD100939,2025-11-21,CUST1939,Air Fryer,Home Appliances,1,204.86,0.05,194.62,Salem,UPI,Consumer
ORD100940,2025-11-15,CUST1940,Desk,Furniture,4,163.0,0.0,652.0,Hyderabad,Debit Card,Consumer
ORD100941,2025-08-29,CUST1941,Smartphone,Electronics,4,436.6,0.0,1746.4,Mumbai,Debit Card,Corporate
ORD100942,2025-02-19,CUST1942,Headphones,Electronics,4,239.08,0.05,908.5,Pune,Debit Card,Consumer
ORD100943,2025-09-25,CUST1943,Office Chair,Furniture,5,136.16,0.05,646.76,Bengaluru,Net Banking,Corporate
ORD100944,2025-11-21,CUST1944,Notebook,Stationery,1,9.38,0.0,9.38,Hyderabad,Debit Card,Consumer
ORD100945,2025-03-14,CUST1945,T-Shirt,Fashion,4,38.97,0.0,155.88,Madurai,UPI,Home Office
ORD100946,2025-10-27,CUST1946,Smartphone,Electronics,3,715.14,0.0,2145.42,Chennai,Credit Card,Consumer
ORD100947,2025-02-21,CUST1947,Watch,Fashion,5,207.63,0.05,986.24,Kochi,Net Banking,Consumer
ORD100948,2025-09-22,CUST1948,Shoes,Fashion,3,64.47,0.0,193.41,Madurai,Credit Card,Consumer
ORD100949,2025-08-15,CUST1949,Book,Books,3,24.34,0.0,73.02,Mumbai,Debit Card,Consumer
ORD100950,2025-07-12,CUST1950,Smartphone,Electronics,4,603.56,0.0,2414.24,Pune,Cash,Consumer
ORD100951,2025-08-27,CUST1951,Coffee Maker,Home Appliances,3,178.95,0.0,536.85,Delhi,Net Banking,Corporate
ORD100952,2025-01-10,CUST1952,Air Fryer,Home Appliances,1,86.83,0.15,73.81,Coimbatore,Debit Card,Consumer
ORD100953,2025-10-29,CUST1953,Office Chair,Furniture,3,262.68,0.0,788.04,Kochi,Net Banking,Corporate
ORD100954,2025-12-25,CUST1954,Backpack,Accessories,4,38.53,0.1,138.71,Madurai,Cash,Consumer
ORD100955,2025-08-16,CUST1955,Shoes,Fashion,3,71.8,0.05,204.63,Salem,UPI,Home Office
ORD100956,2025-10-20,CUST1956,Laptop,Electronics,5,757.77,0.2,3031.08,Coimbatore,UPI,Consumer
ORD100957,2025-02-21,CUST1957,Desk,Furniture,5,191.42,0.0,957.1,Kochi,UPI,Consumer
ORD100958,2025-08-28,CUST1958,Laptop,Electronics,5,1334.43,0.0,6672.15,Bengaluru,Cash,Consumer
ORD100959,2025-04-09,CUST1959,Smartphone,Electronics,2,521.42,0.0,1042.84,Delhi,Credit Card,Consumer
ORD100960,2025-03-22,CUST1960,Notebook,Stationery,5,14.05,0.0,70.25,Salem,Cash,Consumer
ORD100961,2025-01-13,CUST1961,Laptop,Electronics,5,1471.43,0.1,6621.44,Kochi,Cash,Home Office
ORD100962,2025-12-23,CUST1962,Coffee Maker,Home Appliances,2,159.96,0.0,319.92,Mumbai,Debit Card,Consumer
ORD100963,2025-05-08,CUST1963,Office Chair,Furniture,5,125.76,0.0,628.8,Kochi,UPI,Consumer
ORD100964,2025-10-31,CUST1964,Watch,Fashion,4,137.38,0.15,467.09,Pune,Net Banking,Corporate
ORD100965,2025-01-11,CUST1965,Notebook,Stationery,5,12.37,0.05,58.76,Pune,Credit Card,Consumer
ORD100966,2025-03-22,CUST1966,T-Shirt,Fashion,5,28.37,0.0,141.85,Pune,Net Banking,Corporate
ORD100967,2025-09-18,CUST1967,Desk,Furniture,2,143.51,0.0,287.02,Madurai,Debit Card,Home Office
ORD100968,2025-01-06,CUST1968,Coffee Maker,Home Appliances,4,156.92,0.0,627.68,Delhi,Debit Card,Corporate
ORD100969,2025-08-10,CUST1969,Coffee Maker,Home Appliances,3,217.48,0.15,554.57,Delhi,Credit Card,Consumer
ORD100970,2025-10-25,CUST1970,Laptop,Electronics,1,1306.13,0.15,1110.21,Madurai,Net Banking,Consumer
ORD100971,2025-03-22,CUST1971,Air Fryer,Home Appliances,4,93.27,0.15,317.12,Delhi,Credit Card,Consumer
ORD100972,2025-01-03,CUST1972,Laptop,Electronics,3,1189.13,0.15,3032.28,Pune,Credit Card,Consumer
ORD100973,2025-03-01,CUST1973,Smartphone,Electronics,4,459.48,0.05,1746.02,Pune,UPI,Consumer
ORD100974,2025-08-09,CUST1974,T-Shirt,Fashion,3,20.91,0.0,62.73,Chennai,Net Banking,Home Office
ORD100975,2025-12-15,CUST1975,Headphones,Electronics,3,221.67,0.05,631.76,Kochi,UPI,Consumer
ORD100976,2025-02-18,CUST1976,Notebook,Stationery,4,5.25,0.1,18.9,Delhi,UPI,Consumer
ORD100977,2025-08-16,CUST1977,Laptop,Electronics,2,800.08,0.15,1360.14,Hyderabad,UPI,Consumer
ORD100978,2025-10-17,CUST1978,Office Chair,Furniture,4,80.21,0.05,304.8,Pune,Cash,Consumer
ORD100979,2025-10-20,CUST1979,Backpack,Accessories,4,107.07,0.05,406.87,Kochi,Debit Card,Consumer
ORD100980,2025-10-25,CUST1980,Desk,Furniture,3,496.3,0.15,1265.56,Coimbatore,Debit Card,Home Office
ORD100981,2025-07-12,CUST1981,Blender,Home Appliances,1,124.1,0.0,124.1,Salem,Cash,Consumer
ORD100982,2025-09-14,CUST1982,Laptop,Electronics,3,1262.75,0.15,3220.01,Hyderabad,Credit Card,Home Office
ORD100983,2025-04-13,CUST1983,Office Chair,Furniture,5,128.66,0.0,643.3,Hyderabad,Net Banking,Corporate
ORD100984,2025-05-26,CUST1984,Notebook,Stationery,4,7.96,0.05,30.25,Salem,Net Banking,Home Office
ORD100985,2025-10-17,CUST1985,Office Chair,Furniture,4,192.39,0.0,769.56,Madurai,Net Banking,Consumer
ORD100986,2025-09-14,CUST1986,Desk,Furniture,2,146.89,0.1,264.4,Delhi,UPI,Consumer
ORD100987,2025-11-05,CUST1987,Headphones,Electronics,3,134.38,0.05,382.98,Hyderabad,Net Banking,Consumer
ORD100988,2025-10-05,CUST1988,Office Chair,Furniture,2,374.64,0.05,711.82,Coimbatore,Net Banking,Home Office
ORD100989,2025-07-08,CUST1989,Backpack,Accessories,4,24.01,0.15,81.63,Kochi,Net Banking,Corporate
ORD100990,2025-06-27,CUST1990,Office Chair,Furniture,3,173.27,0.1,467.83,Madurai,Debit Card,Consumer
ORD100991,2025-01-16,CUST1991,Office Chair,Furniture,3,146.41,0.1,395.31,Mumbai,Cash,Consumer
ORD100992,2025-03-27,CUST1992,Office Chair,Furniture,5,156.21,0.0,781.05,Mumbai,Credit Card,Consumer
ORD100993,2025-09-05,CUST1993,Watch,Fashion,5,276.19,0.15,1173.81,Salem,Cash,Consumer
ORD100994,2025-08-05,CUST1994,Watch,Fashion,1,161.7,0.0,161.7,Kochi,Net Banking,Consumer
ORD100995,2025-02-11,CUST1995,Headphones,Electronics,5,129.92,0.0,649.6,Kochi,Credit Card,Consumer
ORD100996,2025-07-13,CUST1996,Laptop,Electronics,3,1272.55,0.0,3817.65,Mumbai,Credit Card,Consumer
ORD100997,2025-11-23,CUST1997,Office Chair,Furniture,5,129.44,0.05,614.84,Hyderabad,Cash,Consumer
ORD100998,2025-06-12,CUST1998,Book,Books,1,22.05,0.15,18.74,Delhi,Cash,Home Office
ORD100999,2025-10-03,CUST1999,T-Shirt,Fashion,4,31.5,0.0,126.0,Salem,Cash,Corporate
ORD101000,2025-12-30,CUST2000,Book,Books,5,25.89,0.05,122.98,Mumbai,Cash,Corporate
ORD101001,2025-05-10,CUST1001,Laptop,Electronics,3,1499.58,0.15,3823.93,Kochi,UPI,Home Office
ORD101002,2025-09-20,CUST1002,Headphones,Electronics,4,198.13,0.1,713.27,Madurai,Debit Card,Consumer
ORD101003,2025-06-26,CUST1003,Air Fryer,Home Appliances,3,135.59,0.1,366.09,Coimbatore,Debit Card,Consumer
ORD101004,2025-09-22,CUST1004,Air Fryer,Home Appliances,4,217.24,0.0,868.96,Madurai,Net Banking,Corporate
ORD101005,2025-01-27,CUST1005,Keyboard,Electronics,3,42.19,0.1,113.91,Madurai,UPI,Consumer
ORD101006,2025-03-26,CUST1006,Book,Books,5,6.07,0.0,30.35,Delhi,Credit Card,Consumer
ORD101007,2025-07-15,CUST1007,Laptop,Electronics,5,744.23,0.2,2976.92,Salem,Cash,Consumer
ORD101008,2025-11-12,CUST1008,Laptop,Electronics,1,873.39,0.05,829.72,Mumbai,Net Banking,Consumer
ORD101009,2025-08-31,CUST1009,Shoes,Fashion,4,106.59,0.1,383.72,Pune,Credit Card,Consumer
ORD101010,2025-12-08,CUST1010,Smartphone,Electronics,1,834.37,0.0,834.37,Kochi,Debit Card,Consumer
ORD101011,2025-06-26,CUST1011,Blender,Home Appliances,2,166.59,0.0,333.18,Madurai,Credit Card,Consumer
ORD101012,2025-05-10,CUST1012,Notebook,Stationery,5,8.63,0.0,43.15,Madurai,Cash,Consumer
ORD101013,2025-05-25,CUST1013,Shoes,Fashion,4,105.19,0.05,399.72,Salem,Cash,Home Office
ORD101014,2025-03-24,CUST1014,Backpack,Accessories,1,25.02,0.0,25.02,Bengaluru,Debit Card,Home Office
ORD101015,2025-12-26,CUST1015,Watch,Fashion,1,49.08,0.1,44.17,Kochi,Cash,Corporate
ORD101016,2025-03-29,CUST1016,Watch,Fashion,2,183.3,0.0,366.6,Coimbatore,UPI,Home Office
ORD101017,2025-01-20,CUST1017,Smartphone,Electronics,1,666.27,0.1,599.64,Pune,Net Banking,Consumer
ORD101018,2025-08-18,CUST1018,Desk,Furniture,3,519.59,0.0,1558.77,Mumbai,Debit Card,Corporate
ORD101019,2025-05-06,CUST1019,Desk,Furniture,5,180.34,0.0,901.7,Chennai,Debit Card,Consumer
ORD101020,2025-12-20,CUST1020,Headphones,Electronics,1,30.62,0.1,27.56,Chennai,Credit Card,Corporate
ORD101021,2025-02-20,CUST1021,Coffee Maker,Home Appliances,1,134.3,0.1,120.87,Kochi,Debit Card,Consumer
ORD101022,2025-03-29,CUST1022,Smartphone,Electronics,2,475.6,0.05,903.64,Mumbai,Net Banking,Corporate
ORD101023,2025-06-19,CUST1023,Blender,Home Appliances,3,37.44,0.0,112.32,Bengaluru,UPI,Consumer
ORD101024,2025-03-04,CUST1024,Laptop,Electronics,1,1238.37,0.1,1114.53,Coimbatore,Credit Card,Consumer
ORD101025,2025-03-30,CUST1025,Desk,Furniture,5,155.8,0.05,740.05,Pune,Net Banking,Corporate
ORD101026,2025-07-08,CUST1026,Blender,Home Appliances,5,121.25,0.0,606.25,Bengaluru,Debit Card,Corporate
ORD101027,2025-07-09,CUST1027,Office Chair,Furniture,1,169.94,0.1,152.95,Pune,Cash,Consumer
ORD101028,2025-03-30,CUST1028,Book,Books,3,11.07,0.05,31.55,Chennai,Cash,Corporate
ORD101029,2025-12-14,CUST1029,Book,Books,5,18.29,0.0,91.45,Hyderabad,Net Banking,Consumer
ORD101030,2025-11-28,CUST1030,Coffee Maker,Home Appliances,5,208.3,0.15,885.28,Chennai,UPI,Corporate
ORD101031,2025-01-26,CUST1031,T-Shirt,Fashion,3,29.6,0.1,79.92,Hyderabad,Cash,Consumer
ORD101032,2025-06-25,CUST1032,Laptop,Electronics,3,1263.23,0.0,3789.69,Mumbai,Net Banking,Corporate
ORD101033,2025-12-30,CUST1033,Notebook,Stationery,1,3.63,0.05,3.45,Kochi,Credit Card,Consumer
ORD101034,2025-09-21,CUST1034,Notebook,Stationery,4,12.05,0.0,48.2,Chennai,Debit Card,Home Office
ORD101035,2025-02-11,CUST1035,Backpack,Accessories,2,43.69,0.15,74.27,Salem,UPI,Consumer
ORD101036,2025-04-29,CUST1036,Notebook,Stationery,4,10.81,0.1,38.92,Bengaluru,UPI,Consumer
ORD101037,2025-06-18,CUST1037,Office Chair,Furniture,4,261.05,0.0,1044.2,Salem,Credit Card,Consumer
ORD101038,2025-04-18,CUST1038,Office Chair,Furniture,5,377.33,0.0,1886.65,Mumbai,UPI,Consumer
ORD101039,2025-05-27,CUST1039,Book,Books,3,18.56,0.0,55.68,Madurai,Net Banking,Consumer
ORD101040,2025-06-25,CUST1040,Smartphone,Electronics,5,312.86,0.05,1486.08,Salem,UPI,Corporate
ORD101041,2025-07-08,CUST1041,Coffee Maker,Home Appliances,2,44.02,0.1,79.24,Mumbai,UPI,Consumer
ORD101042,2025-06-09,CUST1042,Headphones,Electronics,1,211.04,0.0,211.04,Madurai,UPI,Consumer
ORD101043,2025-10-29,CUST1043,Backpack,Accessories,2,72.47,0.0,144.94,Hyderabad,Net Banking,Consumer
ORD101044,2025-12-14,CUST1044,Desk,Furniture,5,487.62,0.0,2438.1,Salem,Debit Card,Consumer
ORD101045,2025-03-15,CUST1045,Blender,Home Appliances,5,65.16,0.0,325.8,Mumbai,Cash,Consumer
ORD101046,2025-12-18,CUST1046,Smartphone,Electronics,5,577.83,0.05,2744.69,Madurai,UPI,Home Office
ORD101047,2025-01-18,CUST1047,Desk,Furniture,5,115.05,0.05,546.49,Hyderabad,Credit Card,Consumer
ORD101048,2025-05-20,CUST1048,Smartphone,Electronics,4,1163.42,0.1,4188.31,Mumbai,Credit Card,Consumer
ORD101049,2025-04-25,CUST1049,Smartphone,Electronics,1,884.47,0.2,707.58,Mumbai,Net Banking,Consumer
ORD101050,2025-11-24,CUST1050,Smartphone,Electronics,4,1136.54,0.15,3864.24,Hyderabad,Debit Card,Home Office
ORD101051,2025-08-13,CUST1051,Book,Books,5,14.29,0.05,67.88,Hyderabad,UPI,Corporate
ORD101052,2025-02-15,CUST1052,Notebook,Stationery,3,9.95,0.1,26.86,Mumbai,Net Banking,Home Office
ORD101053,2025-02-07,CUST1053,Coffee Maker,Home Appliances,4,182.48,0.2,583.94,Delhi,Cash,Consumer
ORD101054,2025-07-25,CUST1054,Headphones,Electronics,5,96.45,0.0,482.25,Pune,Debit Card,Home Office
ORD101055,2025-01-09,CUST1055,Notebook,Stationery,5,13.03,0.0,65.15,Delhi,Debit Card,Corporate
ORD101056,2025-09-10,CUST1056,Smartphone,Electronics,1,1149.8,0.0,1149.8,Coimbatore,Net Banking,Home Office
ORD101057,2025-04-18,CUST1057,Keyboard,Electronics,2,135.03,0.05,256.56,Chennai,Credit Card,Consumer
ORD101058,2025-04-08,CUST1058,T-Shirt,Fashion,4,46.95,0.1,169.02,Pune,Debit Card,Corporate
ORD101059,2025-10-02,CUST1059,Desk,Furniture,4,238.73,0.05,907.17,Bengaluru,Credit Card,Consumer
ORD101060,2025-03-12,CUST1060,Laptop,Electronics,4,817.54,0.05,3106.65,Salem,Debit Card,Consumer
ORD101061,2025-02-08,CUST1061,Shoes,Fashion,5,174.5,0.05,828.88,Chennai,Debit Card,Consumer
ORD101062,2025-10-25,CUST1062,Notebook,Stationery,1,2.13,0.0,2.13,Delhi,Debit Card,Corporate
ORD101063,2025-03-31,CUST1063,Blender,Home Appliances,5,137.41,0.0,687.05,Hyderabad,Cash,Home Office
ORD101064,2025-08-07,CUST1064,Book,Books,5,29.72,0.0,148.6,Mumbai,Credit Card,Corporate
ORD101065,2025-04-17,CUST1065,Backpack,Accessories,3,82.27,0.0,246.81,Delhi,Cash,Corporate
ORD101066,2025-04-06,CUST1066,Watch,Fashion,1,297.43,0.15,252.82,Bengaluru,Credit Card,Corporate
ORD101067,2025-02-01,CUST1067,Headphones,Electronics,4,95.17,0.15,323.58,Coimbatore,Cash,Corporate
ORD101068,2025-05-06,CUST1068,Laptop,Electronics,2,872.97,0.15,1484.05,Bengaluru,Cash,Consumer
ORD101069,2025-05-27,CUST1069,Office Chair,Furniture,4,105.26,0.1,378.94,Bengaluru,Cash,Consumer
ORD101070,2025-10-07,CUST1070,Air Fryer,Home Appliances,5,144.13,0.1,648.58,Delhi,Net Banking,Corporate
ORD101071,2025-01-24,CUST1071,Keyboard,Electronics,1,53.94,0.1,48.55,Hyderabad,Cash,Consumer
ORD101072,2025-07-28,CUST1072,Watch,Fashion,1,129.28,0.1,116.35,Pune,Debit Card,Corporate
ORD101073,2025-04-30,CUST1073,Shoes,Fashion,1,155.19,0.1,139.67,Chennai,UPI,Corporate
ORD101074,2025-10-01,CUST1074,Laptop,Electronics,3,1438.71,0.05,4100.32,Hyderabad,Cash,Consumer
ORD101075,2025-05-20,CUST1075,Watch,Fashion,4,88.29,0.05,335.5,Kochi,UPI,Home Office
ORD101076,2025-10-24,CUST1076,Laptop,Electronics,3,903.88,0.1,2440.48,Delhi,UPI,Consumer
ORD101077,2025-12-09,CUST1077,Blender,Home Appliances,2,169.29,0.0,338.58,Salem,Debit Card,Consumer
ORD101078,2025-03-23,CUST1078,Keyboard,Electronics,5,28.04,0.05,133.19,Bengaluru,UPI,Consumer
ORD101079,2025-07-27,CUST1079,Shoes,Fashion,3,43.85,0.05,124.97,Salem,UPI,Home Office
ORD101080,2025-02-02,CUST1080,Office Chair,Furniture,3,132.09,0.0,396.27,Chennai,UPI,Home Office
ORD101081,2025-01-24,CUST1081,Smartphone,Electronics,5,815.45,0.2,3261.8,Bengaluru,Credit Card,Consumer
ORD101082,2025-03-02,CUST1082,Desk,Furniture,1,175.24,0.0,175.24,Coimbatore,Cash,Consumer
ORD101083,2025-11-07,CUST1083,Office Chair,Furniture,5,389.78,0.0,1948.9,Coimbatore,Cash,Consumer
ORD101084,2025-07-08,CUST1084,Smartphone,Electronics,4,674.38,0.0,2697.52,Chennai,UPI,Consumer
ORD101085,2025-03-25,CUST1085,Air Fryer,Home Appliances,5,155.29,0.15,659.98,Bengaluru,Debit Card,Consumer
ORD101086,2025-08-13,CUST1086,Book,Books,1,13.63,0.05,12.95,Madurai,Credit Card,Consumer
ORD101087,2025-06-17,CUST1087,Coffee Maker,Home Appliances,5,138.9,0.1,625.05,Kochi,Debit Card,Corporate
ORD101088,2025-07-05,CUST1088,Coffee Maker,Home Appliances,3,179.0,0.15,456.45,Madurai,Debit Card,Corporate
ORD101089,2025-03-13,CUST1089,Coffee Maker,Home Appliances,2,197.75,0.0,395.5,Pune,UPI,Consumer
ORD101090,2025-03-15,CUST1090,Headphones,Electronics,3,194.62,0.0,583.86,Pune,Net Banking,Consumer
ORD101091,2025-12-07,CUST1091,Notebook,Stationery,2,9.51,0.0,19.02,Mumbai,UPI,Corporate
ORD101092,2025-06-02,CUST1092,T-Shirt,Fashion,5,55.22,0.1,248.49,Pune,Net Banking,Consumer
ORD101093,2025-04-06,CUST1093,Backpack,Accessories,4,101.74,0.1,366.26,Hyderabad,Credit Card,Consumer
ORD101094,2025-02-22,CUST1094,Backpack,Accessories,5,95.7,0.0,478.5,Mumbai,Net Banking,Consumer
ORD101095,2025-06-23,CUST1095,Notebook,Stationery,1,2.72,0.0,2.72,Coimbatore,UPI,Corporate
ORD101096,2025-04-20,CUST1096,Coffee Maker,Home Appliances,5,41.44,0.0,207.2,Hyderabad,UPI,Consumer
ORD101097,2025-11-12,CUST1097,Desk,Furniture,2,206.22,0.1,371.2,Bengaluru,Debit Card,Corporate
ORD101098,2025-02-20,CUST1098,Shoes,Fashion,3,129.53,0.0,388.59,Chennai,UPI,Consumer
ORD101099,2025-09-10,CUST1099,Keyboard,Electronics,4,73.46,0.0,293.84,Chennai,UPI,Consumer
ORD101100,2025-03-14,CUST1100,Shoes,Fashion,5,90.36,0.05,429.21,Kochi,Cash,Corporate
ORD101101,2025-07-31,CUST1101,Keyboard,Electronics,5,135.0,0.1,607.5,Coimbatore,Cash,Consumer
ORD101102,2025-07-31,CUST1102,Shoes,Fashion,3,164.33,0.1,443.69,Kochi,Debit Card,Consumer
ORD101103,2025-09-08,CUST1103,T-Shirt,Fashion,4,55.46,0.05,210.75,Madurai,Net Banking,Consumer
ORD101104,2025-06-17,CUST1104,Headphones,Electronics,5,95.62,0.1,430.29,Delhi,Net Banking,Corporate
ORD101105,2025-09-20,CUST1105,Headphones,Electronics,5,180.49,0.05,857.33,Coimbatore,Cash,Corporate
ORD101106,2025-11-27,CUST1106,Coffee Maker,Home Appliances,2,97.04,0.2,155.26,Salem,Credit Card,Consumer
ORD101107,2025-08-18,CUST1107,Air Fryer,Home Appliances,2,96.22,0.0,192.44,Pune,Cash,Corporate
ORD101108,2025-08-27,CUST1108,Smartphone,Electronics,1,425.4,0.1,382.86,Mumbai,Credit Card,Consumer
ORD101109,2025-10-02,CUST1109,Air Fryer,Home Appliances,3,125.0,0.05,356.25,Madurai,Net Banking,Consumer
ORD101110,2025-05-23,CUST1110,Watch,Fashion,4,151.79,0.0,607.16,Pune,Cash,Consumer
ORD101111,2025-03-11,CUST1111,Headphones,Electronics,5,211.96,0.1,953.82,Mumbai,UPI,Consumer
ORD101112,2025-11-08,CUST1112,Headphones,Electronics,5,51.98,0.0,259.9,Chennai,Credit Card,Consumer
ORD101113,2025-06-23,CUST1113,Office Chair,Furniture,1,315.18,0.05,299.42,Hyderabad,Credit Card,Consumer
ORD101114,2025-12-02,CUST1114,Office Chair,Furniture,5,250.07,0.05,1187.83,Chennai,Credit Card,Consumer
ORD101115,2025-04-19,CUST1115,Smartphone,Electronics,3,523.55,0.0,1570.65,Madurai,Net Banking,Consumer
ORD101116,2025-07-22,CUST1116,Blender,Home Appliances,1,103.92,0.05,98.72,Chennai,Debit Card,Home Office
ORD101117,2025-07-04,CUST1117,Watch,Fashion,3,117.98,0.05,336.24,Chennai,UPI,Consumer
ORD101118,2025-10-18,CUST1118,Air Fryer,Home Appliances,1,173.26,0.1,155.93,Chennai,Cash,Consumer
ORD101119,2025-11-24,CUST1119,Desk,Furniture,5,316.92,0.1,1426.14,Coimbatore,Credit Card,Consumer
ORD101120,2025-04-02,CUST1120,Office Chair,Furniture,1,132.61,0.0,132.61,Madurai,Net Banking,Consumer
ORD101121,2025-09-16,CUST1121,Desk,Furniture,2,158.29,0.05,300.75,Kochi,Credit Card,Corporate
ORD101122,2025-11-18,CUST1122,Laptop,Electronics,4,1069.36,0.15,3635.82,Chennai,Cash,Consumer
ORD101123,2025-07-25,CUST1123,Office Chair,Furniture,5,368.77,0.0,1843.85,Chennai,UPI,Consumer
ORD101124,2025-02-21,CUST1124,T-Shirt,Fashion,4,27.2,0.05,103.36,Mumbai,Credit Card,Corporate
ORD101125,2025-12-15,CUST1125,Blender,Home Appliances,5,139.95,0.1,629.78,Hyderabad,Net Banking,Consumer
ORD101126,2025-06-30,CUST1126,Watch,Fashion,4,211.25,0.1,760.5,Chennai,Net Banking,Consumer
ORD101127,2025-10-30,CUST1127,Book,Books,2,37.6,0.0,75.2,Kochi,Debit Card,Corporate
ORD101128,2025-01-03,CUST1128,Smartphone,Electronics,4,1029.93,0.05,3913.73,Kochi,Net Banking,Consumer
ORD101129,2025-03-25,CUST1129,Laptop,Electronics,1,1088.27,0.05,1033.86,Hyderabad,Debit Card,Consumer
ORD101130,2025-08-02,CUST1130,Book,Books,4,28.0,0.2,89.6,Hyderabad,UPI,Consumer
ORD101131,2025-02-03,CUST1131,Watch,Fashion,5,273.58,0.0,1367.9,Madurai,Cash,Corporate
ORD101132,2025-02-19,CUST1132,Air Fryer,Home Appliances,3,135.91,0.2,326.18,Hyderabad,Debit Card,Corporate
ORD101133,2025-10-16,CUST1133,Coffee Maker,Home Appliances,4,108.63,0.05,412.79,Salem,Credit Card,Consumer
ORD101134,2025-11-25,CUST1134,T-Shirt,Fashion,4,10.54,0.0,42.16,Madurai,Credit Card,Consumer
ORD101135,2025-09-16,CUST1135,Watch,Fashion,4,254.9,0.05,968.62,Bengaluru,Cash,Corporate
ORD101136,2025-09-15,CUST1136,T-Shirt,Fashion,5,50.05,0.1,225.22,Chennai,Net Banking,Consumer
ORD101137,2025-09-29,CUST1137,Notebook,Stationery,4,3.36,0.0,13.44,Kochi,Credit Card,Consumer
ORD101138,2025-07-01,CUST1138,T-Shirt,Fashion,5,38.84,0.0,194.2,Bengaluru,Debit Card,Consumer
ORD101139,2025-02-02,CUST1139,Desk,Furniture,5,331.99,0.15,1410.96,Chennai,Cash,Corporate
ORD101140,2025-09-22,CUST1140,Notebook,Stationery,3,3.54,0.2,8.5,Kochi,Credit Card,Consumer
ORD101141,2025-11-09,CUST1141,Shoes,Fashion,1,177.09,0.0,177.09,Kochi,Net Banking,Consumer
ORD101142,2025-02-09,CUST1142,Book,Books,5,12.51,0.0,62.55,Mumbai,Net Banking,Corporate
ORD101143,2025-11-04,CUST1143,Coffee Maker,Home Appliances,2,54.12,0.1,97.42,Madurai,Credit Card,Consumer
ORD101144,2025-07-29,CUST1144,Notebook,Stationery,4,9.73,0.1,35.03,Delhi,Cash,Consumer
ORD101145,2025-09-29,CUST1145,Air Fryer,Home Appliances,2,200.38,0.0,400.76,Mumbai,UPI,Corporate
ORD101146,2025-05-16,CUST1146,Laptop,Electronics,4,580.82,0.15,1974.79,Bengaluru,Credit Card,Consumer
ORD101147,2025-03-28,CUST1147,Watch,Fashion,3,211.27,0.0,633.81,Pune,Net Banking,Consumer
ORD101148,2025-03-01,CUST1148,Keyboard,Electronics,5,89.2,0.1,401.4,Madurai,UPI,Consumer
ORD101149,2025-06-13,CUST1149,Laptop,Electronics,1,648.1,0.05,615.69,Hyderabad,Cash,Consumer
ORD101150,2025-01-03,CUST1150,Shoes,Fashion,5,55.88,0.05,265.43,Pune,Net Banking,Consumer
ORD101151,2025-01-15,CUST1151,Laptop,Electronics,4,1089.58,0.0,4358.32,Bengaluru,Cash,Corporate
ORD101152,2025-04-12,CUST1152,Headphones,Electronics,1,91.68,0.1,82.51,Chennai,Credit Card,Corporate
ORD101153,2025-09-12,CUST1153,Air Fryer,Home Appliances,5,238.28,0.2,953.12,Coimbatore,Cash,Consumer
ORD101154,2025-08-13,CUST1154,Keyboard,Electronics,1,126.44,0.05,120.12,Delhi,Net Banking,Consumer
ORD101155,2025-07-29,CUST1155,Notebook,Stationery,4,14.79,0.05,56.2,Mumbai,Credit Card,Consumer
ORD101156,2025-01-23,CUST1156,Notebook,Stationery,3,5.38,0.0,16.14,Chennai,Net Banking,Home Office
ORD101157,2025-08-23,CUST1157,Notebook,Stationery,3,14.61,0.15,37.26,Bengaluru,Net Banking,Home Office
ORD101158,2025-05-11,CUST1158,Shoes,Fashion,5,94.69,0.2,378.76,Madurai,UPI,Consumer
ORD101159,2025-06-07,CUST1159,Desk,Furniture,2,273.76,0.1,492.77,Bengaluru,Debit Card,Consumer
ORD101160,2025-06-22,CUST1160,Book,Books,4,6.76,0.05,25.69,Pune,Cash,Consumer
ORD101161,2025-01-17,CUST1161,Watch,Fashion,5,53.72,0.2,214.88,Coimbatore,Cash,Home Office
ORD101162,2025-11-10,CUST1162,Blender,Home Appliances,5,133.8,0.0,669.0,Pune,UPI,Consumer
ORD101163,2025-07-04,CUST1163,Backpack,Accessories,3,65.79,0.05,187.5,Madurai,Cash,Consumer
ORD101164,2025-11-30,CUST1164,Book,Books,1,12.93,0.05,12.28,Kochi,UPI,Consumer
ORD101165,2025-07-03,CUST1165,Shoes,Fashion,4,122.1,0.05,463.98,Pune,Cash,Consumer
ORD101166,2025-05-23,CUST1166,Smartphone,Electronics,1,490.22,0.15,416.69,Salem,Cash,Consumer
ORD101167,2025-02-13,CUST1167,Air Fryer,Home Appliances,4,169.75,0.1,611.1,Kochi,Net Banking,Consumer
ORD101168,2025-01-12,CUST1168,Watch,Fashion,2,133.39,0.0,266.78,Hyderabad,UPI,Consumer
ORD101169,2025-01-08,CUST1169,Book,Books,3,33.82,0.0,101.46,Chennai,Cash,Consumer
ORD101170,2025-03-21,CUST1170,Coffee Maker,Home Appliances,2,212.35,0.0,424.7,Madurai,Debit Card,Consumer
ORD101171,2025-10-24,CUST1171,Shoes,Fashion,5,101.6,0.05,482.6,Bengaluru,UPI,Consumer
ORD101172,2025-06-11,CUST1172,Headphones,Electronics,3,103.93,0.0,311.79,Hyderabad,UPI,Home Office
ORD101173,2025-10-29,CUST1173,Backpack,Accessories,5,56.26,0.0,281.3,Pune,UPI,Corporate
ORD101174,2025-08-04,CUST1174,Headphones,Electronics,2,206.29,0.1,371.32,Chennai,Net Banking,Corporate
ORD101175,2025-09-05,CUST1175,Notebook,Stationery,4,6.27,0.15,21.32,Kochi,UPI,Consumer
ORD101176,2025-01-29,CUST1176,Backpack,Accessories,5,40.91,0.15,173.87,Salem,Net Banking,Corporate
ORD101177,2025-09-29,CUST1177,Book,Books,1,7.96,0.2,6.37,Kochi,Debit Card,Consumer
ORD101178,2025-05-13,CUST1178,Coffee Maker,Home Appliances,4,138.01,0.1,496.84,Mumbai,Credit Card,Consumer
ORD101179,2025-01-05,CUST1179,Notebook,Stationery,4,8.27,0.0,33.08,Madurai,Net Banking,Consumer
ORD101180,2025-09-01,CUST1180,Blender,Home Appliances,2,156.14,0.15,265.44,Kochi,Cash,Consumer
ORD101181,2025-01-30,CUST1181,Air Fryer,Home Appliances,2,102.04,0.05,193.88,Coimbatore,UPI,Consumer
ORD101182,2025-04-27,CUST1182,Smartphone,Electronics,3,611.94,0.1,1652.24,Madurai,Credit Card,Consumer
ORD101183,2025-06-27,CUST1183,Watch,Fashion,3,250.19,0.05,713.04,Mumbai,Net Banking,Consumer
ORD101184,2025-09-18,CUST1184,Desk,Furniture,1,511.81,0.15,435.04,Madurai,Cash,Consumer
ORD101185,2025-08-23,CUST1185,Headphones,Electronics,4,111.54,0.05,423.85,Madurai,Credit Card,Corporate
ORD101186,2025-05-21,CUST1186,Headphones,Electronics,1,128.3,0.0,128.3,Salem,Debit Card,Consumer
ORD101187,2025-11-01,CUST1187,Notebook,Stationery,1,5.94,0.05,5.64,Salem,Net Banking,Home Office
ORD101188,2025-12-11,CUST1188,T-Shirt,Fashion,2,56.63,0.0,113.26,Bengaluru,Net Banking,Consumer
ORD101189,2025-02-19,CUST1189,Backpack,Accessories,1,31.86,0.2,25.49,Kochi,Debit Card,Consumer
ORD101190,2025-09-27,CUST1190,Office Chair,Furniture,1,378.8,0.05,359.86,Pune,Net Banking,Home Office
ORD101191,2025-04-18,CUST1191,Blender,Home Appliances,5,132.58,0.05,629.76,Pune,UPI,Consumer
ORD101192,2025-02-15,CUST1192,Watch,Fashion,3,178.21,0.15,454.44,Salem,Net Banking,Corporate
ORD101193,2025-03-23,CUST1193,Backpack,Accessories,3,23.27,0.1,62.83,Chennai,UPI,Consumer
ORD101194,2025-05-06,CUST1194,T-Shirt,Fashion,4,33.78,0.0,135.12,Chennai,Net Banking,Consumer
ORD101195,2025-03-25,CUST1195,Laptop,Electronics,3,937.36,0.0,2812.08,Chennai,Cash,Consumer
ORD101196,2025-10-17,CUST1196,Backpack,Accessories,4,36.12,0.05,137.26,Chennai,Cash,Home Office
ORD101197,2025-03-12,CUST1197,Desk,Furniture,5,428.2,0.15,1819.85,Hyderabad,Credit Card,Consumer
ORD101198,2025-06-24,CUST1198,Watch,Fashion,3,292.5,0.1,789.75,Pune,Cash,Consumer
ORD101199,2025-11-12,CUST1199,Book,Books,5,24.68,0.2,98.72,Chennai,Debit Card,Corporate
ORD101200,2025-11-26,CUST1200,Blender,Home Appliances,3,137.21,0.0,411.63,Mumbai,Credit Card,Consumer
ORD101201,2025-12-03,CUST1201,T-Shirt,Fashion,3,13.42,0.0,40.26,Pune,Cash,Home Office
ORD101202,2025-12-20,CUST1202,Laptop,Electronics,5,946.78,0.0,4733.9,Madurai,UPI,Consumer
ORD101203,2025-04-01,CUST1203,Air Fryer,Home Appliances,1,82.11,0.1,73.9,Kochi,Net Banking,Consumer
ORD101204,2025-12-17,CUST1204,Keyboard,Electronics,1,99.66,0.0,99.66,Madurai,Cash,Consumer
ORD101205,2025-09-06,CUST1205,T-Shirt,Fashion,1,56.92,0.0,56.92,Pune,UPI,Consumer
ORD101206,2025-05-12,CUST1206,Keyboard,Electronics,1,106.03,0.05,100.73,Bengaluru,Credit Card,Corporate
ORD101207,2025-06-18,CUST1207,Watch,Fashion,3,59.97,0.05,170.91,Coimbatore,Net Banking,Consumer
ORD101208,2025-03-01,CUST1208,Headphones,Electronics,2,104.8,0.1,188.64,Salem,Cash,Consumer
ORD101209,2025-12-03,CUST1209,T-Shirt,Fashion,5,37.53,0.05,178.27,Pune,Credit Card,Home Office
ORD101210,2025-08-29,CUST1210,Air Fryer,Home Appliances,2,136.61,0.05,259.56,Delhi,Cash,Consumer
ORD101211,2025-07-09,CUST1211,Smartphone,Electronics,2,1041.96,0.05,1979.72,Chennai,Credit Card,Corporate
ORD101212,2025-12-06,CUST1212,Notebook,Stationery,4,12.59,0.15,42.81,Coimbatore,Cash,Corporate
ORD101213,2025-10-08,CUST1213,Keyboard,Electronics,1,99.54,0.05,94.56,Salem,UPI,Corporate
ORD101214,2025-08-20,CUST1214,Notebook,Stationery,3,6.85,0.0,20.55,Hyderabad,Debit Card,Home Office
ORD101215,2025-10-16,CUST1215,Desk,Furniture,1,227.67,0.0,227.67,Hyderabad,UPI,Consumer
ORD101216,2025-10-02,CUST1216,Smartphone,Electronics,1,350.58,0.0,350.58,Delhi,Net Banking,Corporate
ORD101217,2025-11-09,CUST1217,Notebook,Stationery,2,6.61,0.15,11.24,Mumbai,Cash,Consumer
ORD101218,2025-01-15,CUST1218,Shoes,Fashion,4,91.98,0.0,367.92,Madurai,Debit Card,Corporate
ORD101219,2025-02-10,CUST1219,Shoes,Fashion,1,131.37,0.15,111.66,Kochi,Debit Card,Consumer
ORD101220,2025-07-27,CUST1220,Laptop,Electronics,5,1175.25,0.0,5876.25,Madurai,Net Banking,Home Office
ORD101221,2025-03-01,CUST1221,Blender,Home Appliances,5,40.52,0.15,172.21,Salem,Net Banking,Home Office
ORD101222,2025-12-31,CUST1222,Headphones,Electronics,1,113.93,0.1,102.54,Pune,Debit Card,Consumer
ORD101223,2025-08-28,CUST1223,Watch,Fashion,2,87.26,0.05,165.79,Madurai,Net Banking,Consumer
ORD101224,2025-04-06,CUST1224,T-Shirt,Fashion,2,17.84,0.1,32.11,Bengaluru,Net Banking,Corporate
ORD101225,2025-10-05,CUST1225,Office Chair,Furniture,3,344.74,0.0,1034.22,Madurai,Cash,Consumer
ORD101226,2025-06-09,CUST1226,Desk,Furniture,4,120.96,0.05,459.65,Chennai,UPI,Consumer
ORD101227,2025-10-09,CUST1227,Keyboard,Electronics,2,74.49,0.0,148.98,Madurai,Credit Card,Consumer
ORD101228,2025-07-28,CUST1228,Watch,Fashion,3,83.73,0.05,238.63,Delhi,Debit Card,Consumer
ORD101229,2025-05-13,CUST1229,Smartphone,Electronics,5,1085.36,0.1,4884.12,Hyderabad,Credit Card,Consumer
ORD101230,2025-04-07,CUST1230,Coffee Maker,Home Appliances,5,156.98,0.0,784.9,Chennai,Debit Card,Consumer
ORD101231,2025-08-07,CUST1231,Shoes,Fashion,5,64.71,0.15,275.02,Salem,Debit Card,Consumer
ORD101232,2025-03-12,CUST1232,Coffee Maker,Home Appliances,1,145.51,0.05,138.23,Bengaluru,UPI,Consumer
ORD101233,2025-10-01,CUST1233,Air Fryer,Home Appliances,4,198.98,0.05,756.12,Mumbai,Debit Card,Consumer
ORD101234,2025-12-17,CUST1234,Desk,Furniture,3,579.06,0.15,1476.6,Madurai,Debit Card,Consumer
ORD101235,2025-05-14,CUST1235,Office Chair,Furniture,4,150.54,0.1,541.94,Pune,UPI,Consumer
ORD101236,2025-03-07,CUST1236,T-Shirt,Fashion,1,54.31,0.1,48.88,Bengaluru,Net Banking,Consumer
ORD101237,2025-05-07,CUST1237,Laptop,Electronics,3,1437.59,0.1,3881.49,Hyderabad,Credit Card,Consumer
ORD101238,2025-07-24,CUST1238,Office Chair,Furniture,3,373.25,0.15,951.79,Chennai,Debit Card,Home Office
ORD101239,2025-10-25,CUST1239,Desk,Furniture,2,417.71,0.0,835.42,Kochi,UPI,Consumer
ORD101240,2025-04-27,CUST1240,Office Chair,Furniture,4,281.54,0.1,1013.54,Delhi,Debit Card,Consumer
ORD101241,2025-09-24,CUST1241,Desk,Furniture,4,301.61,0.05,1146.12,Bengaluru,UPI,Consumer
ORD101242,2025-10-09,CUST1242,Desk,Furniture,2,476.2,0.0,952.4,Mumbai,Credit Card,Corporate
ORD101243,2025-05-29,CUST1243,Backpack,Accessories,5,73.13,0.0,365.65,Mumbai,Cash,Consumer
ORD101244,2025-07-13,CUST1244,Keyboard,Electronics,1,108.07,0.0,108.07,Coimbatore,Net Banking,Home Office
ORD101245,2025-06-17,CUST1245,Book,Books,4,20.0,0.05,76.0,Mumbai,Cash,Consumer
ORD101246,2025-11-08,CUST1246,Coffee Maker,Home Appliances,2,193.61,0.15,329.14,Delhi,UPI,Consumer
ORD101247,2025-06-28,CUST1247,Book,Books,3,33.86,0.1,91.42,Salem,Debit Card,Home Office
ORD101248,2025-05-28,CUST1248,Book,Books,2,10.13,0.05,19.25,Salem,Net Banking,Consumer
ORD101249,2025-02-26,CUST1249,Book,Books,5,34.15,0.0,170.75,Chennai,Credit Card,Home Office
ORD101250,2025-01-05,CUST1250,Notebook,Stationery,1,9.02,0.0,9.02,Bengaluru,Net Banking,Home Office
ORD101251,2025-01-14,CUST1251,Shoes,Fashion,5,156.7,0.05,744.32,Salem,Debit Card,Home Office
ORD101252,2025-10-07,CUST1252,Backpack,Accessories,3,63.13,0.1,170.45,Mumbai,Cash,Corporate
ORD101253,2025-11-20,CUST1253,T-Shirt,Fashion,3,28.95,0.0,86.85,Bengaluru,UPI,Consumer
ORD101254,2025-10-31,CUST1254,Backpack,Accessories,3,111.51,0.05,317.8,Mumbai,Cash,Consumer
ORD101255,2025-08-04,CUST1255,Headphones,Electronics,3,81.51,0.15,207.85,Mumbai,Net Banking,Consumer
ORD101256,2025-06-24,CUST1256,Headphones,Electronics,2,214.95,0.1,386.91,Kochi,Debit Card,Home Office
ORD101257,2025-11-12,CUST1257,Notebook,Stationery,3,8.29,0.1,22.38,Salem,UPI,Consumer
ORD101258,2025-01-03,CUST1258,Shoes,Fashion,3,107.11,0.1,289.2,Madurai,Debit Card,Consumer
ORD101259,2025-05-17,CUST1259,Office Chair,Furniture,2,178.71,0.0,357.42,Kochi,Debit Card,Corporate
ORD101260,2025-04-10,CUST1260,Keyboard,Electronics,3,94.5,0.0,283.5,Bengaluru,Net Banking,Consumer
ORD101261,2025-03-24,CUST1261,Shoes,Fashion,5,78.78,0.15,334.82,Coimbatore,Cash,Consumer
ORD101262,2025-10-07,CUST1262,Notebook,Stationery,5,2.51,0.1,11.3,Bengaluru,Debit Card,Home Office
ORD101263,2025-05-12,CUST1263,Desk,Furniture,4,236.0,0.05,896.8,Coimbatore,Debit Card,Consumer
ORD101264,2025-01-01,CUST1264,Smartphone,Electronics,5,256.06,0.0,1280.3,Madurai,Debit Card,Consumer
ORD101265,2025-04-26,CUST1265,Keyboard,Electronics,1,147.19,0.1,132.47,Bengaluru,UPI,Consumer
ORD101266,2025-07-21,CUST1266,Blender,Home Appliances,1,174.86,0.0,174.86,Kochi,Debit Card,Consumer
ORD101267,2025-05-20,CUST1267,Coffee Maker,Home Appliances,1,122.98,0.0,122.98,Delhi,Debit Card,Consumer
ORD101268,2025-05-26,CUST1268,Keyboard,Electronics,2,114.69,0.0,229.38,Bengaluru,Net Banking,Consumer
ORD101269,2025-09-23,CUST1269,Notebook,Stationery,5,6.5,0.05,30.88,Madurai,Debit Card,Consumer
ORD101270,2025-07-21,CUST1270,Desk,Furniture,1,435.55,0.0,435.55,Kochi,Debit Card,Consumer
ORD101271,2025-06-01,CUST1271,Desk,Furniture,4,502.72,0.0,2010.88,Bengaluru,Net Banking,Consumer
ORD101272,2025-08-10,CUST1272,Laptop,Electronics,2,1449.42,0.1,2608.96,Pune,UPI,Consumer
ORD101273,2025-03-20,CUST1273,Book,Books,4,19.01,0.05,72.24,Mumbai,Cash,Consumer
ORD101274,2025-07-19,CUST1274,Shoes,Fashion,5,147.49,0.05,700.58,Chennai,Net Banking,Consumer
ORD101275,2025-09-07,CUST1275,Desk,Furniture,3,232.96,0.05,663.94,Kochi,UPI,Consumer
ORD101276,2025-04-09,CUST1276,Headphones,Electronics,4,247.82,0.2,793.02,Coimbatore,Cash,Consumer
ORD101277,2025-08-01,CUST1277,Book,Books,3,5.9,0.0,17.7,Hyderabad,Debit Card,Corporate
ORD101278,2025-05-23,CUST1278,T-Shirt,Fashion,2,40.18,0.0,80.36,Hyderabad,Net Banking,Corporate
ORD101279,2025-07-09,CUST1279,Smartphone,Electronics,4,876.53,0.1,3155.51,Salem,Debit Card,Consumer
ORD101280,2025-10-28,CUST1280,Notebook,Stationery,4,10.94,0.0,43.76,Mumbai,Net Banking,Corporate
ORD101281,2025-02-21,CUST1281,Coffee Maker,Home Appliances,2,65.28,0.05,124.03,Hyderabad,Cash,Consumer
ORD101282,2025-04-22,CUST1282,Shoes,Fashion,2,170.78,0.05,324.48,Coimbatore,UPI,Home Office
ORD101283,2025-05-15,CUST1283,Watch,Fashion,1,87.11,0.2,69.69,Pune,Net Banking,Consumer
ORD101284,2025-04-22,CUST1284,Headphones,Electronics,5,165.12,0.15,701.76,Salem,UPI,Home Office
ORD101285,2025-01-13,CUST1285,Air Fryer,Home Appliances,4,102.31,0.15,347.85,Chennai,Debit Card,Consumer
ORD101286,2025-09-30,CUST1286,Blender,Home Appliances,4,76.08,0.0,304.32,Salem,Debit Card,Consumer
ORD101287,2025-08-21,CUST1287,Office Chair,Furniture,2,254.87,0.15,433.28,Bengaluru,Cash,Corporate
ORD101288,2025-02-13,CUST1288,Desk,Furniture,2,308.6,0.0,617.2,Mumbai,Cash,Consumer
ORD101289,2025-03-14,CUST1289,Watch,Fashion,5,81.66,0.1,367.47,Kochi,Credit Card,Corporate
ORD101290,2025-09-18,CUST1290,Desk,Furniture,2,185.47,0.1,333.85,Salem,Credit Card,Consumer
ORD101291,2025-08-19,CUST1291,Keyboard,Electronics,3,74.36,0.0,223.08,Kochi,Cash,Consumer
ORD101292,2025-02-02,CUST1292,Headphones,Electronics,3,195.39,0.1,527.55,Chennai,Debit Card,Corporate
ORD101293,2025-03-09,CUST1293,Keyboard,Electronics,3,136.74,0.0,410.22,Madurai,UPI,Consumer
ORD101294,2025-01-16,CUST1294,Laptop,Electronics,3,629.92,0.0,1889.76,Delhi,Cash,Consumer
ORD101295,2025-05-30,CUST1295,Keyboard,Electronics,5,71.1,0.15,302.18,Madurai,UPI,Home Office
ORD101296,2025-10-19,CUST1296,Laptop,Electronics,4,645.23,0.0,2580.92,Hyderabad,Credit Card,Home Office
ORD101297,2025-04-12,CUST1297,Blender,Home Appliances,3,32.49,0.0,97.47,Bengaluru,UPI,Consumer
ORD101298,2025-07-05,CUST1298,Notebook,Stationery,2,10.6,0.05,20.14,Mumbai,Cash,Corporate
ORD101299,2025-01-25,CUST1299,Laptop,Electronics,3,1122.33,0.15,2861.94,Mumbai,Debit Card,Home Office
ORD101300,2025-03-13,CUST1300,Watch,Fashion,5,82.38,0.0,411.9,Hyderabad,Cash,Consumer
ORD101301,2025-03-22,CUST1301,Book,Books,2,13.18,0.05,25.04,Pune,Net Banking,Home Office
ORD101302,2025-03-02,CUST1302,Desk,Furniture,3,111.85,0.15,285.22,Kochi,Net Banking,Consumer
ORD101303,2025-01-18,CUST1303,Office Chair,Furniture,4,347.18,0.0,1388.72,Mumbai,Net Banking,Corporate
ORD101304,2025-08-30,CUST1304,Book,Books,2,39.11,0.0,78.22,Madurai,Debit Card,Consumer
ORD101305,2025-02-27,CUST1305,Coffee Maker,Home Appliances,2,68.45,0.1,123.21,Pune,Cash,Corporate
ORD101306,2025-11-28,CUST1306,Notebook,Stationery,4,5.01,0.05,19.04,Pune,Net Banking,Corporate
ORD101307,2025-02-26,CUST1307,Keyboard,Electronics,2,132.89,0.15,225.91,Kochi,Cash,Consumer
ORD101308,2025-04-07,CUST1308,Air Fryer,Home Appliances,3,236.03,0.0,708.09,Hyderabad,Credit Card,Consumer
ORD101309,2025-08-03,CUST1309,Coffee Maker,Home Appliances,2,128.12,0.15,217.8,Salem,Net Banking,Home Office
ORD101310,2025-11-15,CUST1310,Headphones,Electronics,3,36.39,0.15,92.79,Delhi,Net Banking,Home Office
ORD101311,2025-01-12,CUST1311,Laptop,Electronics,4,587.42,0.0,2349.68,Mumbai,Debit Card,Consumer
ORD101312,2025-01-11,CUST1312,Desk,Furniture,1,386.97,0.0,386.97,Coimbatore,Cash,Corporate
ORD101313,2025-06-12,CUST1313,Smartphone,Electronics,4,623.25,0.2,1994.4,Madurai,Debit Card,Consumer
ORD101314,2025-10-10,CUST1314,Shoes,Fashion,3,34.3,0.05,97.75,Chennai,Debit Card,Corporate
ORD101315,2025-08-05,CUST1315,Watch,Fashion,5,191.65,0.05,910.34,Delhi,Cash,Consumer
ORD101316,2025-12-26,CUST1316,Office Chair,Furniture,4,83.62,0.1,301.03,Kochi,Credit Card,Consumer
ORD101317,2025-11-19,CUST1317,Backpack,Accessories,5,98.74,0.1,444.33,Bengaluru,Cash,Consumer
ORD101318,2025-08-29,CUST1318,Watch,Fashion,5,119.67,0.15,508.6,Mumbai,Credit Card,Consumer
ORD101319,2025-12-11,CUST1319,Blender,Home Appliances,3,36.04,0.0,108.12,Pune,Debit Card,Corporate
ORD101320,2025-02-14,CUST1320,Smartphone,Electronics,3,808.93,0.0,2426.79,Hyderabad,Credit Card,Consumer
ORD101321,2025-03-22,CUST1321,Air Fryer,Home Appliances,1,135.56,0.15,115.23,Mumbai,Credit Card,Corporate
ORD101322,2025-09-12,CUST1322,Shoes,Fashion,2,176.07,0.15,299.32,Coimbatore,Credit Card,Home Office
ORD101323,2025-03-08,CUST1323,Smartphone,Electronics,4,766.99,0.1,2761.16,Hyderabad,Net Banking,Corporate
ORD101324,2025-04-12,CUST1324,Keyboard,Electronics,3,55.78,0.2,133.87,Pune,Net Banking,Consumer
ORD101325,2025-04-01,CUST1325,Laptop,Electronics,4,1223.97,0.1,4406.29,Salem,Debit Card,Consumer
ORD101326,2025-02-11,CUST1326,Notebook,Stationery,5,5.53,0.0,27.65,Pune,Cash,Consumer
ORD101327,2025-10-03,CUST1327,Office Chair,Furniture,2,369.36,0.15,627.91,Salem,Credit Card,Consumer
ORD101328,2025-10-31,CUST1328,T-Shirt,Fashion,1,28.74,0.05,27.3,Salem,Net Banking,Home Office
ORD101329,2025-10-01,CUST1329,Laptop,Electronics,4,1072.38,0.0,4289.52,Hyderabad,Cash,Consumer
ORD101330,2025-03-18,CUST1330,T-Shirt,Fashion,2,12.53,0.0,25.06,Delhi,Credit Card,Home Office
ORD101331,2025-08-22,CUST1331,Coffee Maker,Home Appliances,1,129.49,0.1,116.54,Mumbai,Cash,Consumer
ORD101332,2025-07-21,CUST1332,Notebook,Stationery,4,12.82,0.2,41.02,Coimbatore,UPI,Consumer
ORD101333,2025-08-09,CUST1333,Shoes,Fashion,2,150.85,0.0,301.7,Kochi,Credit Card,Consumer
ORD101334,2025-09-19,CUST1334,Desk,Furniture,3,212.16,0.0,636.48,Pune,Cash,Corporate
ORD101335,2025-02-08,CUST1335,Backpack,Accessories,4,42.61,0.05,161.92,Mumbai,Credit Card,Consumer
ORD101336,2025-01-11,CUST1336,Headphones,Electronics,2,208.89,0.15,355.11,Salem,Credit Card,Consumer
ORD101337,2025-04-22,CUST1337,Book,Books,1,37.56,0.1,33.8,Salem,UPI,Corporate
ORD101338,2025-04-18,CUST1338,Notebook,Stationery,2,3.24,0.05,6.16,Pune,Cash,Home Office
ORD101339,2025-04-04,CUST1339,Laptop,Electronics,3,977.56,0.1,2639.41,Salem,Debit Card,Consumer
ORD101340,2025-11-07,CUST1340,Office Chair,Furniture,4,187.99,0.0,751.96,Bengaluru,Net Banking,Consumer
ORD101341,2025-03-25,CUST1341,Book,Books,4,35.47,0.05,134.79,Kochi,Credit Card,Consumer
ORD101342,2025-02-27,CUST1342,Blender,Home Appliances,4,42.53,0.0,170.12,Mumbai,Credit Card,Corporate
ORD101343,2025-10-20,CUST1343,Blender,Home Appliances,3,61.67,0.15,157.26,Chennai,Credit Card,Consumer
ORD101344,2025-01-16,CUST1344,Smartphone,Electronics,1,964.84,0.0,964.84,Chennai,Credit Card,Home Office
ORD101345,2025-11-22,CUST1345,Book,Books,4,6.8,0.1,24.48,Hyderabad,Net Banking,Consumer
ORD101346,2025-04-03,CUST1346,Office Chair,Furniture,1,237.61,0.0,237.61,Pune,Debit Card,Consumer
ORD101347,2025-06-14,CUST1347,Shoes,Fashion,2,96.32,0.05,183.01,Salem,UPI,Consumer
ORD101348,2025-08-03,CUST1348,Coffee Maker,Home Appliances,1,110.22,0.0,110.22,Hyderabad,Debit Card,Corporate
ORD101349,2025-05-24,CUST1349,T-Shirt,Fashion,1,29.73,0.0,29.73,Madurai,Net Banking,Consumer
ORD101350,2025-10-01,CUST1350,Smartphone,Electronics,4,753.44,0.0,3013.76,Chennai,Cash,Home Office
ORD101351,2025-05-18,CUST1351,Blender,Home Appliances,5,54.21,0.1,243.95,Delhi,UPI,Consumer
ORD101352,2025-07-23,CUST1352,Headphones,Electronics,5,153.7,0.05,730.08,Hyderabad,UPI,Consumer
ORD101353,2025-10-29,CUST1353,Headphones,Electronics,3,206.22,0.1,556.79,Delhi,Cash,Consumer
ORD101354,2025-07-29,CUST1354,Laptop,Electronics,3,1272.15,0.05,3625.63,Salem,Credit Card,Consumer
ORD101355,2025-01-19,CUST1355,Shoes,Fashion,5,53.08,0.05,252.13,Madurai,Net Banking,Consumer
ORD101356,2025-10-21,CUST1356,Desk,Furniture,2,174.62,0.05,331.78,Salem,Cash,Consumer
ORD101357,2025-10-20,CUST1357,Blender,Home Appliances,4,70.23,0.2,224.74,Madurai,Debit Card,Consumer
ORD101358,2025-10-28,CUST1358,Air Fryer,Home Appliances,4,128.6,0.05,488.68,Madurai,Debit Card,Consumer
ORD101359,2025-06-11,CUST1359,Shoes,Fashion,2,91.27,0.0,182.54,Madurai,Cash,Consumer
ORD101360,2025-05-10,CUST1360,Coffee Maker,Home Appliances,2,182.74,0.15,310.66,Bengaluru,Net Banking,Corporate
ORD101361,2025-02-13,CUST1361,T-Shirt,Fashion,5,12.83,0.0,64.15,Madurai,UPI,Consumer
ORD101362,2025-12-19,CUST1362,Office Chair,Furniture,3,91.1,0.15,232.3,Bengaluru,UPI,Consumer
ORD101363,2025-03-24,CUST1363,Book,Books,2,18.72,0.0,37.44,Salem,Credit Card,Consumer
ORD101364,2025-05-04,CUST1364,Blender,Home Appliances,3,134.57,0.1,363.34,Bengaluru,Net Banking,Corporate
ORD101365,2025-01-27,CUST1365,Book,Books,1,11.77,0.0,11.77,Mumbai,Debit Card,Corporate
ORD101366,2025-10-31,CUST1366,Headphones,Electronics,4,169.34,0.15,575.76,Delhi,Debit Card,Consumer
ORD101367,2025-12-16,CUST1367,Office Chair,Furniture,5,163.15,0.05,774.96,Madurai,Credit Card,Corporate
ORD101368,2025-01-07,CUST1368,Office Chair,Furniture,4,363.55,0.0,1454.2,Coimbatore,Debit Card,Consumer
ORD101369,2025-12-07,CUST1369,Office Chair,Furniture,5,366.62,0.0,1833.1,Kochi,Credit Card,Consumer
ORD101370,2025-07-18,CUST1370,Headphones,Electronics,1,91.89,0.05,87.3,Hyderabad,Credit Card,Consumer
ORD101371,2025-04-22,CUST1371,Coffee Maker,Home Appliances,4,88.3,0.1,317.88,Salem,Cash,Consumer
ORD101372,2025-03-30,CUST1372,Book,Books,1,19.4,0.05,18.43,Pune,UPI,Corporate
ORD101373,2025-05-08,CUST1373,Watch,Fashion,5,102.54,0.0,512.7,Delhi,Net Banking,Consumer
ORD101374,2025-08-18,CUST1374,Book,Books,2,28.53,0.05,54.21,Delhi,Net Banking,Corporate
ORD101375,2025-01-18,CUST1375,Keyboard,Electronics,4,127.39,0.05,484.08,Pune,UPI,Consumer
ORD101376,2025-10-16,CUST1376,T-Shirt,Fashion,1,43.65,0.0,43.65,Hyderabad,Net Banking,Consumer
ORD101377,2025-06-10,CUST1377,Air Fryer,Home Appliances,4,216.63,0.0,866.52,Delhi,Debit Card,Consumer
ORD101378,2025-12-18,CUST1378,Watch,Fashion,4,143.22,0.1,515.59,Bengaluru,Debit Card,Consumer
ORD101379,2025-10-08,CUST1379,T-Shirt,Fashion,4,17.82,0.2,57.02,Mumbai,Net Banking,Home Office
ORD101380,2025-06-15,CUST1380,Smartphone,Electronics,3,951.05,0.0,2853.15,Chennai,Cash,Consumer
ORD101381,2025-09-17,CUST1381,Shoes,Fashion,1,84.07,0.1,75.66,Bengaluru,Net Banking,Consumer
ORD101382,2025-12-30,CUST1382,Shoes,Fashion,1,130.69,0.0,130.69,Madurai,Credit Card,Home Office
ORD101383,2025-07-09,CUST1383,Backpack,Accessories,4,47.06,0.05,178.83,Delhi,Credit Card,Consumer
ORD101384,2025-12-04,CUST1384,Shoes,Fashion,2,42.18,0.05,80.14,Bengaluru,UPI,Consumer
ORD101385,2025-09-23,CUST1385,Book,Books,4,39.74,0.0,158.96,Chennai,Debit Card,Consumer
ORD101386,2025-10-18,CUST1386,Headphones,Electronics,3,60.15,0.05,171.43,Mumbai,Cash,Home Office
ORD101387,2025-12-21,CUST1387,Air Fryer,Home Appliances,5,247.8,0.15,1053.15,Salem,Net Banking,Corporate
ORD101388,2025-12-26,CUST1388,Desk,Furniture,3,588.64,0.15,1501.03,Mumbai,Credit Card,Corporate
ORD101389,2025-10-06,CUST1389,Laptop,Electronics,2,1304.13,0.0,2608.26,Coimbatore,Debit Card,Corporate
ORD101390,2025-08-05,CUST1390,Backpack,Accessories,4,85.94,0.0,343.76,Bengaluru,Debit Card,Corporate
ORD101391,2025-11-17,CUST1391,Notebook,Stationery,1,9.51,0.2,7.61,Pune,Cash,Corporate
ORD101392,2025-12-04,CUST1392,Notebook,Stationery,4,13.26,0.0,53.04,Madurai,Cash,Consumer
ORD101393,2025-07-26,CUST1393,Laptop,Electronics,2,824.97,0.1,1484.95,Mumbai,Cash,Consumer
ORD101394,2025-06-02,CUST1394,T-Shirt,Fashion,1,33.38,0.0,33.38,Hyderabad,Cash,Consumer
ORD101395,2025-06-30,CUST1395,Laptop,Electronics,3,1138.42,0.05,3244.5,Bengaluru,Credit Card,Home Office
ORD101396,2025-07-31,CUST1396,Laptop,Electronics,5,940.63,0.0,4703.15,Salem,Cash,Corporate
ORD101397,2025-09-30,CUST1397,Notebook,Stationery,5,7.56,0.15,32.13,Madurai,Debit Card,Consumer
ORD101398,2025-07-22,CUST1398,Backpack,Accessories,4,53.03,0.15,180.3,Pune,Debit Card,Consumer
ORD101399,2025-07-24,CUST1399,Smartphone,Electronics,3,786.02,0.0,2358.06,Pune,Net Banking,Consumer
ORD101400,2025-06-02,CUST1400,Book,Books,2,34.77,0.15,59.11,Kochi,Debit Card,Corporate
ORD101401,2025-06-19,CUST1401,Office Chair,Furniture,5,144.49,0.05,686.33,Salem,Debit Card,Consumer
ORD101402,2025-08-29,CUST1402,Shoes,Fashion,3,170.16,0.0,510.48,Coimbatore,Credit Card,Corporate
ORD101403,2025-10-14,CUST1403,Shoes,Fashion,4,133.36,0.1,480.1,Hyderabad,Debit Card,Consumer
ORD101404,2025-09-02,CUST1404,Headphones,Electronics,1,210.24,0.05,199.73,Mumbai,UPI,Consumer
ORD101405,2025-11-17,CUST1405,Backpack,Accessories,4,75.62,0.0,302.48,Mumbai,Debit Card,Consumer
ORD101406,2025-03-21,CUST1406,Headphones,Electronics,4,200.39,0.0,801.56,Coimbatore,Net Banking,Corporate
ORD101407,2025-04-02,CUST1407,Desk,Furniture,3,108.1,0.2,259.44,Bengaluru,Net Banking,Consumer
ORD101408,2025-05-29,CUST1408,Desk,Furniture,5,509.19,0.15,2164.06,Chennai,Cash,Consumer
ORD101409,2025-01-30,CUST1409,Headphones,Electronics,3,34.03,0.15,86.78,Pune,Credit Card,Consumer
ORD101410,2025-05-03,CUST1410,Backpack,Accessories,1,108.99,0.0,108.99,Mumbai,Net Banking,Home Office
ORD101411,2025-11-22,CUST1411,Headphones,Electronics,3,248.19,0.1,670.11,Bengaluru,UPI,Consumer
ORD101412,2025-01-29,CUST1412,Shoes,Fashion,2,74.11,0.0,148.22,Kochi,UPI,Consumer
ORD101413,2025-09-16,CUST1413,Watch,Fashion,4,94.68,0.2,302.98,Coimbatore,Cash,Corporate
ORD101414,2025-07-05,CUST1414,Keyboard,Electronics,5,119.5,0.0,597.5,Coimbatore,Credit Card,Consumer
ORD101415,2025-03-16,CUST1415,Notebook,Stationery,1,5.29,0.05,5.03,Delhi,Credit Card,Corporate
ORD101416,2025-02-14,CUST1416,Notebook,Stationery,4,13.25,0.05,50.35,Coimbatore,Debit Card,Consumer
ORD101417,2025-03-10,CUST1417,Air Fryer,Home Appliances,3,79.54,0.15,202.83,Hyderabad,UPI,Consumer
ORD101418,2025-07-29,CUST1418,Laptop,Electronics,2,669.66,0.1,1205.39,Delhi,UPI,Home Office
ORD101419,2025-08-27,CUST1419,Keyboard,Electronics,3,147.29,0.05,419.78,Coimbatore,UPI,Home Office
ORD101420,2025-12-06,CUST1420,Book,Books,4,28.58,0.05,108.6,Madurai,UPI,Consumer
ORD101421,2025-11-04,CUST1421,Backpack,Accessories,1,104.69,0.15,88.99,Hyderabad,Net Banking,Consumer
ORD101422,2025-07-11,CUST1422,Coffee Maker,Home Appliances,5,108.11,0.0,540.55,Madurai,Credit Card,Consumer
ORD101423,2025-04-13,CUST1423,Keyboard,Electronics,4,107.94,0.15,367.0,Madurai,Debit Card,Consumer
ORD101424,2025-08-29,CUST1424,Air Fryer,Home Appliances,1,172.91,0.15,146.97,Delhi,Net Banking,Consumer
ORD101425,2025-09-10,CUST1425,Desk,Furniture,4,401.58,0.0,1606.32,Pune,Credit Card,Consumer
ORD101426,2025-08-08,CUST1426,T-Shirt,Fashion,2,44.13,0.0,88.26,Coimbatore,Cash,Corporate
ORD101427,2025-12-02,CUST1427,Laptop,Electronics,3,1096.59,0.0,3289.77,Mumbai,UPI,Consumer
ORD101428,2025-08-05,CUST1428,Air Fryer,Home Appliances,5,141.52,0.0,707.6,Bengaluru,Debit Card,Consumer
ORD101429,2025-07-21,CUST1429,Office Chair,Furniture,1,168.3,0.05,159.88,Salem,Credit Card,Corporate
ORD101430,2025-01-29,CUST1430,Coffee Maker,Home Appliances,5,201.4,0.1,906.3,Salem,Cash,Corporate
ORD101431,2025-07-31,CUST1431,Backpack,Accessories,5,42.63,0.05,202.49,Delhi,UPI,Consumer
ORD101432,2025-06-03,CUST1432,Laptop,Electronics,5,1207.74,0.0,6038.7,Hyderabad,Cash,Consumer
ORD101433,2025-08-19,CUST1433,Book,Books,1,13.17,0.1,11.85,Madurai,Cash,Corporate
ORD101434,2025-04-12,CUST1434,Keyboard,Electronics,1,101.29,0.1,91.16,Pune,Net Banking,Corporate
ORD101435,2025-11-11,CUST1435,Desk,Furniture,5,473.54,0.15,2012.54,Hyderabad,Cash,Consumer
ORD101436,2025-06-26,CUST1436,Smartphone,Electronics,3,457.78,0.0,1373.34,Delhi,Net Banking,Consumer
ORD101437,2025-06-30,CUST1437,Watch,Fashion,4,55.59,0.1,200.12,Chennai,Net Banking,Corporate
ORD101438,2025-08-20,CUST1438,Office Chair,Furniture,5,121.91,0.15,518.12,Bengaluru,Cash,Consumer
ORD101439,2025-01-12,CUST1439,Coffee Maker,Home Appliances,2,167.26,0.05,317.79,Pune,Credit Card,Home Office
ORD101440,2025-07-05,CUST1440,Watch,Fashion,5,260.86,0.05,1239.08,Hyderabad,Cash,Consumer
ORD101441,2025-09-06,CUST1441,Laptop,Electronics,1,592.75,0.0,592.75,Salem,Cash,Consumer
ORD101442,2025-09-23,CUST1442,Desk,Furniture,4,467.08,0.15,1588.07,Pune,Credit Card,Consumer
ORD101443,2025-05-15,CUST1443,Desk,Furniture,2,270.66,0.05,514.25,Madurai,UPI,Consumer
ORD101444,2025-09-02,CUST1444,Air Fryer,Home Appliances,4,150.92,0.15,513.13,Mumbai,Debit Card,Consumer
ORD101445,2025-01-31,CUST1445,Notebook,Stationery,4,14.08,0.15,47.87,Coimbatore,UPI,Corporate
ORD101446,2025-12-13,CUST1446,Notebook,Stationery,2,6.32,0.05,12.01,Mumbai,Cash,Corporate
ORD101447,2025-09-16,CUST1447,Keyboard,Electronics,5,80.49,0.05,382.33,Delhi,UPI,Consumer
ORD101448,2025-04-14,CUST1448,Air Fryer,Home Appliances,5,62.6,0.0,313.0,Chennai,Debit Card,Corporate
ORD101449,2025-01-01,CUST1449,Shoes,Fashion,5,42.24,0.0,211.2,Kochi,UPI,Consumer
ORD101450,2025-07-26,CUST1450,Keyboard,Electronics,3,53.62,0.1,144.77,Chennai,Debit Card,Consumer
ORD101451,2025-05-15,CUST1451,Shoes,Fashion,5,34.18,0.1,153.81,Madurai,UPI,Corporate
ORD101452,2025-09-28,CUST1452,Notebook,Stationery,2,10.21,0.05,19.4,Chennai,Net Banking,Consumer
ORD101453,2025-03-30,CUST1453,Air Fryer,Home Appliances,3,141.02,0.15,359.6,Bengaluru,Cash,Consumer
ORD101454,2025-07-14,CUST1454,Shoes,Fashion,5,112.22,0.0,561.1,Kochi,Debit Card,Consumer
ORD101455,2025-05-02,CUST1455,Office Chair,Furniture,3,135.89,0.05,387.29,Delhi,Cash,Corporate
ORD101456,2025-04-26,CUST1456,Air Fryer,Home Appliances,2,116.23,0.05,220.84,Coimbatore,Net Banking,Consumer
ORD101457,2025-07-15,CUST1457,Notebook,Stationery,5,10.63,0.0,53.15,Hyderabad,UPI,Consumer
ORD101458,2025-02-05,CUST1458,Keyboard,Electronics,1,145.49,0.2,116.39,Mumbai,Cash,Consumer
ORD101459,2025-03-08,CUST1459,Blender,Home Appliances,2,37.56,0.1,67.61,Bengaluru,UPI,Consumer
ORD101460,2025-05-13,CUST1460,Air Fryer,Home Appliances,4,229.17,0.05,870.85,Coimbatore,UPI,Corporate
ORD101461,2025-10-08,CUST1461,Smartphone,Electronics,4,798.04,0.05,3032.55,Bengaluru,Cash,Consumer
ORD101462,2025-01-11,CUST1462,Coffee Maker,Home Appliances,2,158.42,0.0,316.84,Madurai,Debit Card,Consumer
ORD101463,2025-08-06,CUST1463,Notebook,Stationery,4,8.5,0.05,32.3,Chennai,Debit Card,Consumer
ORD101464,2025-11-18,CUST1464,Headphones,Electronics,2,40.61,0.1,73.1,Coimbatore,Cash,Consumer
ORD101465,2025-06-05,CUST1465,Headphones,Electronics,1,45.22,0.15,38.44,Pune,Debit Card,Corporate
ORD101466,2025-08-28,CUST1466,Keyboard,Electronics,2,98.12,0.15,166.8,Pune,Credit Card,Consumer
ORD101467,2025-03-01,CUST1467,Keyboard,Electronics,5,64.32,0.0,321.6,Mumbai,UPI,Consumer
ORD101468,2025-05-18,CUST1468,Watch,Fashion,5,278.49,0.05,1322.83,Chennai,Cash,Home Office
ORD101469,2025-02-19,CUST1469,Coffee Maker,Home Appliances,3,125.38,0.0,376.14,Coimbatore,Net Banking,Consumer
ORD101470,2025-06-16,CUST1470,Coffee Maker,Home Appliances,4,70.09,0.0,280.36,Mumbai,Cash,Consumer
ORD101471,2025-06-14,CUST1471,Office Chair,Furniture,4,308.71,0.05,1173.1,Salem,Cash,Corporate
ORD101472,2025-11-15,CUST1472,Keyboard,Electronics,2,58.14,0.05,110.47,Hyderabad,UPI,Consumer
ORD101473,2025-07-08,CUST1473,Coffee Maker,Home Appliances,4,150.35,0.0,601.4,Madurai,Net Banking,Home Office
ORD101474,2025-04-02,CUST1474,Book,Books,5,29.42,0.1,132.39,Mumbai,UPI,Corporate
ORD101475,2025-10-21,CUST1475,Watch,Fashion,1,274.07,0.1,246.66,Salem,Debit Card,Home Office
ORD101476,2025-10-16,CUST1476,Shoes,Fashion,2,148.83,0.0,297.66,Chennai,Cash,Consumer
ORD101477,2025-03-16,CUST1477,Desk,Furniture,4,438.18,0.1,1577.45,Hyderabad,UPI,Consumer
ORD101478,2025-02-14,CUST1478,Desk,Furniture,5,439.82,0.0,2199.1,Madurai,Credit Card,Corporate
ORD101479,2025-02-22,CUST1479,Shoes,Fashion,3,171.89,0.05,489.89,Kochi,Cash,Home Office
ORD101480,2025-06-24,CUST1480,Backpack,Accessories,4,49.58,0.15,168.57,Bengaluru,Debit Card,Home Office
ORD101481,2025-06-10,CUST1481,Notebook,Stationery,1,2.01,0.05,1.91,Kochi,UPI,Home Office
ORD101482,2025-03-08,CUST1482,Watch,Fashion,1,110.71,0.15,94.1,Chennai,UPI,Corporate
ORD101483,2025-12-27,CUST1483,Book,Books,4,12.63,0.0,50.52,Bengaluru,Credit Card,Consumer
ORD101484,2025-09-27,CUST1484,Coffee Maker,Home Appliances,4,178.99,0.05,680.16,Mumbai,Debit Card,Consumer
ORD101485,2025-05-04,CUST1485,Blender,Home Appliances,5,125.06,0.05,594.04,Salem,Credit Card,Consumer
ORD101486,2025-07-01,CUST1486,Watch,Fashion,4,194.3,0.1,699.48,Salem,Cash,Consumer
ORD101487,2025-07-01,CUST1487,Air Fryer,Home Appliances,3,63.09,0.15,160.88,Kochi,Net Banking,Consumer
ORD101488,2025-02-05,CUST1488,Shoes,Fashion,5,139.32,0.1,626.94,Coimbatore,UPI,Consumer
ORD101489,2025-07-31,CUST1489,Book,Books,2,16.32,0.1,29.38,Hyderabad,Credit Card,Consumer
ORD101490,2025-05-14,CUST1490,Smartphone,Electronics,3,881.8,0.0,2645.4,Coimbatore,UPI,Home Office
ORD101491,2025-12-19,CUST1491,T-Shirt,Fashion,5,37.83,0.05,179.69,Coimbatore,UPI,Consumer
ORD101492,2025-06-27,CUST1492,Laptop,Electronics,5,875.59,0.1,3940.16,Mumbai,Credit Card,Consumer
ORD101493,2025-06-15,CUST1493,Notebook,Stationery,1,3.75,0.05,3.56,Delhi,UPI,Corporate
ORD101494,2025-12-03,CUST1494,Shoes,Fashion,5,44.16,0.2,176.64,Coimbatore,Debit Card,Corporate
ORD101495,2025-11-25,CUST1495,Blender,Home Appliances,3,154.73,0.0,464.19,Delhi,Debit Card,Consumer
ORD101496,2025-11-23,CUST1496,Coffee Maker,Home Appliances,4,232.86,0.05,884.87,Mumbai,Net Banking,Consumer
ORD101497,2025-02-15,CUST1497,Blender,Home Appliances,3,127.47,0.05,363.29,Hyderabad,Debit Card,Consumer
ORD101498,2025-06-05,CUST1498,Blender,Home Appliances,2,45.52,0.15,77.38,Salem,Credit Card,Consumer
ORD101499,2025-08-24,CUST1499,Keyboard,Electronics,5,72.26,0.15,307.1,Mumbai,Debit Card,Consumer
ORD101500,2025-11-12,CUST1500,Keyboard,Electronics,5,114.76,0.0,573.8,Kochi,Net Banking,Corporate
ORD101501,2025-03-01,CUST1501,Office Chair,Furniture,5,329.54,0.0,1647.7,Madurai,Cash,Corporate
ORD101502,2025-01-05,CUST1502,Shoes,Fashion,5,47.73,0.05,226.72,Chennai,Cash,Corporate
ORD101503,2025-06-30,CUST1503,Office Chair,Furniture,1,80.01,0.05,76.01,Delhi,Credit Card,Consumer
ORD101504,2025-05-25,CUST1504,Shoes,Fashion,1,136.82,0.2,109.46,Bengaluru,Net Banking,Consumer
ORD101505,2025-11-11,CUST1505,Notebook,Stationery,4,6.64,0.05,25.23,Chennai,Debit Card,Consumer
ORD101506,2025-09-22,CUST1506,Watch,Fashion,5,106.17,0.0,530.85,Coimbatore,Net Banking,Consumer
ORD101507,2025-08-11,CUST1507,Laptop,Electronics,2,562.25,0.05,1068.27,Hyderabad,UPI,Corporate
ORD101508,2025-10-28,CUST1508,Blender,Home Appliances,4,111.04,0.05,421.95,Kochi,Net Banking,Home Office
ORD101509,2025-12-02,CUST1509,Notebook,Stationery,5,13.06,0.15,55.5,Bengaluru,Debit Card,Consumer
ORD101510,2025-08-25,CUST1510,Watch,Fashion,1,288.98,0.0,288.98,Mumbai,Credit Card,Home Office
ORD101511,2025-01-13,CUST1511,T-Shirt,Fashion,2,38.29,0.0,76.58,Salem,UPI,Home Office
ORD101512,2025-12-05,CUST1512,Desk,Furniture,4,357.23,0.2,1143.14,Mumbai,Net Banking,Consumer
ORD101513,2025-09-25,CUST1513,Headphones,Electronics,2,44.14,0.0,88.28,Mumbai,Cash,Consumer
ORD101514,2025-09-23,CUST1514,Air Fryer,Home Appliances,5,164.29,0.1,739.3,Madurai,Debit Card,Consumer
ORD101515,2025-01-16,CUST1515,Book,Books,3,18.3,0.05,52.16,Kochi,Credit Card,Consumer
ORD101516,2025-04-02,CUST1516,Shoes,Fashion,2,121.07,0.05,230.03,Kochi,Debit Card,Consumer
ORD101517,2025-09-05,CUST1517,T-Shirt,Fashion,2,29.44,0.0,58.88,Coimbatore,Net Banking,Consumer
ORD101518,2025-01-19,CUST1518,Desk,Furniture,1,220.15,0.0,220.15,Coimbatore,Credit Card,Home Office
ORD101519,2025-12-26,CUST1519,Coffee Maker,Home Appliances,5,59.94,0.05,284.71,Chennai,Cash,Consumer
ORD101520,2025-04-13,CUST1520,Backpack,Accessories,2,51.49,0.0,102.98,Kochi,UPI,Consumer
ORD101521,2025-04-05,CUST1521,Laptop,Electronics,5,641.81,0.05,3048.6,Salem,Net Banking,Corporate
ORD101522,2025-10-10,CUST1522,Book,Books,1,11.19,0.0,11.19,Coimbatore,Credit Card,Home Office
ORD101523,2025-08-01,CUST1523,Office Chair,Furniture,5,395.95,0.1,1781.78,Hyderabad,UPI,Consumer
ORD101524,2025-02-06,CUST1524,Office Chair,Furniture,1,222.11,0.15,188.79,Madurai,Credit Card,Consumer
ORD101525,2025-03-02,CUST1525,Watch,Fashion,1,178.29,0.0,178.29,Chennai,Net Banking,Corporate
ORD101526,2025-10-18,CUST1526,Book,Books,4,35.58,0.0,142.32,Bengaluru,Credit Card,Corporate
ORD101527,2025-12-28,CUST1527,Keyboard,Electronics,5,149.42,0.15,635.03,Delhi,Cash,Home Office
ORD101528,2025-10-30,CUST1528,Desk,Furniture,3,391.36,0.1,1056.67,Salem,Credit Card,Consumer
ORD101529,2025-09-01,CUST1529,Backpack,Accessories,4,101.25,0.0,405.0,Bengaluru,Net Banking,Corporate
ORD101530,2025-11-07,CUST1530,T-Shirt,Fashion,1,26.35,0.05,25.03,Hyderabad,Credit Card,Consumer
ORD101531,2025-12-10,CUST1531,Laptop,Electronics,3,840.46,0.0,2521.38,Madurai,UPI,Home Office
ORD101532,2025-12-17,CUST1532,Notebook,Stationery,2,7.24,0.0,14.48,Madurai,UPI,Consumer
ORD101533,2025-01-06,CUST1533,Desk,Furniture,2,436.25,0.15,741.62,Salem,Debit Card,Consumer
ORD101534,2025-11-02,CUST1534,Backpack,Accessories,4,88.22,0.1,317.59,Mumbai,Debit Card,Consumer
ORD101535,2025-06-14,CUST1535,Headphones,Electronics,3,95.93,0.1,259.01,Pune,Cash,Consumer
ORD101536,2025-01-13,CUST1536,Shoes,Fashion,5,49.98,0.0,249.9,Madurai,UPI,Consumer
ORD101537,2025-01-25,CUST1537,Notebook,Stationery,3,10.22,0.0,30.66,Kochi,Debit Card,Consumer
ORD101538,2025-08-12,CUST1538,Office Chair,Furniture,4,121.06,0.15,411.6,Pune,Credit Card,Consumer
ORD101539,2025-05-03,CUST1539,Notebook,Stationery,5,9.52,0.0,47.6,Kochi,Cash,Consumer
ORD101540,2025-05-09,CUST1540,T-Shirt,Fashion,5,44.67,0.05,212.18,Mumbai,Net Banking,Corporate
ORD101541,2025-11-01,CUST1541,Office Chair,Furniture,2,304.2,0.0,608.4,Mumbai,Debit Card,Consumer
ORD101542,2025-05-02,CUST1542,T-Shirt,Fashion,3,47.67,0.05,135.86,Mumbai,Debit Card,Corporate
ORD101543,2025-02-04,CUST1543,Watch,Fashion,5,266.94,0.0,1334.7,Coimbatore,UPI,Corporate
ORD101544,2025-03-24,CUST1544,Keyboard,Electronics,4,84.99,0.0,339.96,Delhi,Cash,Consumer
ORD101545,2025-11-05,CUST1545,T-Shirt,Fashion,2,46.51,0.15,79.07,Mumbai,UPI,Consumer
ORD101546,2025-07-01,CUST1546,Office Chair,Furniture,5,278.14,0.1,1251.63,Kochi,UPI,Corporate
ORD101547,2025-03-17,CUST1547,Watch,Fashion,3,88.53,0.0,265.59,Kochi,Cash,Consumer
ORD101548,2025-04-14,CUST1548,T-Shirt,Fashion,2,11.28,0.1,20.3,Chennai,Credit Card,Consumer
ORD101549,2025-08-20,CUST1549,Headphones,Electronics,3,89.02,0.0,267.06,Delhi,Debit Card,Consumer
ORD101550,2025-10-30,CUST1550,Notebook,Stationery,3,7.76,0.05,22.12,Salem,UPI,Consumer
ORD101551,2025-02-12,CUST1551,Keyboard,Electronics,3,100.22,0.1,270.59,Salem,Debit Card,Consumer
ORD101552,2025-04-03,CUST1552,T-Shirt,Fashion,2,52.5,0.0,105.0,Delhi,Cash,Home Office
ORD101553,2025-05-24,CUST1553,Watch,Fashion,5,91.02,0.05,432.34,Bengaluru,Credit Card,Home Office
ORD101554,2025-09-11,CUST1554,Coffee Maker,Home Appliances,1,66.37,0.1,59.73,Coimbatore,Net Banking,Home Office
ORD101555,2025-03-19,CUST1555,Desk,Furniture,5,581.74,0.15,2472.4,Pune,Credit Card,Consumer
ORD101556,2025-09-20,CUST1556,Smartphone,Electronics,2,352.64,0.05,670.02,Salem,Cash,Home Office
ORD101557,2025-03-11,CUST1557,Backpack,Accessories,1,67.85,0.0,67.85,Mumbai,Credit Card,Corporate
ORD101558,2025-05-29,CUST1558,Smartphone,Electronics,1,806.29,0.0,806.29,Salem,Net Banking,Corporate
ORD101559,2025-10-19,CUST1559,Coffee Maker,Home Appliances,1,153.69,0.05,146.01,Mumbai,UPI,Consumer
ORD101560,2025-08-02,CUST1560,Smartphone,Electronics,4,331.73,0.0,1326.92,Kochi,Credit Card,Consumer
ORD101561,2025-12-26,CUST1561,Coffee Maker,Home Appliances,2,51.98,0.05,98.76,Mumbai,Cash,Home Office
ORD101562,2025-11-06,CUST1562,Laptop,Electronics,4,650.21,0.1,2340.76,Mumbai,Credit Card,Consumer
ORD101563,2025-05-27,CUST1563,Coffee Maker,Home Appliances,1,162.97,0.0,162.97,Coimbatore,Net Banking,Home Office
ORD101564,2025-01-25,CUST1564,Coffee Maker,Home Appliances,4,154.31,0.0,617.24,Chennai,Cash,Consumer
ORD101565,2025-11-19,CUST1565,Blender,Home Appliances,4,65.06,0.05,247.23,Mumbai,Credit Card,Home Office
ORD101566,2025-04-19,CUST1566,Coffee Maker,Home Appliances,2,173.93,0.0,347.86,Pune,Cash,Consumer
ORD101567,2025-06-30,CUST1567,Headphones,Electronics,3,209.52,0.2,502.85,Bengaluru,Net Banking,Consumer
ORD101568,2025-09-08,CUST1568,Desk,Furniture,4,120.79,0.05,459.0,Coimbatore,UPI,Consumer
ORD101569,2025-07-22,CUST1569,Shoes,Fashion,4,104.72,0.15,356.05,Chennai,Net Banking,Corporate
ORD101570,2025-10-31,CUST1570,T-Shirt,Fashion,1,44.47,0.15,37.8,Bengaluru,UPI,Corporate
ORD101571,2025-06-19,CUST1571,Backpack,Accessories,1,45.23,0.15,38.45,Madurai,Debit Card,Consumer
ORD101572,2025-06-24,CUST1572,Keyboard,Electronics,1,60.01,0.0,60.01,Kochi,Net Banking,Consumer
ORD101573,2025-12-13,CUST1573,Desk,Furniture,5,406.82,0.15,1728.98,Hyderabad,UPI,Consumer
ORD101574,2025-06-19,CUST1574,Office Chair,Furniture,4,367.34,0.0,1469.36,Kochi,Debit Card,Consumer
ORD101575,2025-01-02,CUST1575,Shoes,Fashion,1,151.49,0.0,151.49,Madurai,Debit Card,Corporate
ORD101576,2025-05-14,CUST1576,Laptop,Electronics,2,1103.97,0.05,2097.54,Bengaluru,Debit Card,Consumer
ORD101577,2025-05-07,CUST1577,Laptop,Electronics,5,1243.71,0.0,6218.55,Delhi,Cash,Consumer
ORD101578,2025-02-15,CUST1578,Air Fryer,Home Appliances,3,129.32,0.0,387.96,Kochi,Net Banking,Home Office
ORD101579,2025-07-13,CUST1579,Notebook,Stationery,4,10.33,0.0,41.32,Salem,Net Banking,Consumer
ORD101580,2025-12-28,CUST1580,Coffee Maker,Home Appliances,4,137.9,0.0,551.6,Pune,Net Banking,Consumer
ORD101581,2025-07-28,CUST1581,Desk,Furniture,2,194.97,0.1,350.95,Madurai,Net Banking,Consumer
ORD101582,2025-10-23,CUST1582,Watch,Fashion,3,222.45,0.0,667.35,Pune,Cash,Consumer
ORD101583,2025-02-27,CUST1583,Blender,Home Appliances,3,113.47,0.05,323.39,Coimbatore,Net Banking,Consumer
ORD101584,2025-03-19,CUST1584,Smartphone,Electronics,5,590.69,0.2,2362.76,Madurai,UPI,Consumer
ORD101585,2025-07-21,CUST1585,Office Chair,Furniture,4,371.63,0.05,1412.19,Mumbai,Debit Card,Consumer
ORD101586,2025-10-16,CUST1586,Laptop,Electronics,1,569.89,0.1,512.9,Delhi,Cash,Home Office
ORD101587,2025-03-03,CUST1587,Backpack,Accessories,2,51.58,0.2,82.53,Chennai,Cash,Corporate
ORD101588,2025-09-25,CUST1588,Laptop,Electronics,2,604.04,0.0,1208.08,Chennai,Net Banking,Home Office
ORD101589,2025-05-06,CUST1589,Keyboard,Electronics,2,119.65,0.05,227.34,Hyderabad,Debit Card,Consumer
ORD101590,2025-02-18,CUST1590,T-Shirt,Fashion,2,45.11,0.15,76.69,Hyderabad,UPI,Consumer
ORD101591,2025-03-29,CUST1591,Laptop,Electronics,1,864.78,0.15,735.06,Mumbai,Debit Card,Consumer
ORD101592,2025-11-30,CUST1592,Keyboard,Electronics,1,107.84,0.1,97.06,Pune,Credit Card,Corporate
ORD101593,2025-09-18,CUST1593,Desk,Furniture,5,297.97,0.0,1489.85,Coimbatore,Debit Card,Consumer
ORD101594,2025-06-28,CUST1594,Desk,Furniture,4,478.13,0.15,1625.64,Salem,UPI,Consumer
ORD101595,2025-03-10,CUST1595,Blender,Home Appliances,1,98.13,0.0,98.13,Hyderabad,UPI,Consumer
ORD101596,2025-03-01,CUST1596,Notebook,Stationery,5,7.36,0.05,34.96,Madurai,UPI,Consumer
ORD101597,2025-10-29,CUST1597,Air Fryer,Home Appliances,3,237.6,0.05,677.16,Kochi,Cash,Consumer
ORD101598,2025-09-06,CUST1598,Shoes,Fashion,4,67.63,0.05,256.99,Bengaluru,Cash,Consumer
ORD101599,2025-06-18,CUST1599,Laptop,Electronics,1,664.42,0.1,597.98,Delhi,Credit Card,Corporate
ORD101600,2025-09-26,CUST1600,Backpack,Accessories,3,78.45,0.15,200.05,Madurai,Debit Card,Consumer
ORD101601,2025-12-30,CUST1601,Laptop,Electronics,5,1470.86,0.1,6618.87,Kochi,Net Banking,Consumer
ORD101602,2025-04-22,CUST1602,Air Fryer,Home Appliances,1,131.79,0.0,131.79,Pune,Credit Card,Corporate
ORD101603,2025-04-10,CUST1603,Book,Books,1,7.17,0.05,6.81,Pune,Net Banking,Consumer
ORD101604,2025-08-03,CUST1604,Backpack,Accessories,3,53.93,0.1,145.61,Coimbatore,Net Banking,Consumer
ORD101605,2025-04-23,CUST1605,Headphones,Electronics,1,138.83,0.05,131.89,Mumbai,Credit Card,Consumer
ORD101606,2025-04-07,CUST1606,Coffee Maker,Home Appliances,2,74.0,0.15,125.8,Pune,Debit Card,Consumer
ORD101607,2025-11-03,CUST1607,Shoes,Fashion,1,128.72,0.15,109.41,Chennai,Net Banking,Corporate
ORD101608,2025-04-28,CUST1608,Headphones,Electronics,4,249.49,0.1,898.16,Delhi,Cash,Consumer
ORD101609,2025-02-05,CUST1609,Book,Books,3,20.81,0.0,62.43,Chennai,Cash,Consumer
ORD101610,2025-12-03,CUST1610,Book,Books,4,17.42,0.1,62.71,Bengaluru,Credit Card,Consumer
ORD101611,2025-12-25,CUST1611,Air Fryer,Home Appliances,5,136.13,0.15,578.55,Coimbatore,Net Banking,Corporate
ORD101612,2025-10-17,CUST1612,Laptop,Electronics,4,659.39,0.05,2505.68,Bengaluru,Credit Card,Consumer
ORD101613,2025-10-31,CUST1613,Air Fryer,Home Appliances,2,227.82,0.15,387.29,Pune,Cash,Corporate
ORD101614,2025-12-26,CUST1614,Air Fryer,Home Appliances,2,138.82,0.0,277.64,Mumbai,Credit Card,Corporate
ORD101615,2025-12-13,CUST1615,Book,Books,4,18.55,0.05,70.49,Hyderabad,Net Banking,Consumer
ORD101616,2025-05-04,CUST1616,Shoes,Fashion,5,128.95,0.1,580.28,Kochi,Net Banking,Consumer
ORD101617,2025-02-09,CUST1617,Headphones,Electronics,1,124.46,0.1,112.01,Kochi,Cash,Consumer
ORD101618,2025-05-21,CUST1618,Smartphone,Electronics,2,865.82,0.15,1471.89,Coimbatore,UPI,Consumer
ORD101619,2025-01-26,CUST1619,Laptop,Electronics,4,608.37,0.0,2433.48,Madurai,UPI,Consumer
ORD101620,2025-05-22,CUST1620,Book,Books,4,33.48,0.0,133.92,Madurai,Debit Card,Consumer
ORD101621,2025-12-18,CUST1621,Headphones,Electronics,4,236.61,0.1,851.8,Chennai,Cash,Consumer
ORD101622,2025-12-02,CUST1622,Notebook,Stationery,1,10.43,0.0,10.43,Chennai,Debit Card,Corporate
ORD101623,2025-02-26,CUST1623,Smartphone,Electronics,3,1156.84,0.05,3296.99,Kochi,Cash,Home Office
ORD101624,2025-05-30,CUST1624,Smartphone,Electronics,5,393.86,0.0,1969.3,Delhi,Net Banking,Corporate
ORD101625,2025-07-24,CUST1625,Desk,Furniture,3,338.71,0.0,1016.13,Bengaluru,Cash,Consumer
ORD101626,2025-03-17,CUST1626,Blender,Home Appliances,5,120.27,0.1,541.22,Chennai,Credit Card,Home Office
ORD101627,2025-10-12,CUST1627,Laptop,Electronics,5,1102.65,0.1,4961.92,Mumbai,Debit Card,Consumer
ORD101628,2025-07-29,CUST1628,Smartphone,Electronics,4,631.39,0.0,2525.56,Kochi,Cash,Consumer
ORD101629,2025-09-15,CUST1629,Book,Books,2,16.83,0.0,33.66,Delhi,Debit Card,Consumer
ORD101630,2025-09-16,CUST1630,Desk,Furniture,4,163.41,0.0,653.64,Bengaluru,Cash,Consumer
ORD101631,2025-07-03,CUST1631,Headphones,Electronics,1,113.14,0.05,107.48,Madurai,UPI,Consumer
ORD101632,2025-11-24,CUST1632,Notebook,Stationery,5,4.11,0.0,20.55,Kochi,Debit Card,Corporate
ORD101633,2025-01-11,CUST1633,Keyboard,Electronics,2,115.47,0.05,219.39,Salem,Net Banking,Consumer
ORD101634,2025-06-09,CUST1634,Laptop,Electronics,5,748.39,0.1,3367.76,Delhi,Net Banking,Consumer
ORD101635,2025-09-17,CUST1635,Shoes,Fashion,5,38.78,0.1,174.51,Coimbatore,Cash,Consumer
ORD101636,2025-03-29,CUST1636,Air Fryer,Home Appliances,4,164.95,0.0,659.8,Chennai,Net Banking,Corporate
ORD101637,2025-07-03,CUST1637,Backpack,Accessories,2,79.52,0.1,143.14,Hyderabad,Net Banking,Home Office
ORD101638,2025-01-16,CUST1638,Backpack,Accessories,2,107.19,0.15,182.22,Chennai,Debit Card,Corporate
ORD101639,2025-09-01,CUST1639,Headphones,Electronics,5,154.82,0.0,774.1,Bengaluru,Cash,Consumer
ORD101640,2025-03-27,CUST1640,Watch,Fashion,2,129.83,0.0,259.66,Kochi,Debit Card,Corporate
ORD101641,2025-07-18,CUST1641,Watch,Fashion,2,248.78,0.05,472.68,Madurai,Cash,Consumer
ORD101642,2025-01-10,CUST1642,Headphones,Electronics,4,146.56,0.0,586.24,Delhi,Net Banking,Home Office
ORD101643,2025-06-13,CUST1643,Book,Books,3,7.77,0.1,20.98,Hyderabad,Cash,Corporate
ORD101644,2025-01-24,CUST1644,Smartphone,Electronics,1,787.56,0.15,669.43,Chennai,Cash,Consumer
ORD101645,2025-03-05,CUST1645,Blender,Home Appliances,3,166.2,0.05,473.67,Pune,Credit Card,Corporate
ORD101646,2025-11-08,CUST1646,Laptop,Electronics,2,926.5,0.1,1667.7,Salem,Cash,Consumer
ORD101647,2025-08-26,CUST1647,Backpack,Accessories,5,49.63,0.1,223.34,Pune,Credit Card,Consumer
ORD101648,2025-12-11,CUST1648,Backpack,Accessories,1,34.35,0.0,34.35,Salem,Debit Card,Corporate
ORD101649,2025-08-26,CUST1649,Blender,Home Appliances,1,52.72,0.0,52.72,Madurai,Credit Card,Consumer
ORD101650,2025-01-22,CUST1650,Smartphone,Electronics,5,661.13,0.15,2809.8,Mumbai,Debit Card,Home Office
ORD101651,2025-06-29,CUST1651,Backpack,Accessories,1,79.57,0.15,67.63,Salem,Cash,Consumer
ORD101652,2025-11-02,CUST1652,Air Fryer,Home Appliances,5,75.32,0.1,338.94,Hyderabad,Debit Card,Corporate
ORD101653,2025-02-16,CUST1653,Shoes,Fashion,1,170.94,0.15,145.3,Salem,Net Banking,Corporate
ORD101654,2025-10-06,CUST1654,Laptop,Electronics,3,1267.38,0.0,3802.14,Delhi,Cash,Home Office
ORD101655,2025-08-12,CUST1655,T-Shirt,Fashion,1,39.33,0.0,39.33,Chennai,Credit Card,Consumer
ORD101656,2025-08-06,CUST1656,Backpack,Accessories,4,102.84,0.05,390.79,Chennai,UPI,Consumer
ORD101657,2025-08-25,CUST1657,Headphones,Electronics,5,43.04,0.0,215.2,Madurai,Cash,Corporate
ORD101658,2025-07-23,CUST1658,Shoes,Fashion,1,101.53,0.15,86.3,Pune,Net Banking,Consumer
ORD101659,2025-12-05,CUST1659,Backpack,Accessories,5,83.01,0.2,332.04,Pune,Debit Card,Consumer
ORD101660,2025-01-19,CUST1660,Coffee Maker,Home Appliances,4,214.02,0.15,727.67,Mumbai,Credit Card,Consumer
ORD101661,2025-06-29,CUST1661,Notebook,Stationery,1,12.19,0.05,11.58,Pune,Credit Card,Home Office
ORD101662,2025-06-11,CUST1662,Air Fryer,Home Appliances,1,112.64,0.0,112.64,Madurai,Net Banking,Corporate
ORD101663,2025-10-12,CUST1663,Shoes,Fashion,4,171.13,0.0,684.52,Salem,Net Banking,Consumer
ORD101664,2025-03-02,CUST1664,Desk,Furniture,4,162.17,0.05,616.25,Mumbai,Cash,Corporate
ORD101665,2025-03-26,CUST1665,T-Shirt,Fashion,4,53.76,0.1,193.54,Madurai,UPI,Consumer
ORD101666,2025-02-04,CUST1666,Notebook,Stationery,5,14.62,0.05,69.44,Coimbatore,UPI,Home Office
ORD101667,2025-01-05,CUST1667,Office Chair,Furniture,4,136.69,0.15,464.75,Bengaluru,Debit Card,Consumer
ORD101668,2025-03-17,CUST1668,Headphones,Electronics,5,187.46,0.15,796.7,Pune,Credit Card,Consumer
ORD101669,2025-09-10,CUST1669,Headphones,Electronics,3,34.06,0.0,102.18,Hyderabad,Cash,Consumer
ORD101670,2025-01-07,CUST1670,Laptop,Electronics,1,935.15,0.0,935.15,Chennai,Credit Card,Consumer
ORD101671,2025-06-18,CUST1671,Blender,Home Appliances,1,107.44,0.1,96.7,Bengaluru,Cash,Consumer
ORD101672,2025-05-10,CUST1672,Notebook,Stationery,2,9.55,0.0,19.1,Pune,Net Banking,Corporate
ORD101673,2025-05-18,CUST1673,Shoes,Fashion,3,170.39,0.1,460.05,Kochi,Debit Card,Home Office
ORD101674,2025-12-24,CUST1674,Smartphone,Electronics,4,888.64,0.05,3376.83,Madurai,Net Banking,Home Office
ORD101675,2025-10-27,CUST1675,Headphones,Electronics,4,133.29,0.0,533.16,Delhi,Credit Card,Consumer
ORD101676,2025-11-22,CUST1676,Shoes,Fashion,3,151.45,0.05,431.63,Salem,Debit Card,Consumer
ORD101677,2025-04-01,CUST1677,Book,Books,4,38.27,0.05,145.43,Madurai,Cash,Corporate
ORD101678,2025-06-12,CUST1678,Shoes,Fashion,2,33.31,0.15,56.63,Hyderabad,Cash,Consumer
ORD101679,2025-11-14,CUST1679,Book,Books,5,39.39,0.0,196.95,Mumbai,Debit Card,Consumer
ORD101680,2025-09-10,CUST1680,Coffee Maker,Home Appliances,1,58.09,0.15,49.38,Coimbatore,Net Banking,Consumer
ORD101681,2025-07-20,CUST1681,Keyboard,Electronics,3,125.87,0.1,339.85,Madurai,Debit Card,Consumer
ORD101682,2025-01-20,CUST1682,Keyboard,Electronics,1,56.44,0.1,50.8,Madurai,Net Banking,Consumer
ORD101683,2025-08-17,CUST1683,Office Chair,Furniture,5,122.3,0.0,611.5,Madurai,Debit Card,Corporate
ORD101684,2025-06-12,CUST1684,Desk,Furniture,3,319.93,0.1,863.81,Bengaluru,Net Banking,Consumer
ORD101685,2025-06-14,CUST1685,Office Chair,Furniture,5,286.07,0.05,1358.83,Salem,UPI,Corporate
ORD101686,2025-08-20,CUST1686,Book,Books,4,18.33,0.05,69.65,Salem,Debit Card,Corporate
ORD101687,2025-11-24,CUST1687,Notebook,Stationery,4,2.71,0.1,9.76,Salem,Net Banking,Consumer
ORD101688,2025-08-26,CUST1688,Backpack,Accessories,4,79.95,0.05,303.81,Kochi,Credit Card,Consumer
ORD101689,2025-04-30,CUST1689,Smartphone,Electronics,5,1107.28,0.15,4705.94,Bengaluru,Credit Card,Consumer
ORD101690,2025-12-17,CUST1690,Backpack,Accessories,5,58.32,0.0,291.6,Delhi,Debit Card,Consumer
ORD101691,2025-04-17,CUST1691,Watch,Fashion,5,96.25,0.15,409.06,Mumbai,Debit Card,Home Office
ORD101692,2025-09-07,CUST1692,Backpack,Accessories,1,64.26,0.0,64.26,Kochi,Cash,Corporate
ORD101693,2025-12-02,CUST1693,Laptop,Electronics,5,595.94,0.15,2532.75,Bengaluru,Net Banking,Consumer
ORD101694,2025-10-11,CUST1694,Backpack,Accessories,4,102.05,0.15,346.97,Coimbatore,Debit Card,Consumer
ORD101695,2025-07-17,CUST1695,Office Chair,Furniture,2,344.43,0.0,688.86,Madurai,Credit Card,Corporate
ORD101696,2025-08-08,CUST1696,Headphones,Electronics,5,157.3,0.05,747.18,Salem,Credit Card,Consumer
ORD101697,2025-05-31,CUST1697,Air Fryer,Home Appliances,2,127.09,0.1,228.76,Madurai,Credit Card,Corporate
ORD101698,2025-10-13,CUST1698,Headphones,Electronics,4,204.95,0.0,819.8,Bengaluru,Net Banking,Consumer
ORD101699,2025-09-22,CUST1699,Keyboard,Electronics,5,92.11,0.05,437.52,Chennai,UPI,Consumer
ORD101700,2025-08-08,CUST1700,Air Fryer,Home Appliances,1,216.93,0.05,206.08,Hyderabad,Debit Card,Consumer
ORD101701,2025-08-04,CUST1701,Blender,Home Appliances,1,124.72,0.15,106.01,Kochi,UPI,Corporate
ORD101702,2025-11-11,CUST1702,Smartphone,Electronics,2,995.19,0.15,1691.82,Delhi,Net Banking,Consumer
ORD101703,2025-06-05,CUST1703,Smartphone,Electronics,1,818.63,0.1,736.77,Salem,Debit Card,Consumer
ORD101704,2025-08-04,CUST1704,Laptop,Electronics,1,943.43,0.1,849.09,Coimbatore,Cash,Consumer
ORD101705,2025-12-01,CUST1705,Notebook,Stationery,1,14.45,0.1,13.0,Kochi,Debit Card,Consumer
ORD101706,2025-12-25,CUST1706,Office Chair,Furniture,4,253.16,0.05,962.01,Mumbai,Debit Card,Corporate
ORD101707,2025-04-24,CUST1707,Keyboard,Electronics,1,98.66,0.05,93.73,Delhi,Debit Card,Consumer
ORD101708,2025-06-10,CUST1708,Coffee Maker,Home Appliances,3,86.3,0.05,245.95,Mumbai,Debit Card,Consumer
ORD101709,2025-10-30,CUST1709,Watch,Fashion,5,202.67,0.15,861.35,Salem,Debit Card,Home Office
ORD101710,2025-04-08,CUST1710,Notebook,Stationery,1,9.43,0.1,8.49,Mumbai,Net Banking,Consumer
ORD101711,2025-06-06,CUST1711,Smartphone,Electronics,1,425.6,0.05,404.32,Bengaluru,Debit Card,Consumer
ORD101712,2025-06-11,CUST1712,Headphones,Electronics,1,38.41,0.1,34.57,Hyderabad,Net Banking,Consumer
ORD101713,2025-02-11,CUST1713,Backpack,Accessories,3,80.44,0.05,229.25,Mumbai,Debit Card,Home Office
ORD101714,2025-06-29,CUST1714,Backpack,Accessories,1,96.37,0.1,86.73,Chennai,Debit Card,Corporate
ORD101715,2025-10-30,CUST1715,Blender,Home Appliances,1,108.51,0.05,103.08,Delhi,Net Banking,Home Office
ORD101716,2025-11-26,CUST1716,Keyboard,Electronics,5,49.48,0.0,247.4,Chennai,Debit Card,Corporate
ORD101717,2025-02-20,CUST1717,Office Chair,Furniture,3,293.29,0.1,791.88,Hyderabad,Credit Card,Corporate
ORD101718,2025-09-09,CUST1718,Office Chair,Furniture,3,105.63,0.1,285.2,Coimbatore,Debit Card,Consumer
ORD101719,2025-12-16,CUST1719,Desk,Furniture,1,320.92,0.05,304.87,Hyderabad,Cash,Corporate
ORD101720,2025-04-30,CUST1720,Book,Books,3,10.72,0.05,30.55,Pune,Net Banking,Consumer
ORD101721,2025-03-16,CUST1721,T-Shirt,Fashion,2,19.22,0.1,34.6,Kochi,Debit Card,Corporate
ORD101722,2025-06-11,CUST1722,Smartphone,Electronics,3,442.18,0.1,1193.89,Chennai,Debit Card,Corporate
ORD101723,2025-05-29,CUST1723,Office Chair,Furniture,3,203.75,0.15,519.56,Bengaluru,Net Banking,Corporate
ORD101724,2025-05-03,CUST1724,Blender,Home Appliances,3,37.67,0.05,107.36,Coimbatore,UPI,Consumer
ORD101725,2025-05-21,CUST1725,Headphones,Electronics,4,114.5,0.2,366.4,Pune,Credit Card,Consumer
ORD101726,2025-07-01,CUST1726,Keyboard,Electronics,4,86.52,0.1,311.47,Hyderabad,Credit Card,Consumer
ORD101727,2025-10-04,CUST1727,Watch,Fashion,4,165.66,0.1,596.38,Salem,Debit Card,Consumer
ORD101728,2025-09-14,CUST1728,Desk,Furniture,3,291.39,0.1,786.75,Kochi,Net Banking,Home Office
ORD101729,2025-11-21,CUST1729,Blender,Home Appliances,2,155.87,0.0,311.74,Mumbai,Cash,Consumer
ORD101730,2025-09-02,CUST1730,Shoes,Fashion,3,51.8,0.0,155.4,Madurai,Debit Card,Consumer
ORD101731,2025-03-27,CUST1731,Laptop,Electronics,1,1030.41,0.1,927.37,Delhi,Credit Card,Consumer
ORD101732,2025-03-12,CUST1732,Watch,Fashion,2,56.13,0.05,106.65,Salem,Debit Card,Corporate
ORD101733,2025-09-26,CUST1733,Book,Books,4,7.49,0.1,26.96,Chennai,Net Banking,Home Office
ORD101734,2025-06-29,CUST1734,Shoes,Fashion,5,116.08,0.05,551.38,Coimbatore,Cash,Consumer
ORD101735,2025-10-06,CUST1735,Coffee Maker,Home Appliances,2,158.86,0.0,317.72,Coimbatore,UPI,Consumer
ORD101736,2025-05-29,CUST1736,Book,Books,4,35.73,0.0,142.92,Madurai,Cash,Consumer
ORD101737,2025-01-06,CUST1737,Backpack,Accessories,2,75.79,0.1,136.42,Coimbatore,Debit Card,Consumer
ORD101738,2025-05-28,CUST1738,Laptop,Electronics,2,1461.8,0.0,2923.6,Bengaluru,Credit Card,Consumer
ORD101739,2025-11-28,CUST1739,Smartphone,Electronics,3,296.26,0.1,799.9,Chennai,Net Banking,Corporate
ORD101740,2025-06-17,CUST1740,Headphones,Electronics,1,47.05,0.05,44.7,Hyderabad,Debit Card,Consumer
ORD101741,2025-01-09,CUST1741,Laptop,Electronics,5,591.86,0.1,2663.37,Coimbatore,UPI,Consumer
ORD101742,2025-06-27,CUST1742,Book,Books,4,11.48,0.0,45.92,Coimbatore,Net Banking,Corporate
ORD101743,2025-10-11,CUST1743,T-Shirt,Fashion,2,37.06,0.0,74.12,Hyderabad,Net Banking,Consumer
ORD101744,2025-04-26,CUST1744,Shoes,Fashion,5,126.84,0.1,570.78,Hyderabad,Net Banking,Consumer
ORD101745,2025-04-06,CUST1745,Smartphone,Electronics,2,293.31,0.05,557.29,Pune,Debit Card,Consumer
ORD101746,2025-11-27,CUST1746,Air Fryer,Home Appliances,1,239.73,0.0,239.73,Kochi,UPI,Consumer
ORD101747,2025-12-10,CUST1747,T-Shirt,Fashion,5,52.11,0.15,221.47,Kochi,Debit Card,Consumer
ORD101748,2025-02-25,CUST1748,Backpack,Accessories,4,49.66,0.0,198.64,Kochi,Net Banking,Corporate
ORD101749,2025-07-26,CUST1749,T-Shirt,Fashion,2,13.86,0.05,26.33,Madurai,Net Banking,Home Office
ORD101750,2025-04-15,CUST1750,Desk,Furniture,1,184.94,0.0,184.94,Coimbatore,Credit Card,Consumer
ORD101751,2025-02-04,CUST1751,Desk,Furniture,5,163.47,0.05,776.48,Madurai,Cash,Consumer
ORD101752,2025-07-28,CUST1752,Coffee Maker,Home Appliances,2,65.89,0.05,125.19,Salem,Debit Card,Corporate
ORD101753,2025-10-08,CUST1753,Book,Books,2,23.15,0.0,46.3,Kochi,UPI,Consumer
ORD101754,2025-12-21,CUST1754,Keyboard,Electronics,4,51.96,0.1,187.06,Coimbatore,Net Banking,Consumer
ORD101755,2025-05-27,CUST1755,Watch,Fashion,1,133.12,0.05,126.46,Pune,Debit Card,Consumer
ORD101756,2025-10-14,CUST1756,Watch,Fashion,3,297.27,0.1,802.63,Madurai,Cash,Corporate
ORD101757,2025-03-22,CUST1757,Air Fryer,Home Appliances,2,190.02,0.0,380.04,Hyderabad,Debit Card,Home Office
ORD101758,2025-02-19,CUST1758,Air Fryer,Home Appliances,5,240.31,0.05,1141.47,Madurai,Cash,Home Office
ORD101759,2025-03-28,CUST1759,Smartphone,Electronics,4,385.43,0.0,1541.72,Coimbatore,Debit Card,Corporate
ORD101760,2025-07-10,CUST1760,Backpack,Accessories,4,58.21,0.1,209.56,Madurai,Credit Card,Consumer
ORD101761,2025-10-30,CUST1761,Office Chair,Furniture,2,257.51,0.1,463.52,Delhi,Debit Card,Corporate
ORD101762,2025-01-01,CUST1762,Coffee Maker,Home Appliances,2,56.12,0.15,95.4,Hyderabad,Credit Card,Consumer
ORD101763,2025-05-18,CUST1763,Desk,Furniture,2,102.09,0.05,193.97,Mumbai,Cash,Home Office
ORD101764,2025-05-16,CUST1764,Smartphone,Electronics,3,886.91,0.1,2394.66,Pune,Net Banking,Home Office
ORD101765,2025-12-28,CUST1765,Office Chair,Furniture,2,285.38,0.1,513.68,Salem,Net Banking,Home Office
ORD101766,2025-06-03,CUST1766,Watch,Fashion,1,146.81,0.0,146.81,Hyderabad,Debit Card,Home Office
ORD101767,2025-06-11,CUST1767,Keyboard,Electronics,5,83.65,0.0,418.25,Kochi,UPI,Consumer
ORD101768,2025-01-19,CUST1768,T-Shirt,Fashion,2,30.77,0.05,58.46,Bengaluru,Debit Card,Corporate
ORD101769,2025-11-24,CUST1769,Desk,Furniture,3,112.0,0.1,302.4,Chennai,Credit Card,Home Office
ORD101770,2025-08-31,CUST1770,Smartphone,Electronics,5,568.6,0.0,2843.0,Coimbatore,Credit Card,Consumer
ORD101771,2025-05-09,CUST1771,Laptop,Electronics,4,718.23,0.1,2585.63,Delhi,Cash,Corporate
ORD101772,2025-06-25,CUST1772,Office Chair,Furniture,2,111.5,0.05,211.85,Chennai,Debit Card,Home Office
ORD101773,2025-10-07,CUST1773,T-Shirt,Fashion,5,57.84,0.05,274.74,Kochi,Cash,Consumer
ORD101774,2025-03-25,CUST1774,Desk,Furniture,4,399.68,0.0,1598.72,Salem,UPI,Consumer
ORD101775,2025-08-10,CUST1775,Watch,Fashion,3,229.45,0.05,653.93,Hyderabad,Net Banking,Consumer
ORD101776,2025-11-21,CUST1776,Blender,Home Appliances,1,77.3,0.0,77.3,Madurai,Net Banking,Consumer
ORD101777,2025-05-25,CUST1777,Backpack,Accessories,2,59.31,0.0,118.62,Hyderabad,Debit Card,Consumer
ORD101778,2025-04-16,CUST1778,Office Chair,Furniture,1,155.82,0.1,140.24,Hyderabad,Cash,Consumer
ORD101779,2025-11-21,CUST1779,Watch,Fashion,3,65.21,0.0,195.63,Kochi,Cash,Consumer
ORD101780,2025-01-11,CUST1780,Desk,Furniture,5,189.52,0.0,947.6,Kochi,UPI,Consumer
ORD101781,2025-06-15,CUST1781,Office Chair,Furniture,5,335.2,0.0,1676.0,Mumbai,Cash,Home Office
ORD101782,2025-07-15,CUST1782,Coffee Maker,Home Appliances,3,182.28,0.05,519.5,Bengaluru,Credit Card,Consumer
ORD101783,2025-08-19,CUST1783,T-Shirt,Fashion,3,37.35,0.0,112.05,Chennai,Credit Card,Home Office
ORD101784,2025-05-27,CUST1784,Notebook,Stationery,2,8.18,0.0,16.36,Madurai,Credit Card,Consumer
ORD101785,2025-12-25,CUST1785,Desk,Furniture,4,561.22,0.05,2132.64,Madurai,Debit Card,Consumer
ORD101786,2025-08-26,CUST1786,Coffee Maker,Home Appliances,1,55.27,0.05,52.51,Mumbai,Credit Card,Consumer
ORD101787,2025-01-13,CUST1787,Shoes,Fashion,1,72.09,0.2,57.67,Kochi,Credit Card,Corporate
ORD101788,2025-08-07,CUST1788,Smartphone,Electronics,5,582.44,0.05,2766.59,Pune,Net Banking,Consumer
ORD101789,2025-09-14,CUST1789,Blender,Home Appliances,5,147.36,0.05,699.96,Bengaluru,Debit Card,Consumer
ORD101790,2025-01-02,CUST1790,Air Fryer,Home Appliances,2,248.58,0.05,472.3,Mumbai,Credit Card,Consumer
ORD101791,2025-07-29,CUST1791,T-Shirt,Fashion,3,22.03,0.0,66.09,Madurai,UPI,Consumer
ORD101792,2025-12-31,CUST1792,Office Chair,Furniture,1,359.78,0.15,305.81,Hyderabad,Credit Card,Consumer
ORD101793,2025-08-13,CUST1793,Backpack,Accessories,2,103.06,0.05,195.81,Bengaluru,Debit Card,Consumer
ORD101794,2025-07-13,CUST1794,Watch,Fashion,5,98.41,0.0,492.05,Pune,Cash,Consumer
ORD101795,2025-07-15,CUST1795,Air Fryer,Home Appliances,5,135.87,0.1,611.42,Kochi,Net Banking,Corporate
ORD101796,2025-09-17,CUST1796,Laptop,Electronics,1,939.19,0.0,939.19,Mumbai,Net Banking,Home Office
ORD101797,2025-02-26,CUST1797,Watch,Fashion,5,294.34,0.2,1177.36,Kochi,Debit Card,Consumer
ORD101798,2025-04-23,CUST1798,Office Chair,Furniture,5,137.89,0.15,586.03,Mumbai,Credit Card,Consumer
ORD101799,2025-08-01,CUST1799,Blender,Home Appliances,4,149.87,0.05,569.51,Madurai,UPI,Corporate
ORD101800,2025-10-06,CUST1800,Book,Books,3,16.7,0.0,50.1,Pune,Credit Card,Consumer
ORD101801,2025-09-01,CUST1801,Watch,Fashion,5,230.03,0.0,1150.15,Mumbai,Credit Card,Consumer
ORD101802,2025-04-27,CUST1802,Book,Books,4,19.7,0.0,78.8,Madurai,UPI,Consumer
ORD101803,2025-03-28,CUST1803,Smartphone,Electronics,2,799.44,0.0,1598.88,Mumbai,Net Banking,Corporate
ORD101804,2025-09-20,CUST1804,Blender,Home Appliances,5,154.89,0.05,735.73,Kochi,Credit Card,Home Office
ORD101805,2025-10-27,CUST1805,Desk,Furniture,2,502.08,0.15,853.54,Hyderabad,Cash,Home Office
ORD101806,2025-04-23,CUST1806,Coffee Maker,Home Appliances,5,221.95,0.05,1054.26,Madurai,Cash,Home Office
ORD101807,2025-06-13,CUST1807,Laptop,Electronics,1,606.64,0.1,545.98,Delhi,Debit Card,Corporate
ORD101808,2025-01-04,CUST1808,Headphones,Electronics,4,180.71,0.1,650.56,Delhi,Debit Card,Home Office
ORD101809,2025-04-28,CUST1809,Office Chair,Furniture,4,124.8,0.15,424.32,Bengaluru,UPI,Consumer
ORD101810,2025-01-23,CUST1810,Keyboard,Electronics,1,74.06,0.0,74.06,Bengaluru,UPI,Corporate
ORD101811,2025-08-21,CUST1811,Headphones,Electronics,3,148.43,0.05,423.03,Hyderabad,Debit Card,Consumer
ORD101812,2025-03-31,CUST1812,Watch,Fashion,4,144.71,0.1,520.96,Coimbatore,Credit Card,Corporate
ORD101813,2025-09-12,CUST1813,Air Fryer,Home Appliances,2,158.73,0.15,269.84,Delhi,Net Banking,Consumer
ORD101814,2025-04-02,CUST1814,Office Chair,Furniture,4,398.89,0.15,1356.23,Coimbatore,Cash,Consumer
ORD101815,2025-06-04,CUST1815,Coffee Maker,Home Appliances,3,68.4,0.1,184.68,Hyderabad,UPI,Consumer
ORD101816,2025-11-03,CUST1816,Shoes,Fashion,2,131.32,0.0,262.64,Pune,Debit Card,Consumer
ORD101817,2025-04-25,CUST1817,Coffee Maker,Home Appliances,2,123.16,0.05,234.0,Delhi,Cash,Consumer
ORD101818,2025-07-26,CUST1818,Keyboard,Electronics,1,37.29,0.0,37.29,Kochi,UPI,Consumer
ORD101819,2025-03-22,CUST1819,Laptop,Electronics,5,700.8,0.1,3153.6,Hyderabad,UPI,Corporate
ORD101820,2025-04-13,CUST1820,Coffee Maker,Home Appliances,1,239.35,0.05,227.38,Madurai,Credit Card,Home Office
ORD101821,2025-03-21,CUST1821,Backpack,Accessories,5,107.96,0.1,485.82,Salem,UPI,Corporate
ORD101822,2025-04-13,CUST1822,Shoes,Fashion,1,166.06,0.15,141.15,Kochi,Net Banking,Corporate
ORD101823,2025-08-28,CUST1823,Headphones,Electronics,5,248.09,0.1,1116.4,Mumbai,UPI,Corporate
ORD101824,2025-09-22,CUST1824,Desk,Furniture,4,204.16,0.0,816.64,Delhi,Net Banking,Home Office
ORD101825,2025-02-02,CUST1825,Smartphone,Electronics,2,587.67,0.0,1175.34,Mumbai,Credit Card,Consumer
ORD101826,2025-02-04,CUST1826,Backpack,Accessories,5,86.92,0.15,369.41,Delhi,Net Banking,Consumer
ORD101827,2025-09-06,CUST1827,Notebook,Stationery,4,8.29,0.0,33.16,Coimbatore,Cash,Home Office
ORD101828,2025-02-19,CUST1828,Shoes,Fashion,3,92.76,0.0,278.28,Hyderabad,UPI,Consumer
ORD101829,2025-10-07,CUST1829,Desk,Furniture,1,278.91,0.0,278.91,Madurai,Debit Card,Consumer
ORD101830,2025-08-30,CUST1830,Desk,Furniture,3,396.89,0.05,1131.14,Hyderabad,Debit Card,Corporate
ORD101831,2025-06-01,CUST1831,Office Chair,Furniture,4,264.19,0.0,1056.76,Chennai,Net Banking,Consumer
ORD101832,2025-05-27,CUST1832,Shoes,Fashion,3,54.22,0.15,138.26,Delhi,Credit Card,Consumer
ORD101833,2025-02-08,CUST1833,Laptop,Electronics,3,998.15,0.2,2395.56,Chennai,Net Banking,Consumer
ORD101834,2025-07-08,CUST1834,Watch,Fashion,4,183.9,0.2,588.48,Bengaluru,Net Banking,Corporate
ORD101835,2025-01-25,CUST1835,Keyboard,Electronics,2,94.14,0.0,188.28,Pune,Net Banking,Home Office
ORD101836,2025-09-01,CUST1836,Notebook,Stationery,5,4.73,0.15,20.1,Hyderabad,Cash,Consumer
ORD101837,2025-08-11,CUST1837,Keyboard,Electronics,1,116.5,0.2,93.2,Coimbatore,Cash,Consumer
ORD101838,2025-08-18,CUST1838,Headphones,Electronics,5,30.67,0.15,130.35,Madurai,Net Banking,Consumer
ORD101839,2025-06-02,CUST1839,Headphones,Electronics,1,104.84,0.1,94.36,Delhi,Credit Card,Corporate
ORD101840,2025-10-15,CUST1840,Keyboard,Electronics,5,121.43,0.1,546.44,Madurai,UPI,Consumer
ORD101841,2025-04-18,CUST1841,Coffee Maker,Home Appliances,3,158.42,0.0,475.26,Bengaluru,Debit Card,Consumer
ORD101842,2025-02-02,CUST1842,Laptop,Electronics,2,798.1,0.15,1356.77,Mumbai,Cash,Consumer
ORD101843,2025-12-29,CUST1843,Book,Books,3,29.32,0.0,87.96,Madurai,UPI,Consumer
ORD101844,2025-04-21,CUST1844,Coffee Maker,Home Appliances,2,159.15,0.0,318.3,Delhi,Cash,Consumer
ORD101845,2025-05-01,CUST1845,Air Fryer,Home Appliances,4,211.29,0.2,676.13,Chennai,Cash,Consumer
ORD101846,2025-01-16,CUST1846,Coffee Maker,Home Appliances,1,194.36,0.05,184.64,Coimbatore,Cash,Consumer
ORD101847,2025-08-15,CUST1847,Smartphone,Electronics,1,829.6,0.0,829.6,Madurai,Net Banking,Consumer
ORD101848,2025-01-11,CUST1848,T-Shirt,Fashion,4,34.41,0.2,110.11,Coimbatore,Net Banking,Consumer
ORD101849,2025-07-22,CUST1849,Watch,Fashion,5,74.63,0.2,298.52,Mumbai,Cash,Consumer
ORD101850,2025-07-21,CUST1850,Smartphone,Electronics,4,498.27,0.0,1993.08,Coimbatore,Cash,Consumer
ORD101851,2025-04-08,CUST1851,Office Chair,Furniture,4,214.11,0.15,727.97,Mumbai,Debit Card,Corporate
ORD101852,2025-04-26,CUST1852,T-Shirt,Fashion,2,39.96,0.05,75.92,Mumbai,UPI,Consumer
ORD101853,2025-10-08,CUST1853,T-Shirt,Fashion,4,35.69,0.05,135.62,Pune,UPI,Home Office
ORD101854,2025-12-15,CUST1854,Shoes,Fashion,1,73.23,0.0,73.23,Pune,Credit Card,Consumer
ORD101855,2025-08-20,CUST1855,Laptop,Electronics,3,556.14,0.0,1668.42,Salem,Credit Card,Consumer
ORD101856,2025-04-21,CUST1856,Laptop,Electronics,2,1021.43,0.0,2042.86,Coimbatore,Credit Card,Consumer
ORD101857,2025-12-18,CUST1857,T-Shirt,Fashion,2,24.28,0.0,48.56,Madurai,Net Banking,Consumer
ORD101858,2025-01-12,CUST1858,Air Fryer,Home Appliances,5,199.58,0.15,848.22,Coimbatore,Net Banking,Consumer
ORD101859,2025-01-21,CUST1859,Coffee Maker,Home Appliances,3,45.03,0.1,121.58,Mumbai,Debit Card,Consumer
ORD101860,2025-05-07,CUST1860,Shoes,Fashion,2,117.72,0.15,200.12,Pune,Net Banking,Consumer
ORD101861,2025-10-12,CUST1861,Watch,Fashion,4,284.78,0.1,1025.21,Kochi,Credit Card,Corporate
ORD101862,2025-05-01,CUST1862,T-Shirt,Fashion,2,18.72,0.0,37.44,Chennai,Cash,Corporate
ORD101863,2025-05-04,CUST1863,Backpack,Accessories,2,67.16,0.15,114.17,Coimbatore,Credit Card,Consumer
ORD101864,2025-02-02,CUST1864,Headphones,Electronics,2,45.57,0.15,77.47,Hyderabad,Debit Card,Consumer
ORD101865,2025-06-19,CUST1865,Headphones,Electronics,5,165.78,0.0,828.9,Hyderabad,Cash,Corporate
ORD101866,2025-03-18,CUST1866,Smartphone,Electronics,2,773.01,0.0,1546.02,Salem,Net Banking,Consumer
ORD101867,2025-10-24,CUST1867,Office Chair,Furniture,2,210.36,0.1,378.65,Delhi,Cash,Corporate
ORD101868,2025-11-26,CUST1868,Blender,Home Appliances,5,108.21,0.1,486.94,Coimbatore,Debit Card,Home Office
ORD101869,2025-03-04,CUST1869,Blender,Home Appliances,3,164.49,0.15,419.45,Coimbatore,Net Banking,Home Office
ORD101870,2025-09-27,CUST1870,Headphones,Electronics,1,69.17,0.0,69.17,Bengaluru,UPI,Consumer
ORD101871,2025-08-04,CUST1871,Book,Books,5,5.79,0.0,28.95,Mumbai,Credit Card,Consumer
ORD101872,2025-07-09,CUST1872,Desk,Furniture,5,530.83,0.05,2521.44,Delhi,Credit Card,Corporate
ORD101873,2025-03-16,CUST1873,Smartphone,Electronics,2,798.26,0.1,1436.87,Mumbai,Debit Card,Consumer
ORD101874,2025-06-23,CUST1874,Blender,Home Appliances,2,163.6,0.0,327.2,Mumbai,Debit Card,Corporate
ORD101875,2025-03-08,CUST1875,Headphones,Electronics,1,159.31,0.05,151.34,Madurai,Credit Card,Consumer
ORD101876,2025-04-03,CUST1876,Office Chair,Furniture,2,339.25,0.05,644.57,Chennai,Cash,Corporate
ORD101877,2025-02-22,CUST1877,Blender,Home Appliances,4,94.45,0.1,340.02,Coimbatore,UPI,Consumer
ORD101878,2025-04-04,CUST1878,Coffee Maker,Home Appliances,2,197.47,0.0,394.94,Delhi,UPI,Consumer
ORD101879,2025-04-23,CUST1879,Coffee Maker,Home Appliances,2,231.74,0.05,440.31,Madurai,Debit Card,Consumer
ORD101880,2025-08-17,CUST1880,Laptop,Electronics,4,1093.52,0.15,3717.97,Pune,Debit Card,Consumer
ORD101881,2025-09-07,CUST1881,Air Fryer,Home Appliances,1,94.35,0.2,75.48,Kochi,Cash,Consumer
ORD101882,2025-07-28,CUST1882,Laptop,Electronics,4,805.36,0.0,3221.44,Mumbai,Debit Card,Consumer
ORD101883,2025-07-01,CUST1883,Watch,Fashion,5,91.65,0.0,458.25,Salem,UPI,Consumer
ORD101884,2025-09-24,CUST1884,T-Shirt,Fashion,4,22.34,0.15,75.96,Hyderabad,Credit Card,Consumer
ORD101885,2025-10-08,CUST1885,Backpack,Accessories,3,50.64,0.05,144.32,Delhi,UPI,Consumer
ORD101886,2025-06-04,CUST1886,Laptop,Electronics,5,1077.38,0.1,4848.21,Bengaluru,Cash,Consumer
ORD101887,2025-03-24,CUST1887,Notebook,Stationery,2,9.64,0.1,17.35,Coimbatore,Credit Card,Consumer
ORD101888,2025-07-05,CUST1888,Blender,Home Appliances,5,93.97,0.0,469.85,Hyderabad,Credit Card,Consumer
ORD101889,2025-12-15,CUST1889,Book,Books,1,26.54,0.1,23.89,Madurai,UPI,Corporate
ORD101890,2025-05-19,CUST1890,Shoes,Fashion,1,42.24,0.1,38.02,Hyderabad,Credit Card,Consumer
ORD101891,2025-02-24,CUST1891,Headphones,Electronics,4,44.75,0.05,170.05,Coimbatore,Credit Card,Corporate
ORD101892,2025-01-19,CUST1892,Shoes,Fashion,5,55.77,0.0,278.85,Hyderabad,Debit Card,Consumer
ORD101893,2025-12-14,CUST1893,Notebook,Stationery,2,8.74,0.2,13.98,Pune,Credit Card,Consumer
ORD101894,2025-12-12,CUST1894,Office Chair,Furniture,1,148.48,0.05,141.06,Bengaluru,Cash,Consumer
ORD101895,2025-09-24,CUST1895,Laptop,Electronics,2,819.12,0.1,1474.42,Salem,Credit Card,Consumer
ORD101896,2025-05-22,CUST1896,Backpack,Accessories,3,60.03,0.15,153.08,Delhi,Debit Card,Consumer
ORD101897,2025-11-12,CUST1897,Office Chair,Furniture,1,339.8,0.05,322.81,Coimbatore,Net Banking,Consumer
ORD101898,2025-06-13,CUST1898,Desk,Furniture,4,106.93,0.1,384.95,Hyderabad,Net Banking,Consumer
ORD101899,2025-09-09,CUST1899,Desk,Furniture,3,424.69,0.2,1019.26,Bengaluru,Cash,Consumer
ORD101900,2025-08-20,CUST1900,Shoes,Fashion,5,130.33,0.05,619.07,Coimbatore,Cash,Consumer
ORD101901,2025-10-24,CUST1901,T-Shirt,Fashion,2,49.93,0.05,94.87,Bengaluru,Credit Card,Consumer
ORD101902,2025-12-29,CUST1902,Smartphone,Electronics,1,1136.12,0.15,965.7,Hyderabad,Credit Card,Consumer
ORD101903,2025-03-01,CUST1903,T-Shirt,Fashion,3,11.01,0.0,33.03,Mumbai,Net Banking,Home Office
ORD101904,2025-01-22,CUST1904,Blender,Home Appliances,3,53.07,0.0,159.21,Delhi,Net Banking,Home Office
ORD101905,2025-05-06,CUST1905,Notebook,Stationery,1,13.52,0.15,11.49,Chennai,UPI,Consumer
ORD101906,2025-04-13,CUST1906,Coffee Maker,Home Appliances,5,136.29,0.15,579.23,Chennai,Net Banking,Consumer
ORD101907,2025-08-09,CUST1907,Watch,Fashion,5,186.79,0.2,747.16,Delhi,Net Banking,Consumer
ORD101908,2025-04-20,CUST1908,T-Shirt,Fashion,4,43.15,0.0,172.6,Mumbai,Cash,Consumer
ORD101909,2025-02-27,CUST1909,Air Fryer,Home Appliances,5,189.02,0.0,945.1,Coimbatore,UPI,Consumer
ORD101910,2025-03-06,CUST1910,Watch,Fashion,4,282.25,0.0,1129.0,Bengaluru,UPI,Consumer
ORD101911,2025-02-27,CUST1911,Notebook,Stationery,3,14.96,0.1,40.39,Mumbai,Credit Card,Consumer
ORD101912,2025-06-07,CUST1912,Watch,Fashion,1,227.24,0.1,204.52,Chennai,Credit Card,Consumer
ORD101913,2025-03-17,CUST1913,Backpack,Accessories,5,48.72,0.05,231.42,Coimbatore,UPI,Consumer
ORD101914,2025-01-19,CUST1914,Laptop,Electronics,4,1385.76,0.0,5543.04,Madurai,UPI,Consumer
ORD101915,2025-07-09,CUST1915,Backpack,Accessories,3,24.92,0.1,67.28,Mumbai,Credit Card,Consumer
ORD101916,2025-09-07,CUST1916,Watch,Fashion,5,100.08,0.05,475.38,Chennai,Cash,Consumer
ORD101917,2025-12-26,CUST1917,Office Chair,Furniture,2,367.16,0.0,734.32,Salem,Cash,Consumer
ORD101918,2025-12-29,CUST1918,Desk,Furniture,3,228.1,0.15,581.66,Hyderabad,Cash,Home Office
ORD101919,2025-03-20,CUST1919,Watch,Fashion,5,97.37,0.0,486.85,Bengaluru,Cash,Home Office
ORD101920,2025-03-25,CUST1920,Backpack,Accessories,3,33.81,0.1,91.29,Pune,Credit Card,Consumer
ORD101921,2025-06-21,CUST1921,Book,Books,1,35.07,0.15,29.81,Coimbatore,Debit Card,Corporate
ORD101922,2025-07-31,CUST1922,Notebook,Stationery,1,8.5,0.05,8.07,Salem,Net Banking,Consumer
ORD101923,2025-05-29,CUST1923,Office Chair,Furniture,1,295.97,0.0,295.97,Hyderabad,Net Banking,Consumer
ORD101924,2025-01-10,CUST1924,Backpack,Accessories,2,43.91,0.0,87.82,Pune,Net Banking,Corporate
ORD101925,2025-01-30,CUST1925,T-Shirt,Fashion,1,47.9,0.15,40.71,Salem,Net Banking,Consumer
ORD101926,2025-10-07,CUST1926,Headphones,Electronics,2,196.0,0.0,392.0,Mumbai,Credit Card,Consumer
ORD101927,2025-02-24,CUST1927,Shoes,Fashion,1,76.89,0.1,69.2,Hyderabad,Debit Card,Consumer
ORD101928,2025-12-26,CUST1928,Smartphone,Electronics,3,640.15,0.2,1536.36,Hyderabad,Credit Card,Consumer
ORD101929,2025-05-07,CUST1929,Coffee Maker,Home Appliances,5,84.03,0.2,336.12,Chennai,Debit Card,Consumer
ORD101930,2025-06-29,CUST1930,Backpack,Accessories,5,117.66,0.05,558.88,Kochi,Credit Card,Home Office
ORD101931,2025-08-20,CUST1931,Air Fryer,Home Appliances,1,182.66,0.15,155.26,Hyderabad,UPI,Consumer
ORD101932,2025-04-03,CUST1932,Smartphone,Electronics,5,1137.82,0.2,4551.28,Chennai,Debit Card,Home Office
ORD101933,2025-01-08,CUST1933,Notebook,Stationery,1,5.94,0.05,5.64,Madurai,Net Banking,Consumer
ORD101934,2025-09-04,CUST1934,Book,Books,1,32.37,0.0,32.37,Salem,Debit Card,Home Office
ORD101935,2025-11-27,CUST1935,Keyboard,Electronics,4,119.56,0.0,478.24,Pune,Cash,Corporate
ORD101936,2025-07-15,CUST1936,Backpack,Accessories,4,89.17,0.0,356.68,Bengaluru,Debit Card,Consumer
ORD101937,2025-06-12,CUST1937,Headphones,Electronics,4,242.27,0.15,823.72,Pune,Cash,Consumer
ORD101938,2025-02-09,CUST1938,Smartphone,Electronics,2,623.88,0.05,1185.37,Coimbatore,Cash,Consumer
ORD101939,2025-09-11,CUST1939,Coffee Maker,Home Appliances,4,67.45,0.15,229.33,Coimbatore,UPI,Home Office
ORD101940,2025-03-26,CUST1940,Watch,Fashion,1,214.64,0.1,193.18,Hyderabad,Debit Card,Consumer
ORD101941,2025-09-29,CUST1941,Backpack,Accessories,3,92.93,0.1,250.91,Hyderabad,UPI,Corporate
ORD101942,2025-03-19,CUST1942,Laptop,Electronics,4,1096.31,0.1,3946.72,Hyderabad,Net Banking,Consumer
ORD101943,2025-08-01,CUST1943,Book,Books,4,12.24,0.0,48.96,Madurai,Debit Card,Home Office
ORD101944,2025-10-31,CUST1944,Notebook,Stationery,3,8.56,0.15,21.83,Delhi,Credit Card,Consumer
ORD101945,2025-09-12,CUST1945,Shoes,Fashion,1,76.83,0.05,72.99,Bengaluru,Credit Card,Consumer
ORD101946,2025-04-01,CUST1946,Headphones,Electronics,2,121.18,0.05,230.24,Delhi,Credit Card,Consumer
ORD101947,2025-07-12,CUST1947,Blender,Home Appliances,4,126.78,0.0,507.12,Chennai,Cash,Consumer
ORD101948,2025-09-10,CUST1948,Blender,Home Appliances,3,141.78,0.15,361.54,Chennai,Credit Card,Consumer
ORD101949,2025-10-05,CUST1949,Air Fryer,Home Appliances,1,104.12,0.15,88.5,Pune,Net Banking,Consumer
ORD101950,2025-05-23,CUST1950,Smartphone,Electronics,5,635.06,0.05,3016.53,Bengaluru,Debit Card,Consumer
ORD101951,2025-09-01,CUST1951,Headphones,Electronics,2,85.56,0.05,162.56,Pune,Debit Card,Consumer
ORD101952,2025-07-31,CUST1952,Office Chair,Furniture,3,143.56,0.1,387.61,Bengaluru,Cash,Consumer
ORD101953,2025-07-14,CUST1953,Coffee Maker,Home Appliances,3,204.51,0.0,613.53,Chennai,Cash,Consumer
ORD101954,2025-09-27,CUST1954,Shoes,Fashion,3,166.39,0.0,499.17,Hyderabad,Cash,Consumer
ORD101955,2025-11-25,CUST1955,Watch,Fashion,4,136.26,0.1,490.54,Hyderabad,Net Banking,Corporate
ORD101956,2025-01-19,CUST1956,Backpack,Accessories,5,95.13,0.0,475.65,Bengaluru,Debit Card,Consumer
ORD101957,2025-02-09,CUST1957,Backpack,Accessories,2,109.7,0.05,208.43,Madurai,UPI,Consumer
ORD101958,2025-04-08,CUST1958,Blender,Home Appliances,1,156.92,0.05,149.07,Delhi,Cash,Corporate
ORD101959,2025-01-04,CUST1959,Backpack,Accessories,1,38.28,0.05,36.37,Mumbai,Credit Card,Consumer
ORD101960,2025-02-02,CUST1960,Notebook,Stationery,5,14.43,0.0,72.15,Delhi,UPI,Consumer
ORD101961,2025-10-26,CUST1961,Shoes,Fashion,3,86.5,0.05,246.52,Kochi,UPI,Consumer
ORD101962,2025-06-14,CUST1962,Laptop,Electronics,3,872.28,0.0,2616.84,Mumbai,Cash,Consumer
ORD101963,2025-01-27,CUST1963,Keyboard,Electronics,3,28.12,0.05,80.14,Hyderabad,Credit Card,Corporate
ORD101964,2025-06-22,CUST1964,Air Fryer,Home Appliances,3,152.37,0.1,411.4,Pune,Cash,Consumer
ORD101965,2025-12-03,CUST1965,Desk,Furniture,3,154.51,0.2,370.82,Mumbai,Cash,Consumer
ORD101966,2025-04-23,CUST1966,T-Shirt,Fashion,5,22.43,0.0,112.15,Hyderabad,Credit Card,Corporate
ORD101967,2025-04-05,CUST1967,Air Fryer,Home Appliances,4,120.22,0.15,408.75,Mumbai,UPI,Consumer
ORD101968,2025-11-15,CUST1968,Smartphone,Electronics,2,1018.39,0.0,2036.78,Hyderabad,UPI,Consumer
ORD101969,2025-08-21,CUST1969,Laptop,Electronics,3,1381.71,0.05,3937.87,Kochi,Credit Card,Home Office
ORD101970,2025-05-14,CUST1970,Air Fryer,Home Appliances,4,117.47,0.05,446.39,Kochi,UPI,Consumer
ORD101971,2025-05-04,CUST1971,Watch,Fashion,1,263.26,0.05,250.1,Coimbatore,Net Banking,Consumer
ORD101972,2025-12-17,CUST1972,Blender,Home Appliances,5,158.58,0.1,713.61,Bengaluru,Cash,Consumer
ORD101973,2025-11-19,CUST1973,Book,Books,4,31.76,0.05,120.69,Hyderabad,Net Banking,Consumer
ORD101974,2025-12-19,CUST1974,Smartphone,Electronics,3,389.36,0.0,1168.08,Chennai,Net Banking,Consumer
ORD101975,2025-04-26,CUST1975,Backpack,Accessories,3,89.03,0.15,227.03,Mumbai,Net Banking,Corporate
ORD101976,2025-01-13,CUST1976,Headphones,Electronics,3,237.63,0.0,712.89,Kochi,Debit Card,Consumer
ORD101977,2025-11-16,CUST1977,Watch,Fashion,4,217.46,0.0,869.84,Chennai,Debit Card,Consumer
ORD101978,2025-06-14,CUST1978,Smartphone,Electronics,3,565.04,0.0,1695.12,Madurai,Net Banking,Consumer
ORD101979,2025-07-27,CUST1979,Book,Books,4,22.52,0.0,90.08,Pune,Cash,Home Office
ORD101980,2025-03-26,CUST1980,Coffee Maker,Home Appliances,3,175.6,0.05,500.46,Delhi,Net Banking,Consumer
ORD101981,2025-09-05,CUST1981,Backpack,Accessories,1,71.06,0.05,67.51,Kochi,Net Banking,Consumer
ORD101982,2025-02-25,CUST1982,Air Fryer,Home Appliances,1,82.79,0.0,82.79,Chennai,Debit Card,Consumer
ORD101983,2025-06-21,CUST1983,Air Fryer,Home Appliances,2,119.29,0.0,238.58,Mumbai,Net Banking,Consumer
ORD101984,2025-05-21,CUST1984,Smartphone,Electronics,3,1012.28,0.1,2733.16,Hyderabad,Cash,Consumer
ORD101985,2025-05-12,CUST1985,Headphones,Electronics,3,218.82,0.1,590.81,Kochi,Cash,Home Office
ORD101986,2025-07-20,CUST1986,Coffee Maker,Home Appliances,4,68.83,0.2,220.26,Coimbatore,Net Banking,Consumer
ORD101987,2025-10-16,CUST1987,Backpack,Accessories,4,115.24,0.15,391.82,Bengaluru,Cash,Consumer
ORD101988,2025-11-05,CUST1988,Book,Books,3,16.51,0.15,42.1,Salem,Net Banking,Consumer
ORD101989,2025-12-23,CUST1989,Keyboard,Electronics,2,106.1,0.1,190.98,Kochi,Debit Card,Corporate
ORD101990,2025-12-11,CUST1990,Air Fryer,Home Appliances,3,202.85,0.1,547.69,Mumbai,Net Banking,Consumer
ORD101991,2025-06-28,CUST1991,Book,Books,4,33.42,0.0,133.68,Hyderabad,UPI,Corporate
ORD101992,2025-01-29,CUST1992,Laptop,Electronics,3,1448.46,0.1,3910.84,Delhi,Debit Card,Home Office
ORD101993,2025-11-03,CUST1993,Air Fryer,Home Appliances,4,119.45,0.0,477.8,Mumbai,Cash,Consumer
ORD101994,2025-11-02,CUST1994,Book,Books,3,35.05,0.15,89.38,Bengaluru,Cash,Home Office
ORD101995,2025-02-05,CUST1995,Office Chair,Furniture,5,122.14,0.05,580.16,Mumbai,Debit Card,Consumer
ORD101996,2025-04-19,CUST1996,Blender,Home Appliances,4,135.76,0.1,488.74,Hyderabad,UPI,Consumer
ORD101997,2025-11-12,CUST1997,T-Shirt,Fashion,2,47.1,0.0,94.2,Coimbatore,Debit Card,Corporate
ORD101998,2025-05-26,CUST1998,Shoes,Fashion,5,131.66,0.05,625.38,Coimbatore,Credit Card,Corporate
ORD101999,2025-10-03,CUST1999,Blender,Home Appliances,3,67.85,0.0,203.55,Pune,UPI,Corporate
ORD102000,2025-05-26,CUST2000,Notebook,Stationery,4,13.35,0.0,53.4,Hyderabad,Debit Card,Consumer
ORD102001,2025-06-17,CUST1001,T-Shirt,Fashion,5,18.44,0.05,87.59,Coimbatore,Credit Card,Home Office
ORD102002,2025-09-14,CUST1002,Watch,Fashion,2,53.95,0.0,107.9,Delhi,Net Banking,Corporate
ORD102003,2025-10-02,CUST1003,Book,Books,4,30.11,0.05,114.42,Coimbatore,UPI,Consumer
ORD102004,2025-03-28,CUST1004,T-Shirt,Fashion,5,33.77,0.05,160.41,Kochi,Net Banking,Home Office
ORD102005,2025-06-03,CUST1005,Notebook,Stationery,5,13.04,0.15,55.42,Madurai,Credit Card,Home Office
ORD102006,2025-10-12,CUST1006,Backpack,Accessories,5,58.34,0.05,277.12,Bengaluru,Cash,Consumer
ORD102007,2025-11-11,CUST1007,Keyboard,Electronics,1,41.88,0.05,39.79,Pune,Cash,Corporate
ORD102008,2025-11-15,CUST1008,Office Chair,Furniture,3,347.66,0.2,834.38,Mumbai,Cash,Corporate
ORD102009,2025-04-08,CUST1009,Laptop,Electronics,4,1071.46,0.05,4071.55,Bengaluru,Net Banking,Corporate
ORD102010,2025-07-30,CUST1010,Book,Books,4,11.62,0.05,44.16,Mumbai,UPI,Consumer
ORD102011,2025-02-17,CUST1011,Laptop,Electronics,4,1234.36,0.05,4690.57,Salem,Net Banking,Consumer
ORD102012,2025-11-14,CUST1012,Headphones,Electronics,5,140.0,0.15,595.0,Pune,Net Banking,Home Office
ORD102013,2025-10-01,CUST1013,Air Fryer,Home Appliances,3,174.82,0.0,524.46,Pune,Cash,Consumer
ORD102014,2025-07-13,CUST1014,Book,Books,2,21.13,0.05,40.15,Madurai,Net Banking,Corporate
ORD102015,2025-09-09,CUST1015,Shoes,Fashion,4,154.31,0.1,555.52,Kochi,Credit Card,Consumer
ORD102016,2025-10-10,CUST1016,Book,Books,3,34.03,0.0,102.09,Hyderabad,Debit Card,Consumer
ORD102017,2025-09-19,CUST1017,Smartphone,Electronics,3,923.92,0.15,2356.0,Mumbai,Debit Card,Consumer
ORD102018,2025-09-19,CUST1018,Keyboard,Electronics,1,33.7,0.05,32.02,Mumbai,Debit Card,Corporate
ORD102019,2025-01-31,CUST1019,Smartphone,Electronics,4,1046.91,0.05,3978.26,Salem,Cash,Consumer
ORD102020,2025-04-15,CUST1020,Book,Books,5,28.49,0.1,128.2,Chennai,Cash,Consumer
ORD102021,2025-12-16,CUST1021,Office Chair,Furniture,3,303.05,0.0,909.15,Pune,Debit Card,Consumer
ORD102022,2025-11-08,CUST1022,T-Shirt,Fashion,3,28.15,0.15,71.78,Pune,UPI,Consumer
ORD102023,2025-06-18,CUST1023,Laptop,Electronics,2,1385.32,0.2,2216.51,Madurai,Debit Card,Consumer
ORD102024,2025-08-24,CUST1024,Office Chair,Furniture,1,312.12,0.05,296.51,Madurai,Net Banking,Corporate
ORD102025,2025-10-01,CUST1025,Book,Books,3,8.94,0.15,22.8,Hyderabad,Debit Card,Corporate
ORD102026,2025-12-09,CUST1026,Notebook,Stationery,3,7.3,0.0,21.9,Mumbai,Debit Card,Consumer
ORD102027,2025-08-18,CUST1027,T-Shirt,Fashion,5,54.32,0.15,230.86,Pune,UPI,Consumer
ORD102028,2025-01-23,CUST1028,Notebook,Stationery,5,2.61,0.0,13.05,Salem,Cash,Consumer
ORD102029,2025-06-13,CUST1029,Laptop,Electronics,2,1463.35,0.0,2926.7,Pune,Cash,Consumer
ORD102030,2025-10-08,CUST1030,T-Shirt,Fashion,2,43.96,0.0,87.92,Salem,Net Banking,Home Office
ORD102031,2025-01-07,CUST1031,Shoes,Fashion,2,124.71,0.0,249.42,Kochi,Debit Card,Consumer
ORD102032,2025-07-29,CUST1032,Keyboard,Electronics,5,55.17,0.0,275.85,Kochi,Credit Card,Consumer
ORD102033,2025-09-10,CUST1033,Blender,Home Appliances,5,67.32,0.15,286.11,Chennai,Net Banking,Consumer
ORD102034,2025-05-13,CUST1034,Coffee Maker,Home Appliances,1,237.83,0.15,202.16,Madurai,Cash,Consumer
ORD102035,2025-10-01,CUST1035,Watch,Fashion,4,117.55,0.0,470.2,Hyderabad,UPI,Consumer
ORD102036,2025-04-16,CUST1036,Office Chair,Furniture,4,328.16,0.0,1312.64,Coimbatore,Cash,Consumer
ORD102037,2025-08-20,CUST1037,Air Fryer,Home Appliances,1,134.69,0.15,114.49,Coimbatore,Cash,Consumer
ORD102038,2025-02-02,CUST1038,Office Chair,Furniture,4,124.56,0.05,473.33,Mumbai,UPI,Consumer
ORD102039,2025-03-20,CUST1039,Coffee Maker,Home Appliances,5,42.25,0.0,211.25,Pune,Debit Card,Consumer
ORD102040,2025-02-04,CUST1040,Blender,Home Appliances,4,111.64,0.05,424.23,Mumbai,Debit Card,Home Office
ORD102041,2025-04-20,CUST1041,Desk,Furniture,5,587.89,0.05,2792.48,Bengaluru,Cash,Consumer
ORD102042,2025-11-17,CUST1042,Backpack,Accessories,1,56.91,0.0,56.91,Pune,Net Banking,Corporate
ORD102043,2025-03-04,CUST1043,Shoes,Fashion,2,83.58,0.1,150.44,Coimbatore,Credit Card,Corporate
ORD102044,2025-11-24,CUST1044,Notebook,Stationery,1,6.47,0.1,5.82,Coimbatore,Net Banking,Consumer
ORD102045,2025-10-24,CUST1045,Book,Books,4,23.22,0.0,92.88,Chennai,Net Banking,Corporate
ORD102046,2025-06-27,CUST1046,Shoes,Fashion,5,96.1,0.15,408.42,Coimbatore,Cash,Consumer
ORD102047,2025-12-30,CUST1047,Coffee Maker,Home Appliances,4,224.78,0.05,854.16,Madurai,Cash,Consumer
ORD102048,2025-08-20,CUST1048,Book,Books,4,22.69,0.0,90.76,Hyderabad,Credit Card,Consumer
ORD102049,2025-04-14,CUST1049,Air Fryer,Home Appliances,2,156.47,0.0,312.94,Pune,Credit Card,Corporate
ORD102050,2025-10-21,CUST1050,Smartphone,Electronics,4,381.45,0.0,1525.8,Mumbai,Credit Card,Consumer
ORD102051,2025-02-04,CUST1051,T-Shirt,Fashion,2,59.14,0.05,112.37,Pune,Cash,Consumer
ORD102052,2025-07-13,CUST1052,Backpack,Accessories,5,45.0,0.0,225.0,Pune,Cash,Consumer
ORD102053,2025-06-23,CUST1053,Keyboard,Electronics,5,29.54,0.05,140.31,Coimbatore,Net Banking,Consumer
ORD102054,2025-04-12,CUST1054,Keyboard,Electronics,2,106.21,0.0,212.42,Coimbatore,Cash,Consumer
ORD102055,2025-11-20,CUST1055,Coffee Maker,Home Appliances,1,165.03,0.1,148.53,Bengaluru,Debit Card,Home Office
ORD102056,2025-10-20,CUST1056,Shoes,Fashion,5,92.27,0.1,415.22,Salem,Debit Card,Consumer
ORD102057,2025-03-26,CUST1057,Keyboard,Electronics,1,74.88,0.05,71.14,Chennai,Credit Card,Consumer
ORD102058,2025-07-20,CUST1058,Air Fryer,Home Appliances,5,209.16,0.1,941.22,Pune,Cash,Consumer
ORD102059,2025-06-22,CUST1059,Notebook,Stationery,5,4.54,0.15,19.29,Bengaluru,Debit Card,Consumer
ORD102060,2025-01-29,CUST1060,Desk,Furniture,3,510.13,0.1,1377.35,Pune,Net Banking,Consumer
ORD102061,2025-10-24,CUST1061,Office Chair,Furniture,4,287.6,0.05,1092.88,Madurai,UPI,Home Office
ORD102062,2025-02-25,CUST1062,Headphones,Electronics,4,119.27,0.05,453.23,Coimbatore,Net Banking,Home Office
ORD102063,2025-01-16,CUST1063,Air Fryer,Home Appliances,1,147.03,0.15,124.98,Bengaluru,UPI,Home Office
ORD102064,2025-05-20,CUST1064,Book,Books,4,13.98,0.0,55.92,Delhi,Net Banking,Corporate
ORD102065,2025-03-07,CUST1065,Watch,Fashion,1,235.55,0.0,235.55,Madurai,Debit Card,Consumer
ORD102066,2025-05-27,CUST1066,Coffee Maker,Home Appliances,5,147.7,0.05,701.58,Mumbai,Cash,Home Office
ORD102067,2025-06-07,CUST1067,Smartphone,Electronics,3,554.81,0.1,1497.99,Bengaluru,UPI,Home Office
ORD102068,2025-03-10,CUST1068,T-Shirt,Fashion,3,39.8,0.1,107.46,Kochi,Cash,Home Office
ORD102069,2025-01-23,CUST1069,Watch,Fashion,5,298.89,0.0,1494.45,Mumbai,Cash,Home Office
ORD102070,2025-07-09,CUST1070,T-Shirt,Fashion,2,31.76,0.0,63.52,Delhi,Debit Card,Corporate
ORD102071,2025-09-05,CUST1071,Laptop,Electronics,2,1424.66,0.2,2279.46,Chennai,Credit Card,Consumer
ORD102072,2025-11-05,CUST1072,Watch,Fashion,4,129.7,0.0,518.8,Hyderabad,Credit Card,Consumer
ORD102073,2025-05-25,CUST1073,Headphones,Electronics,1,37.31,0.0,37.31,Coimbatore,UPI,Consumer
ORD102074,2025-11-01,CUST1074,Shoes,Fashion,3,60.64,0.05,172.82,Hyderabad,Debit Card,Consumer
ORD102075,2025-06-26,CUST1075,Desk,Furniture,4,309.35,0.15,1051.79,Coimbatore,Cash,Corporate
ORD102076,2025-07-14,CUST1076,Office Chair,Furniture,5,150.28,0.1,676.26,Hyderabad,Net Banking,Corporate
ORD102077,2025-01-13,CUST1077,Office Chair,Furniture,3,80.07,0.15,204.18,Chennai,Net Banking,Consumer
ORD102078,2025-12-30,CUST1078,Desk,Furniture,1,557.5,0.0,557.5,Delhi,UPI,Consumer
ORD102079,2025-06-15,CUST1079,Notebook,Stationery,1,12.97,0.05,12.32,Delhi,UPI,Consumer
ORD102080,2025-05-30,CUST1080,Backpack,Accessories,2,94.23,0.0,188.46,Kochi,UPI,Consumer
ORD102081,2025-12-07,CUST1081,Laptop,Electronics,4,709.42,0.15,2412.03,Madurai,Debit Card,Consumer
ORD102082,2025-02-14,CUST1082,T-Shirt,Fashion,5,16.02,0.05,76.09,Kochi,Net Banking,Consumer
ORD102083,2025-06-23,CUST1083,Headphones,Electronics,3,40.21,0.0,120.63,Coimbatore,Debit Card,Consumer
ORD102084,2025-06-16,CUST1084,Keyboard,Electronics,1,114.12,0.1,102.71,Bengaluru,Debit Card,Consumer
ORD102085,2025-07-16,CUST1085,Watch,Fashion,3,281.49,0.05,802.25,Delhi,Cash,Consumer
ORD102086,2025-07-25,CUST1086,Laptop,Electronics,5,959.01,0.05,4555.3,Coimbatore,Debit Card,Corporate
ORD102087,2025-03-23,CUST1087,Air Fryer,Home Appliances,3,82.64,0.15,210.73,Kochi,Debit Card,Consumer
ORD102088,2025-03-09,CUST1088,Coffee Maker,Home Appliances,4,147.6,0.0,590.4,Delhi,Cash,Corporate
ORD102089,2025-04-07,CUST1089,Watch,Fashion,2,130.7,0.0,261.4,Coimbatore,Credit Card,Consumer
ORD102090,2025-06-16,CUST1090,Headphones,Electronics,3,109.34,0.0,328.02,Salem,Cash,Consumer
ORD102091,2025-03-18,CUST1091,Smartphone,Electronics,2,840.26,0.0,1680.52,Chennai,UPI,Consumer
ORD102092,2025-08-25,CUST1092,Smartphone,Electronics,5,932.78,0.0,4663.9,Delhi,Credit Card,Home Office
ORD102093,2025-07-15,CUST1093,Book,Books,2,8.87,0.1,15.97,Salem,Net Banking,Consumer
ORD102094,2025-10-18,CUST1094,Laptop,Electronics,3,583.81,0.0,1751.43,Kochi,Debit Card,Corporate
ORD102095,2025-05-16,CUST1095,Shoes,Fashion,3,179.15,0.15,456.83,Mumbai,Credit Card,Corporate
ORD102096,2025-11-04,CUST1096,Headphones,Electronics,1,77.36,0.0,77.36,Coimbatore,Net Banking,Corporate
ORD102097,2025-10-23,CUST1097,Headphones,Electronics,3,37.11,0.0,111.33,Salem,Cash,Consumer
ORD102098,2025-02-05,CUST1098,Desk,Furniture,2,194.94,0.0,389.88,Chennai,Cash,Corporate
ORD102099,2025-09-05,CUST1099,Air Fryer,Home Appliances,1,67.4,0.1,60.66,Hyderabad,UPI,Home Office
ORD102100,2025-09-11,CUST1100,Shoes,Fashion,3,88.77,0.05,252.99,Hyderabad,UPI,Corporate
ORD102101,2025-08-02,CUST1101,Air Fryer,Home Appliances,3,212.46,0.15,541.77,Pune,Credit Card,Corporate
ORD102102,2025-09-09,CUST1102,Notebook,Stationery,5,6.44,0.1,28.98,Chennai,Debit Card,Consumer
ORD102103,2025-03-11,CUST1103,T-Shirt,Fashion,1,32.21,0.15,27.38,Pune,Cash,Consumer
ORD102104,2025-08-22,CUST1104,T-Shirt,Fashion,5,43.78,0.1,197.01,Pune,Credit Card,Corporate
ORD102105,2025-11-25,CUST1105,Keyboard,Electronics,5,86.16,0.0,430.8,Pune,Credit Card,Consumer
ORD102106,2025-01-16,CUST1106,Book,Books,5,35.15,0.15,149.39,Bengaluru,Credit Card,Home Office
ORD102107,2025-06-23,CUST1107,Office Chair,Furniture,4,357.13,0.15,1214.24,Delhi,UPI,Home Office
ORD102108,2025-07-06,CUST1108,Smartphone,Electronics,5,259.42,0.2,1037.68,Delhi,Cash,Corporate
ORD102109,2025-10-21,CUST1109,Coffee Maker,Home Appliances,2,203.39,0.0,406.78,Hyderabad,UPI,Home Office
ORD102110,2025-08-13,CUST1110,T-Shirt,Fashion,3,33.04,0.1,89.21,Coimbatore,UPI,Consumer
ORD102111,2025-10-01,CUST1111,Shoes,Fashion,4,178.33,0.0,713.32,Madurai,Credit Card,Home Office
ORD102112,2025-01-12,CUST1112,Headphones,Electronics,5,133.73,0.0,668.65,Chennai,Net Banking,Consumer
ORD102113,2025-11-06,CUST1113,Coffee Maker,Home Appliances,3,247.25,0.1,667.58,Madurai,Net Banking,Consumer
ORD102114,2025-08-07,CUST1114,Blender,Home Appliances,1,143.19,0.2,114.55,Kochi,Net Banking,Consumer
ORD102115,2025-01-01,CUST1115,Air Fryer,Home Appliances,1,107.23,0.05,101.87,Coimbatore,Credit Card,Consumer
ORD102116,2025-04-21,CUST1116,T-Shirt,Fashion,3,36.92,0.15,94.15,Pune,Debit Card,Home Office
ORD102117,2025-10-04,CUST1117,Headphones,Electronics,2,248.23,0.0,496.46,Salem,Cash,Consumer
ORD102118,2025-05-09,CUST1118,T-Shirt,Fashion,3,52.88,0.0,158.64,Bengaluru,Credit Card,Home Office
ORD102119,2025-04-03,CUST1119,Smartphone,Electronics,3,342.5,0.05,976.12,Salem,Credit Card,Consumer
ORD102120,2025-02-08,CUST1120,Blender,Home Appliances,4,135.96,0.05,516.65,Salem,UPI,Corporate
ORD102121,2025-11-12,CUST1121,Watch,Fashion,1,129.85,0.15,110.37,Madurai,Net Banking,Corporate
ORD102122,2025-06-08,CUST1122,T-Shirt,Fashion,1,10.35,0.0,10.35,Mumbai,Credit Card,Corporate
ORD102123,2025-07-05,CUST1123,Notebook,Stationery,5,7.25,0.05,34.44,Bengaluru,Debit Card,Consumer
ORD102124,2025-12-19,CUST1124,Shoes,Fashion,3,65.21,0.05,185.85,Kochi,Cash,Corporate
ORD102125,2025-09-13,CUST1125,T-Shirt,Fashion,3,50.94,0.0,152.82,Bengaluru,Debit Card,Consumer
ORD102126,2025-08-27,CUST1126,Office Chair,Furniture,2,187.95,0.15,319.52,Pune,Credit Card,Corporate
ORD102127,2025-04-14,CUST1127,Coffee Maker,Home Appliances,1,213.78,0.05,203.09,Pune,Credit Card,Consumer
ORD102128,2025-01-29,CUST1128,Coffee Maker,Home Appliances,2,40.13,0.05,76.25,Pune,UPI,Consumer
ORD102129,2025-03-30,CUST1129,Smartphone,Electronics,4,542.43,0.15,1844.26,Coimbatore,Debit Card,Consumer
ORD102130,2025-02-20,CUST1130,Shoes,Fashion,5,66.17,0.0,330.85,Mumbai,UPI,Consumer
ORD102131,2025-12-30,CUST1131,Blender,Home Appliances,2,65.04,0.15,110.57,Coimbatore,Debit Card,Home Office
ORD102132,2025-05-27,CUST1132,Notebook,Stationery,1,2.89,0.0,2.89,Pune,Net Banking,Consumer
ORD102133,2025-11-10,CUST1133,Desk,Furniture,4,193.56,0.0,774.24,Kochi,Net Banking,Corporate
ORD102134,2025-02-05,CUST1134,Shoes,Fashion,3,113.33,0.2,271.99,Pune,Debit Card,Consumer
ORD102135,2025-10-11,CUST1135,Coffee Maker,Home Appliances,4,101.19,0.15,344.05,Coimbatore,UPI,Home Office
ORD102136,2025-04-11,CUST1136,Office Chair,Furniture,2,213.57,0.05,405.78,Bengaluru,Net Banking,Consumer
ORD102137,2025-04-17,CUST1137,Watch,Fashion,1,137.99,0.1,124.19,Salem,Credit Card,Consumer
ORD102138,2025-12-11,CUST1138,Smartphone,Electronics,2,1082.11,0.15,1839.59,Bengaluru,Cash,Corporate
ORD102139,2025-10-18,CUST1139,Desk,Furniture,3,552.65,0.0,1657.95,Pune,UPI,Corporate
ORD102140,2025-12-15,CUST1140,Office Chair,Furniture,3,237.75,0.0,713.25,Hyderabad,Debit Card,Consumer
ORD102141,2025-04-15,CUST1141,Blender,Home Appliances,1,79.52,0.05,75.54,Bengaluru,Cash,Consumer
ORD102142,2025-08-09,CUST1142,Air Fryer,Home Appliances,5,80.29,0.0,401.45,Delhi,Cash,Consumer
ORD102143,2025-03-17,CUST1143,Blender,Home Appliances,4,173.01,0.0,692.04,Salem,Credit Card,Consumer
ORD102144,2025-08-15,CUST1144,Office Chair,Furniture,4,99.27,0.15,337.52,Delhi,UPI,Corporate
ORD102145,2025-03-25,CUST1145,Air Fryer,Home Appliances,3,116.55,0.0,349.65,Salem,Cash,Consumer
ORD102146,2025-03-17,CUST1146,Laptop,Electronics,2,833.16,0.15,1416.37,Mumbai,UPI,Consumer
ORD102147,2025-09-06,CUST1147,Smartphone,Electronics,2,554.38,0.05,1053.32,Delhi,Credit Card,Consumer
ORD102148,2025-09-12,CUST1148,Shoes,Fashion,5,54.64,0.05,259.54,Bengaluru,Debit Card,Consumer
ORD102149,2025-02-19,CUST1149,Air Fryer,Home Appliances,2,208.8,0.1,375.84,Salem,Cash,Corporate
ORD102150,2025-12-22,CUST1150,Book,Books,4,9.29,0.05,35.3,Mumbai,Cash,Corporate
ORD102151,2025-07-29,CUST1151,Air Fryer,Home Appliances,2,180.63,0.0,361.26,Madurai,Cash,Consumer
ORD102152,2025-06-07,CUST1152,Headphones,Electronics,5,52.87,0.0,264.35,Hyderabad,UPI,Consumer
ORD102153,2025-11-24,CUST1153,Watch,Fashion,4,58.34,0.1,210.02,Chennai,Cash,Consumer
ORD102154,2025-08-21,CUST1154,Headphones,Electronics,2,229.62,0.0,459.24,Mumbai,UPI,Home Office
ORD102155,2025-03-18,CUST1155,Shoes,Fashion,4,58.52,0.0,234.08,Bengaluru,Net Banking,Consumer
ORD102156,2025-08-11,CUST1156,Shoes,Fashion,3,153.19,0.2,367.66,Bengaluru,Net Banking,Consumer
ORD102157,2025-05-01,CUST1157,Smartphone,Electronics,3,767.4,0.2,1841.76,Hyderabad,UPI,Consumer
ORD102158,2025-11-06,CUST1158,Shoes,Fashion,3,41.68,0.05,118.79,Hyderabad,Net Banking,Home Office
ORD102159,2025-11-23,CUST1159,Coffee Maker,Home Appliances,2,240.64,0.0,481.28,Mumbai,Credit Card,Corporate
ORD102160,2025-12-07,CUST1160,Air Fryer,Home Appliances,5,106.92,0.1,481.14,Pune,Credit Card,Consumer
ORD102161,2025-12-24,CUST1161,Air Fryer,Home Appliances,4,223.33,0.15,759.32,Hyderabad,Net Banking,Consumer
ORD102162,2025-04-17,CUST1162,Laptop,Electronics,1,710.37,0.0,710.37,Pune,Debit Card,Corporate
ORD102163,2025-08-29,CUST1163,Desk,Furniture,3,526.97,0.0,1580.91,Madurai,UPI,Consumer
ORD102164,2025-01-28,CUST1164,Shoes,Fashion,3,31.98,0.15,81.55,Bengaluru,Net Banking,Consumer
ORD102165,2025-07-11,CUST1165,Headphones,Electronics,1,140.15,0.15,119.13,Mumbai,UPI,Home Office
ORD102166,2025-09-06,CUST1166,Shoes,Fashion,1,145.42,0.1,130.88,Hyderabad,Net Banking,Home Office
ORD102167,2025-12-30,CUST1167,Blender,Home Appliances,2,170.22,0.0,340.44,Madurai,Credit Card,Home Office
ORD102168,2025-08-01,CUST1168,Laptop,Electronics,4,1413.74,0.05,5372.21,Mumbai,Debit Card,Consumer
ORD102169,2025-01-21,CUST1169,Coffee Maker,Home Appliances,3,212.12,0.1,572.72,Salem,UPI,Consumer
ORD102170,2025-06-04,CUST1170,Coffee Maker,Home Appliances,5,226.52,0.0,1132.6,Chennai,Debit Card,Consumer
ORD102171,2025-01-27,CUST1171,T-Shirt,Fashion,2,19.96,0.0,39.92,Salem,Credit Card,Corporate
ORD102172,2025-03-18,CUST1172,Air Fryer,Home Appliances,2,114.0,0.0,228.0,Coimbatore,Cash,Corporate
ORD102173,2025-11-02,CUST1173,Coffee Maker,Home Appliances,5,100.68,0.05,478.23,Pune,Cash,Corporate
ORD102174,2025-02-26,CUST1174,Air Fryer,Home Appliances,5,131.64,0.05,625.29,Coimbatore,UPI,Home Office
ORD102175,2025-04-29,CUST1175,T-Shirt,Fashion,5,29.67,0.15,126.1,Kochi,Credit Card,Corporate
ORD102176,2025-06-14,CUST1176,Office Chair,Furniture,1,254.26,0.1,228.83,Madurai,UPI,Consumer
ORD102177,2025-03-05,CUST1177,Watch,Fashion,3,81.57,0.15,208.0,Pune,UPI,Consumer
ORD102178,2025-02-17,CUST1178,Keyboard,Electronics,1,109.86,0.15,93.38,Madurai,UPI,Consumer
ORD102179,2025-05-30,CUST1179,Notebook,Stationery,3,4.18,0.0,12.54,Salem,Debit Card,Consumer
ORD102180,2025-06-07,CUST1180,Coffee Maker,Home Appliances,1,105.16,0.0,105.16,Delhi,Net Banking,Consumer
ORD102181,2025-06-05,CUST1181,Desk,Furniture,4,351.67,0.05,1336.35,Pune,Credit Card,Corporate
ORD102182,2025-05-31,CUST1182,Blender,Home Appliances,3,149.47,0.0,448.41,Bengaluru,Debit Card,Consumer
ORD102183,2025-08-13,CUST1183,Backpack,Accessories,2,93.95,0.15,159.72,Madurai,Net Banking,Corporate
ORD102184,2025-09-17,CUST1184,Office Chair,Furniture,3,286.57,0.0,859.71,Bengaluru,UPI,Corporate
ORD102185,2025-09-13,CUST1185,Coffee Maker,Home Appliances,3,72.71,0.0,218.13,Delhi,Cash,Consumer
ORD102186,2025-03-02,CUST1186,Air Fryer,Home Appliances,3,163.94,0.05,467.23,Hyderabad,Debit Card,Consumer
ORD102187,2025-12-18,CUST1187,Watch,Fashion,4,62.74,0.05,238.41,Madurai,Credit Card,Consumer
ORD102188,2025-09-17,CUST1188,T-Shirt,Fashion,1,28.87,0.1,25.98,Coimbatore,Credit Card,Consumer
ORD102189,2025-11-17,CUST1189,Headphones,Electronics,2,118.04,0.05,224.28,Madurai,Net Banking,Consumer
ORD102190,2025-06-11,CUST1190,Notebook,Stationery,1,2.52,0.0,2.52,Hyderabad,Debit Card,Corporate
ORD102191,2025-12-15,CUST1191,Backpack,Accessories,1,47.4,0.0,47.4,Salem,UPI,Consumer
ORD102192,2025-01-31,CUST1192,Watch,Fashion,5,288.47,0.15,1226.0,Mumbai,Net Banking,Consumer
ORD102193,2025-03-12,CUST1193,Watch,Fashion,4,287.94,0.0,1151.76,Coimbatore,Credit Card,Consumer
ORD102194,2025-01-02,CUST1194,Coffee Maker,Home Appliances,5,113.99,0.0,569.95,Coimbatore,Debit Card,Consumer
ORD102195,2025-02-19,CUST1195,Office Chair,Furniture,4,93.79,0.05,356.4,Delhi,Cash,Consumer
ORD102196,2025-05-15,CUST1196,Book,Books,1,11.27,0.0,11.27,Salem,UPI,Consumer
ORD102197,2025-05-26,CUST1197,Backpack,Accessories,1,59.22,0.05,56.26,Coimbatore,Credit Card,Home Office
ORD102198,2025-06-28,CUST1198,Notebook,Stationery,4,14.32,0.1,51.55,Chennai,Debit Card,Consumer
ORD102199,2025-09-21,CUST1199,Smartphone,Electronics,1,384.14,0.1,345.73,Bengaluru,Cash,Corporate
ORD102200,2025-11-07,CUST1200,Keyboard,Electronics,1,119.26,0.1,107.33,Pune,Credit Card,Consumer
ORD102201,2025-07-23,CUST1201,Smartphone,Electronics,2,353.25,0.0,706.5,Chennai,Cash,Consumer
ORD102202,2025-10-26,CUST1202,Book,Books,5,39.34,0.05,186.86,Mumbai,Credit Card,Consumer
ORD102203,2025-07-06,CUST1203,Air Fryer,Home Appliances,5,132.51,0.0,662.55,Madurai,Net Banking,Home Office
ORD102204,2025-01-30,CUST1204,Air Fryer,Home Appliances,5,207.29,0.0,1036.45,Salem,Net Banking,Corporate
ORD102205,2025-02-28,CUST1205,Blender,Home Appliances,3,81.39,0.05,231.96,Kochi,Net Banking,Consumer
ORD102206,2025-01-09,CUST1206,Backpack,Accessories,2,82.77,0.0,165.54,Kochi,Debit Card,Home Office
ORD102207,2025-11-20,CUST1207,Smartphone,Electronics,5,432.42,0.1,1945.89,Chennai,Net Banking,Consumer
ORD102208,2025-06-16,CUST1208,Air Fryer,Home Appliances,5,87.74,0.1,394.83,Coimbatore,Debit Card,Consumer
ORD102209,2025-12-03,CUST1209,Book,Books,2,37.83,0.15,64.31,Madurai,UPI,Consumer
ORD102210,2025-10-06,CUST1210,Coffee Maker,Home Appliances,1,232.71,0.1,209.44,Salem,Net Banking,Consumer
ORD102211,2025-07-10,CUST1211,Laptop,Electronics,5,1393.1,0.0,6965.5,Hyderabad,Debit Card,Consumer
ORD102212,2025-08-30,CUST1212,T-Shirt,Fashion,1,41.27,0.05,39.21,Madurai,Credit Card,Consumer
ORD102213,2025-10-05,CUST1213,Laptop,Electronics,5,1317.85,0.0,6589.25,Pune,Debit Card,Home Office
ORD102214,2025-06-03,CUST1214,Shoes,Fashion,4,40.36,0.05,153.37,Delhi,Debit Card,Corporate
ORD102215,2025-06-09,CUST1215,Notebook,Stationery,3,6.35,0.0,19.05,Salem,Credit Card,Corporate
ORD102216,2025-09-22,CUST1216,Smartphone,Electronics,5,548.02,0.0,2740.1,Madurai,Debit Card,Consumer
ORD102217,2025-08-23,CUST1217,Blender,Home Appliances,4,125.35,0.05,476.33,Salem,Credit Card,Corporate
ORD102218,2025-12-12,CUST1218,Shoes,Fashion,2,83.39,0.1,150.1,Hyderabad,Cash,Consumer
ORD102219,2025-07-18,CUST1219,Air Fryer,Home Appliances,4,88.22,0.1,317.59,Coimbatore,Net Banking,Corporate
ORD102220,2025-02-02,CUST1220,Headphones,Electronics,2,159.21,0.05,302.5,Mumbai,UPI,Home Office
ORD102221,2025-03-30,CUST1221,Desk,Furniture,5,507.19,0.05,2409.15,Delhi,Debit Card,Consumer
ORD102222,2025-04-05,CUST1222,Headphones,Electronics,2,110.98,0.05,210.86,Delhi,Credit Card,Consumer
ORD102223,2025-08-09,CUST1223,Book,Books,4,9.63,0.1,34.67,Coimbatore,Net Banking,Consumer
ORD102224,2025-03-10,CUST1224,Backpack,Accessories,3,39.67,0.0,119.01,Pune,Debit Card,Home Office
ORD102225,2025-10-21,CUST1225,Watch,Fashion,1,101.75,0.1,91.58,Kochi,Net Banking,Consumer
ORD102226,2025-08-25,CUST1226,T-Shirt,Fashion,1,24.99,0.05,23.74,Mumbai,Cash,Corporate
ORD102227,2025-06-09,CUST1227,Smartphone,Electronics,3,860.66,0.0,2581.98,Chennai,Debit Card,Consumer
ORD102228,2025-11-16,CUST1228,Notebook,Stationery,1,9.81,0.0,9.81,Chennai,Credit Card,Consumer
ORD102229,2025-11-24,CUST1229,Blender,Home Appliances,5,134.41,0.0,672.05,Mumbai,Cash,Corporate
ORD102230,2025-10-03,CUST1230,Blender,Home Appliances,5,84.38,0.05,400.8,Pune,Debit Card,Consumer
ORD102231,2025-10-17,CUST1231,Notebook,Stationery,4,12.71,0.1,45.76,Pune,Net Banking,Consumer
ORD102232,2025-02-11,CUST1232,Book,Books,4,12.14,0.0,48.56,Hyderabad,Cash,Consumer
ORD102233,2025-03-07,CUST1233,Office Chair,Furniture,2,230.09,0.05,437.17,Bengaluru,Credit Card,Corporate
ORD102234,2025-01-21,CUST1234,Air Fryer,Home Appliances,4,212.18,0.15,721.41,Madurai,Debit Card,Consumer
ORD102235,2025-12-01,CUST1235,Desk,Furniture,5,190.08,0.0,950.4,Pune,Net Banking,Consumer
ORD102236,2025-03-11,CUST1236,Keyboard,Electronics,4,34.28,0.0,137.12,Chennai,Net Banking,Corporate
ORD102237,2025-09-18,CUST1237,Keyboard,Electronics,1,134.88,0.0,134.88,Coimbatore,Cash,Consumer
ORD102238,2025-09-03,CUST1238,Keyboard,Electronics,2,64.58,0.1,116.24,Chennai,Debit Card,Consumer
ORD102239,2025-11-19,CUST1239,Smartphone,Electronics,2,899.68,0.1,1619.42,Bengaluru,Net Banking,Consumer
ORD102240,2025-08-23,CUST1240,Keyboard,Electronics,5,23.3,0.05,110.68,Mumbai,Cash,Consumer
ORD102241,2025-09-29,CUST1241,Coffee Maker,Home Appliances,4,184.91,0.2,591.71,Bengaluru,UPI,Consumer
ORD102242,2025-04-09,CUST1242,Laptop,Electronics,1,850.3,0.1,765.27,Salem,Net Banking,Home Office
ORD102243,2025-11-25,CUST1243,Blender,Home Appliances,4,38.36,0.0,153.44,Madurai,Cash,Corporate
ORD102244,2025-02-04,CUST1244,Desk,Furniture,3,404.91,0.1,1093.26,Salem,UPI,Consumer
ORD102245,2025-12-05,CUST1245,Laptop,Electronics,4,778.76,0.0,3115.04,Hyderabad,Cash,Consumer
ORD102246,2025-06-20,CUST1246,Watch,Fashion,5,140.57,0.1,632.56,Pune,Net Banking,Consumer
ORD102247,2025-04-20,CUST1247,Desk,Furniture,4,140.29,0.0,561.16,Hyderabad,UPI,Consumer
ORD102248,2025-10-22,CUST1248,Laptop,Electronics,2,689.81,0.1,1241.66,Bengaluru,Cash,Home Office
ORD102249,2025-01-10,CUST1249,Desk,Furniture,1,248.99,0.0,248.99,Salem,Debit Card,Consumer
ORD102250,2025-07-21,CUST1250,Watch,Fashion,5,63.34,0.15,269.2,Coimbatore,UPI,Home Office
ORD102251,2025-09-14,CUST1251,Shoes,Fashion,3,166.62,0.0,499.86,Madurai,Cash,Consumer
ORD102252,2025-09-19,CUST1252,Coffee Maker,Home Appliances,1,41.27,0.1,37.14,Coimbatore,Debit Card,Consumer
ORD102253,2025-06-30,CUST1253,Smartphone,Electronics,1,709.67,0.0,709.67,Coimbatore,UPI,Consumer
ORD102254,2025-03-07,CUST1254,Smartphone,Electronics,2,367.09,0.15,624.05,Coimbatore,Cash,Consumer
ORD102255,2025-10-21,CUST1255,Book,Books,2,15.77,0.1,28.39,Mumbai,Net Banking,Corporate
ORD102256,2025-06-10,CUST1256,Notebook,Stationery,2,14.04,0.0,28.08,Pune,UPI,Consumer
ORD102257,2025-03-08,CUST1257,Air Fryer,Home Appliances,5,90.72,0.15,385.56,Pune,UPI,Consumer
ORD102258,2025-04-10,CUST1258,Blender,Home Appliances,4,174.87,0.05,664.51,Salem,Debit Card,Consumer
ORD102259,2025-03-18,CUST1259,Keyboard,Electronics,1,46.75,0.1,42.08,Coimbatore,Cash,Corporate
ORD102260,2025-02-04,CUST1260,Coffee Maker,Home Appliances,4,195.73,0.1,704.63,Delhi,Net Banking,Home Office
ORD102261,2025-02-14,CUST1261,Headphones,Electronics,4,148.0,0.0,592.0,Madurai,Debit Card,Consumer
ORD102262,2025-05-30,CUST1262,Keyboard,Electronics,2,134.98,0.2,215.97,Delhi,UPI,Corporate
ORD102263,2025-03-09,CUST1263,Air Fryer,Home Appliances,4,165.26,0.0,661.04,Hyderabad,Debit Card,Consumer
ORD102264,2025-09-11,CUST1264,Blender,Home Appliances,1,110.18,0.0,110.18,Salem,Debit Card,Corporate
ORD102265,2025-01-17,CUST1265,Backpack,Accessories,1,39.55,0.15,33.62,Madurai,Debit Card,Home Office
ORD102266,2025-09-18,CUST1266,Air Fryer,Home Appliances,3,91.58,0.1,247.27,Bengaluru,UPI,Consumer
ORD102267,2025-08-01,CUST1267,Coffee Maker,Home Appliances,5,232.46,0.0,1162.3,Salem,Credit Card,Consumer
ORD102268,2025-11-09,CUST1268,Laptop,Electronics,4,861.45,0.0,3445.8,Hyderabad,Debit Card,Home Office
ORD102269,2025-09-13,CUST1269,Desk,Furniture,5,286.04,0.1,1287.18,Hyderabad,Credit Card,Consumer
ORD102270,2025-08-04,CUST1270,Notebook,Stationery,5,11.88,0.0,59.4,Hyderabad,Net Banking,Home Office
ORD102271,2025-12-17,CUST1271,Notebook,Stationery,5,6.4,0.15,27.2,Delhi,Net Banking,Consumer
ORD102272,2025-10-13,CUST1272,Headphones,Electronics,5,239.21,0.1,1076.44,Pune,Net Banking,Consumer
ORD102273,2025-01-07,CUST1273,Coffee Maker,Home Appliances,1,194.96,0.0,194.96,Madurai,Cash,Home Office
ORD102274,2025-07-18,CUST1274,Watch,Fashion,4,195.33,0.05,742.25,Bengaluru,UPI,Consumer
ORD102275,2025-04-01,CUST1275,Backpack,Accessories,3,108.09,0.05,308.06,Kochi,Credit Card,Consumer
ORD102276,2025-05-27,CUST1276,Watch,Fashion,5,52.9,0.05,251.27,Kochi,Cash,Consumer
ORD102277,2025-05-30,CUST1277,Smartphone,Electronics,3,494.21,0.1,1334.37,Coimbatore,Credit Card,Consumer
ORD102278,2025-02-21,CUST1278,Book,Books,1,21.28,0.2,17.02,Mumbai,UPI,Consumer
ORD102279,2025-08-31,CUST1279,Smartphone,Electronics,1,465.63,0.05,442.35,Salem,Debit Card,Corporate
ORD102280,2025-08-07,CUST1280,Air Fryer,Home Appliances,2,201.34,0.05,382.55,Mumbai,Cash,Home Office
ORD102281,2025-01-06,CUST1281,Keyboard,Electronics,5,139.5,0.0,697.5,Kochi,UPI,Corporate
ORD102282,2025-04-19,CUST1282,Laptop,Electronics,2,952.58,0.1,1714.64,Kochi,Cash,Corporate
ORD102283,2025-12-17,CUST1283,Headphones,Electronics,3,101.98,0.1,275.35,Chennai,Net Banking,Corporate
ORD102284,2025-03-07,CUST1284,Air Fryer,Home Appliances,4,242.69,0.1,873.68,Bengaluru,Cash,Corporate
ORD102285,2025-01-10,CUST1285,T-Shirt,Fashion,2,32.24,0.0,64.48,Chennai,Debit Card,Corporate
ORD102286,2025-07-21,CUST1286,Backpack,Accessories,1,68.9,0.15,58.57,Coimbatore,Debit Card,Consumer
ORD102287,2025-10-09,CUST1287,Notebook,Stationery,5,6.57,0.0,32.85,Chennai,Credit Card,Consumer
ORD102288,2025-08-02,CUST1288,Backpack,Accessories,3,110.95,0.1,299.57,Salem,Cash,Consumer
ORD102289,2025-03-09,CUST1289,Air Fryer,Home Appliances,1,168.1,0.1,151.29,Delhi,Net Banking,Corporate
ORD102290,2025-09-04,CUST1290,Air Fryer,Home Appliances,4,204.81,0.1,737.32,Coimbatore,Debit Card,Consumer
ORD102291,2025-12-20,CUST1291,Coffee Maker,Home Appliances,5,210.48,0.05,999.78,Delhi,Credit Card,Consumer
ORD102292,2025-11-23,CUST1292,Keyboard,Electronics,4,64.44,0.1,231.98,Coimbatore,Net Banking,Consumer
ORD102293,2025-02-19,CUST1293,Smartphone,Electronics,4,662.01,0.0,2648.04,Chennai,Net Banking,Home Office
ORD102294,2025-01-17,CUST1294,Notebook,Stationery,5,13.03,0.1,58.63,Kochi,Net Banking,Corporate
ORD102295,2025-01-11,CUST1295,Book,Books,5,17.71,0.0,88.55,Delhi,UPI,Consumer
ORD102296,2025-11-05,CUST1296,Keyboard,Electronics,4,123.21,0.05,468.2,Madurai,Debit Card,Corporate
ORD102297,2025-11-02,CUST1297,Desk,Furniture,3,570.5,0.0,1711.5,Coimbatore,UPI,Home Office
ORD102298,2025-05-04,CUST1298,Coffee Maker,Home Appliances,5,170.87,0.15,726.2,Mumbai,UPI,Consumer
ORD102299,2025-08-13,CUST1299,Coffee Maker,Home Appliances,1,195.74,0.05,185.95,Pune,Debit Card,Consumer
ORD102300,2025-09-01,CUST1300,Headphones,Electronics,2,206.15,0.1,371.07,Madurai,Cash,Consumer
ORD102301,2025-11-14,CUST1301,Laptop,Electronics,3,1352.79,0.1,3652.53,Madurai,Credit Card,Consumer
ORD102302,2025-11-28,CUST1302,Book,Books,5,18.83,0.15,80.03,Hyderabad,Debit Card,Home Office
ORD102303,2025-12-12,CUST1303,Blender,Home Appliances,5,37.69,0.0,188.45,Hyderabad,Credit Card,Corporate
ORD102304,2025-01-29,CUST1304,Shoes,Fashion,3,90.28,0.1,243.76,Hyderabad,Cash,Corporate
ORD102305,2025-12-24,CUST1305,Blender,Home Appliances,2,131.06,0.05,249.01,Bengaluru,Debit Card,Consumer
ORD102306,2025-12-23,CUST1306,Air Fryer,Home Appliances,4,145.57,0.0,582.28,Kochi,Net Banking,Home Office
ORD102307,2025-12-31,CUST1307,Office Chair,Furniture,1,319.67,0.0,319.67,Mumbai,Debit Card,Consumer
ORD102308,2025-10-12,CUST1308,Notebook,Stationery,5,6.64,0.0,33.2,Pune,Cash,Consumer
ORD102309,2025-02-28,CUST1309,Office Chair,Furniture,2,283.12,0.0,566.24,Salem,UPI,Consumer
ORD102310,2025-05-23,CUST1310,Coffee Maker,Home Appliances,1,79.15,0.05,75.19,Delhi,Debit Card,Corporate
ORD102311,2025-11-22,CUST1311,Keyboard,Electronics,3,117.42,0.0,352.26,Madurai,Net Banking,Corporate
ORD102312,2025-12-18,CUST1312,Desk,Furniture,5,372.85,0.05,1771.04,Bengaluru,Debit Card,Consumer
ORD102313,2025-10-27,CUST1313,Headphones,Electronics,4,70.91,0.0,283.64,Delhi,UPI,Corporate
ORD102314,2025-08-14,CUST1314,T-Shirt,Fashion,3,24.6,0.0,73.8,Bengaluru,Debit Card,Consumer
ORD102315,2025-06-13,CUST1315,Office Chair,Furniture,5,319.55,0.15,1358.09,Chennai,Net Banking,Consumer
ORD102316,2025-03-25,CUST1316,Headphones,Electronics,2,133.59,0.05,253.82,Bengaluru,Cash,Consumer
ORD102317,2025-11-09,CUST1317,Coffee Maker,Home Appliances,1,85.37,0.0,85.37,Chennai,Net Banking,Consumer
ORD102318,2025-04-27,CUST1318,Laptop,Electronics,1,1468.91,0.05,1395.46,Chennai,Cash,Corporate
ORD102319,2025-11-16,CUST1319,Watch,Fashion,5,225.93,0.0,1129.65,Salem,Net Banking,Corporate
ORD102320,2025-07-23,CUST1320,Blender,Home Appliances,3,173.57,0.0,520.71,Pune,Credit Card,Consumer
ORD102321,2025-12-21,CUST1321,Desk,Furniture,4,313.55,0.0,1254.2,Salem,Debit Card,Consumer
ORD102322,2025-10-21,CUST1322,Notebook,Stationery,2,8.18,0.2,13.09,Bengaluru,Debit Card,Home Office
ORD102323,2025-05-25,CUST1323,Smartphone,Electronics,5,1103.06,0.1,4963.77,Kochi,UPI,Consumer
ORD102324,2025-01-27,CUST1324,Air Fryer,Home Appliances,2,159.76,0.1,287.57,Chennai,Credit Card,Consumer
ORD102325,2025-01-17,CUST1325,Headphones,Electronics,1,184.14,0.2,147.31,Pune,UPI,Consumer
ORD102326,2025-03-04,CUST1326,Laptop,Electronics,4,789.56,0.15,2684.5,Bengaluru,Debit Card,Consumer
ORD102327,2025-09-24,CUST1327,T-Shirt,Fashion,2,32.34,0.1,58.21,Madurai,UPI,Consumer
ORD102328,2025-03-05,CUST1328,Shoes,Fashion,5,48.52,0.1,218.34,Pune,Cash,Consumer
ORD102329,2025-02-08,CUST1329,Blender,Home Appliances,4,60.9,0.0,243.6,Madurai,Credit Card,Consumer
ORD102330,2025-05-10,CUST1330,Smartphone,Electronics,3,250.9,0.0,752.7,Chennai,Net Banking,Consumer
ORD102331,2025-04-25,CUST1331,Notebook,Stationery,5,2.51,0.05,11.92,Delhi,Cash,Consumer
ORD102332,2025-02-14,CUST1332,Blender,Home Appliances,2,176.59,0.05,335.52,Mumbai,Net Banking,Corporate
ORD102333,2025-08-04,CUST1333,Coffee Maker,Home Appliances,4,90.89,0.2,290.85,Chennai,UPI,Corporate
ORD102334,2025-03-29,CUST1334,Shoes,Fashion,5,129.5,0.05,615.12,Hyderabad,Debit Card,Consumer
ORD102335,2025-12-02,CUST1335,Blender,Home Appliances,4,155.86,0.1,561.1,Hyderabad,Cash,Consumer
ORD102336,2025-06-26,CUST1336,Book,Books,4,24.27,0.05,92.23,Kochi,Credit Card,Consumer
ORD102337,2025-09-22,CUST1337,T-Shirt,Fashion,4,17.66,0.0,70.64,Pune,Net Banking,Consumer
ORD102338,2025-04-15,CUST1338,Laptop,Electronics,2,1241.71,0.05,2359.25,Mumbai,Cash,Corporate
ORD102339,2025-11-30,CUST1339,Air Fryer,Home Appliances,5,174.05,0.05,826.74,Madurai,Debit Card,Consumer
ORD102340,2025-10-28,CUST1340,Office Chair,Furniture,1,314.0,0.05,298.3,Coimbatore,Credit Card,Consumer
ORD102341,2025-06-20,CUST1341,Shoes,Fashion,1,145.46,0.05,138.19,Hyderabad,Credit Card,Consumer
ORD102342,2025-04-18,CUST1342,Notebook,Stationery,2,14.68,0.0,29.36,Mumbai,Net Banking,Consumer
ORD102343,2025-12-21,CUST1343,Coffee Maker,Home Appliances,2,160.45,0.05,304.85,Kochi,Cash,Consumer
ORD102344,2025-06-10,CUST1344,Book,Books,4,16.96,0.1,61.06,Bengaluru,Cash,Home Office
ORD102345,2025-10-10,CUST1345,Smartphone,Electronics,5,866.04,0.05,4113.69,Mumbai,Credit Card,Corporate
ORD102346,2025-02-09,CUST1346,Keyboard,Electronics,5,28.9,0.05,137.28,Bengaluru,UPI,Consumer
ORD102347,2025-01-26,CUST1347,Backpack,Accessories,3,109.74,0.0,329.22,Pune,Credit Card,Home Office
ORD102348,2025-03-24,CUST1348,Headphones,Electronics,3,51.86,0.0,155.58,Salem,Debit Card,Consumer
ORD102349,2025-06-22,CUST1349,Air Fryer,Home Appliances,1,122.29,0.0,122.29,Bengaluru,Cash,Consumer
ORD102350,2025-06-22,CUST1350,Blender,Home Appliances,3,152.36,0.05,434.23,Pune,Net Banking,Home Office
ORD102351,2025-10-09,CUST1351,Office Chair,Furniture,3,271.14,0.05,772.75,Chennai,Cash,Consumer
ORD102352,2025-03-11,CUST1352,Shoes,Fashion,1,89.05,0.15,75.69,Pune,Credit Card,Home Office
ORD102353,2025-11-19,CUST1353,Blender,Home Appliances,1,101.02,0.0,101.02,Madurai,Debit Card,Consumer
ORD102354,2025-01-06,CUST1354,Watch,Fashion,3,262.18,0.0,786.54,Mumbai,UPI,Home Office
ORD102355,2025-10-11,CUST1355,Headphones,Electronics,5,101.5,0.05,482.12,Delhi,Cash,Corporate
ORD102356,2025-07-14,CUST1356,Keyboard,Electronics,3,133.05,0.05,379.19,Salem,Credit Card,Consumer
ORD102357,2025-01-13,CUST1357,Book,Books,4,8.08,0.05,30.7,Bengaluru,Credit Card,Home Office
ORD102358,2025-03-04,CUST1358,Notebook,Stationery,4,12.1,0.15,41.14,Salem,Credit Card,Consumer
ORD102359,2025-01-13,CUST1359,T-Shirt,Fashion,4,52.38,0.15,178.09,Mumbai,Debit Card,Corporate
ORD102360,2025-09-06,CUST1360,Book,Books,2,11.36,0.0,22.72,Mumbai,Credit Card,Consumer
ORD102361,2025-07-24,CUST1361,Book,Books,4,20.06,0.15,68.2,Bengaluru,Credit Card,Corporate
ORD102362,2025-09-10,CUST1362,Backpack,Accessories,5,36.55,0.0,182.75,Kochi,Credit Card,Corporate
ORD102363,2025-02-09,CUST1363,Laptop,Electronics,2,1221.27,0.1,2198.29,Delhi,Cash,Corporate
ORD102364,2025-06-14,CUST1364,Book,Books,2,23.74,0.1,42.73,Bengaluru,Credit Card,Corporate
ORD102365,2025-01-31,CUST1365,Blender,Home Appliances,4,125.3,0.1,451.08,Coimbatore,Debit Card,Corporate
ORD102366,2025-01-17,CUST1366,Keyboard,Electronics,3,45.54,0.0,136.62,Salem,Cash,Consumer
ORD102367,2025-05-17,CUST1367,Keyboard,Electronics,1,47.53,0.0,47.53,Coimbatore,Credit Card,Home Office
ORD102368,2025-12-31,CUST1368,T-Shirt,Fashion,3,12.07,0.05,34.4,Salem,UPI,Corporate
ORD102369,2025-11-16,CUST1369,Desk,Furniture,3,261.03,0.0,783.09,Chennai,Debit Card,Corporate
ORD102370,2025-11-09,CUST1370,T-Shirt,Fashion,2,37.99,0.0,75.98,Salem,UPI,Home Office
ORD102371,2025-06-14,CUST1371,Blender,Home Appliances,2,158.69,0.05,301.51,Mumbai,Debit Card,Consumer
ORD102372,2025-10-08,CUST1372,Notebook,Stationery,2,10.67,0.05,20.27,Pune,UPI,Consumer
ORD102373,2025-08-11,CUST1373,Desk,Furniture,5,317.7,0.1,1429.65,Coimbatore,Credit Card,Corporate
ORD102374,2025-05-02,CUST1374,Desk,Furniture,5,576.56,0.0,2882.8,Coimbatore,UPI,Consumer
ORD102375,2025-03-19,CUST1375,Office Chair,Furniture,1,310.16,0.15,263.64,Hyderabad,UPI,Consumer
ORD102376,2025-11-09,CUST1376,Office Chair,Furniture,2,377.65,0.0,755.3,Salem,Debit Card,Home Office
ORD102377,2025-11-23,CUST1377,Smartphone,Electronics,4,751.21,0.15,2554.11,Delhi,Credit Card,Consumer
ORD102378,2025-03-29,CUST1378,Shoes,Fashion,2,68.84,0.05,130.8,Madurai,Debit Card,Home Office
ORD102379,2025-04-23,CUST1379,Shoes,Fashion,5,37.92,0.05,180.12,Coimbatore,Credit Card,Home Office
ORD102380,2025-04-10,CUST1380,Coffee Maker,Home Appliances,2,192.48,0.15,327.22,Salem,Net Banking,Consumer
ORD102381,2025-10-30,CUST1381,Air Fryer,Home Appliances,5,83.05,0.0,415.25,Mumbai,Cash,Corporate
ORD102382,2025-08-27,CUST1382,Laptop,Electronics,2,837.64,0.0,1675.28,Madurai,Cash,Consumer
ORD102383,2025-12-12,CUST1383,Shoes,Fashion,4,109.87,0.05,417.51,Kochi,Debit Card,Corporate
ORD102384,2025-04-21,CUST1384,Office Chair,Furniture,1,260.61,0.0,260.61,Pune,Credit Card,Consumer
ORD102385,2025-03-31,CUST1385,Smartphone,Electronics,4,820.55,0.05,3118.09,Salem,UPI,Home Office
ORD102386,2025-05-19,CUST1386,Book,Books,5,10.82,0.0,54.1,Chennai,Cash,Consumer
ORD102387,2025-05-15,CUST1387,Smartphone,Electronics,3,610.75,0.15,1557.41,Madurai,Debit Card,Corporate
ORD102388,2025-01-12,CUST1388,Book,Books,4,26.6,0.1,95.76,Kochi,Debit Card,Corporate
ORD102389,2025-09-01,CUST1389,Notebook,Stationery,2,14.61,0.0,29.22,Salem,Debit Card,Consumer
ORD102390,2025-07-01,CUST1390,Notebook,Stationery,1,11.46,0.15,9.74,Salem,Credit Card,Corporate
ORD102391,2025-07-14,CUST1391,Desk,Furniture,2,561.3,0.0,1122.6,Madurai,Debit Card,Home Office
ORD102392,2025-12-28,CUST1392,Coffee Maker,Home Appliances,2,200.06,0.0,400.12,Madurai,Net Banking,Consumer
ORD102393,2025-05-02,CUST1393,Air Fryer,Home Appliances,4,172.43,0.05,655.23,Madurai,UPI,Corporate
ORD102394,2025-02-22,CUST1394,T-Shirt,Fashion,1,19.6,0.1,17.64,Bengaluru,Debit Card,Consumer
ORD102395,2025-12-22,CUST1395,Laptop,Electronics,3,1183.35,0.05,3372.55,Pune,Credit Card,Consumer
ORD102396,2025-06-22,CUST1396,Blender,Home Appliances,2,123.51,0.1,222.32,Coimbatore,UPI,Consumer
ORD102397,2025-06-28,CUST1397,Desk,Furniture,1,401.23,0.0,401.23,Madurai,UPI,Consumer
ORD102398,2025-10-20,CUST1398,T-Shirt,Fashion,3,34.49,0.2,82.78,Madurai,Cash,Consumer
ORD102399,2025-02-28,CUST1399,Shoes,Fashion,2,109.3,0.1,196.74,Bengaluru,Debit Card,Corporate
ORD102400,2025-02-23,CUST1400,Coffee Maker,Home Appliances,1,110.23,0.0,110.23,Mumbai,Debit Card,Consumer
ORD102401,2025-09-14,CUST1401,Desk,Furniture,4,359.66,0.1,1294.78,Kochi,Credit Card,Consumer
ORD102402,2025-09-02,CUST1402,Headphones,Electronics,2,69.45,0.05,131.96,Delhi,Net Banking,Corporate
ORD102403,2025-05-29,CUST1403,Shoes,Fashion,2,150.78,0.0,301.56,Salem,Net Banking,Consumer
ORD102404,2025-10-11,CUST1404,T-Shirt,Fashion,1,19.29,0.0,19.29,Salem,Cash,Consumer
ORD102405,2025-01-16,CUST1405,Laptop,Electronics,2,630.72,0.0,1261.44,Madurai,Net Banking,Consumer
ORD102406,2025-06-25,CUST1406,Blender,Home Appliances,3,95.44,0.15,243.37,Bengaluru,Credit Card,Consumer
ORD102407,2025-01-28,CUST1407,T-Shirt,Fashion,2,42.92,0.05,81.55,Pune,Cash,Home Office
ORD102408,2025-05-09,CUST1408,Book,Books,5,20.32,0.0,101.6,Delhi,Debit Card,Home Office
ORD102409,2025-08-11,CUST1409,Notebook,Stationery,3,5.6,0.0,16.8,Mumbai,Net Banking,Consumer
ORD102410,2025-09-01,CUST1410,Desk,Furniture,1,379.09,0.05,360.14,Hyderabad,Credit Card,Consumer
ORD102411,2025-12-20,CUST1411,Desk,Furniture,3,273.5,0.05,779.47,Mumbai,Credit Card,Home Office
ORD102412,2025-08-26,CUST1412,Blender,Home Appliances,5,169.93,0.1,764.68,Hyderabad,Debit Card,Home Office
ORD102413,2025-08-20,CUST1413,Keyboard,Electronics,5,139.94,0.2,559.76,Bengaluru,Credit Card,Consumer
ORD102414,2025-11-22,CUST1414,Laptop,Electronics,2,1027.25,0.05,1951.78,Pune,Cash,Corporate
ORD102415,2025-04-02,CUST1415,Watch,Fashion,2,125.25,0.05,237.98,Delhi,Cash,Consumer
ORD102416,2025-01-03,CUST1416,Shoes,Fashion,4,140.57,0.05,534.17,Hyderabad,UPI,Consumer
ORD102417,2025-03-22,CUST1417,Smartphone,Electronics,3,284.88,0.15,726.44,Madurai,Debit Card,Consumer
ORD102418,2025-02-13,CUST1418,Blender,Home Appliances,4,101.22,0.0,404.88,Coimbatore,Credit Card,Home Office
ORD102419,2025-06-04,CUST1419,Laptop,Electronics,5,869.51,0.0,4347.55,Coimbatore,Net Banking,Corporate
ORD102420,2025-01-24,CUST1420,Smartphone,Electronics,2,1124.51,0.1,2024.12,Madurai,Cash,Consumer
ORD102421,2025-04-09,CUST1421,Laptop,Electronics,2,561.4,0.0,1122.8,Pune,Debit Card,Corporate
ORD102422,2025-06-20,CUST1422,Laptop,Electronics,2,1075.17,0.0,2150.34,Chennai,Debit Card,Consumer
ORD102423,2025-05-28,CUST1423,T-Shirt,Fashion,1,47.03,0.1,42.33,Salem,Cash,Consumer
ORD102424,2025-05-03,CUST1424,Air Fryer,Home Appliances,5,152.15,0.0,760.75,Mumbai,UPI,Consumer
ORD102425,2025-04-22,CUST1425,Book,Books,2,7.99,0.0,15.98,Hyderabad,Debit Card,Consumer
ORD102426,2025-05-10,CUST1426,Laptop,Electronics,5,1473.84,0.05,7000.74,Coimbatore,Credit Card,Consumer
ORD102427,2025-03-09,CUST1427,Air Fryer,Home Appliances,2,158.42,0.05,301.0,Madurai,Net Banking,Consumer
ORD102428,2025-12-13,CUST1428,Keyboard,Electronics,3,99.84,0.0,299.52,Delhi,Net Banking,Consumer
ORD102429,2025-11-12,CUST1429,Watch,Fashion,5,101.52,0.15,431.46,Delhi,Cash,Consumer
ORD102430,2025-08-05,CUST1430,Desk,Furniture,4,341.75,0.0,1367.0,Hyderabad,Debit Card,Consumer
ORD102431,2025-04-06,CUST1431,Backpack,Accessories,1,62.91,0.1,56.62,Chennai,Net Banking,Consumer
ORD102432,2025-05-25,CUST1432,Smartphone,Electronics,4,321.15,0.0,1284.6,Kochi,Debit Card,Consumer
ORD102433,2025-02-02,CUST1433,Desk,Furniture,5,153.08,0.05,727.13,Kochi,Cash,Consumer
ORD102434,2025-10-13,CUST1434,Backpack,Accessories,2,103.75,0.0,207.5,Bengaluru,UPI,Consumer
ORD102435,2025-01-05,CUST1435,Watch,Fashion,5,102.35,0.0,511.75,Pune,Net Banking,Home Office
ORD102436,2025-04-28,CUST1436,Book,Books,1,11.82,0.0,11.82,Pune,Credit Card,Consumer
ORD102437,2025-05-20,CUST1437,Watch,Fashion,5,171.28,0.05,813.58,Mumbai,Cash,Corporate
ORD102438,2025-08-18,CUST1438,Smartphone,Electronics,2,980.31,0.05,1862.59,Mumbai,UPI,Consumer
ORD102439,2025-06-09,CUST1439,Notebook,Stationery,4,2.81,0.0,11.24,Kochi,Credit Card,Consumer
ORD102440,2025-10-21,CUST1440,Smartphone,Electronics,3,797.97,0.2,1915.13,Hyderabad,Credit Card,Consumer
ORD102441,2025-09-06,CUST1441,Watch,Fashion,4,70.99,0.0,283.96,Coimbatore,Net Banking,Corporate
ORD102442,2025-09-30,CUST1442,Backpack,Accessories,2,23.65,0.05,44.93,Coimbatore,Debit Card,Home Office
ORD102443,2025-07-05,CUST1443,Blender,Home Appliances,2,37.91,0.0,75.82,Madurai,Cash,Corporate
ORD102444,2025-12-31,CUST1444,Laptop,Electronics,1,1342.46,0.05,1275.34,Hyderabad,Credit Card,Consumer
ORD102445,2025-02-09,CUST1445,Shoes,Fashion,5,47.7,0.1,214.65,Coimbatore,Net Banking,Corporate
ORD102446,2025-08-12,CUST1446,Coffee Maker,Home Appliances,5,49.48,0.05,235.03,Chennai,UPI,Corporate
ORD102447,2025-06-01,CUST1447,Air Fryer,Home Appliances,4,143.2,0.0,572.8,Salem,Credit Card,Consumer
ORD102448,2025-05-20,CUST1448,Headphones,Electronics,3,214.9,0.0,644.7,Pune,UPI,Home Office
ORD102449,2025-05-08,CUST1449,Coffee Maker,Home Appliances,3,95.11,0.1,256.8,Chennai,Cash,Consumer
ORD102450,2025-12-17,CUST1450,Desk,Furniture,1,310.86,0.0,310.86,Coimbatore,Net Banking,Corporate
ORD102451,2025-05-27,CUST1451,T-Shirt,Fashion,2,12.0,0.05,22.8,Salem,UPI,Consumer
ORD102452,2025-10-12,CUST1452,Desk,Furniture,1,324.54,0.0,324.54,Madurai,Debit Card,Corporate
ORD102453,2025-08-06,CUST1453,T-Shirt,Fashion,5,38.88,0.0,194.4,Mumbai,UPI,Corporate
ORD102454,2025-08-08,CUST1454,Backpack,Accessories,2,77.09,0.0,154.18,Hyderabad,UPI,Consumer
ORD102455,2025-05-25,CUST1455,Notebook,Stationery,1,6.32,0.15,5.37,Hyderabad,Net Banking,Home Office
ORD102456,2025-11-25,CUST1456,T-Shirt,Fashion,4,25.78,0.1,92.81,Coimbatore,Net Banking,Consumer
ORD102457,2025-10-04,CUST1457,Smartphone,Electronics,5,351.29,0.05,1668.63,Bengaluru,Credit Card,Consumer
ORD102458,2025-08-30,CUST1458,Blender,Home Appliances,3,85.02,0.0,255.06,Coimbatore,UPI,Home Office
ORD102459,2025-03-01,CUST1459,Shoes,Fashion,1,44.92,0.05,42.67,Mumbai,UPI,Consumer
ORD102460,2025-04-08,CUST1460,Shoes,Fashion,5,144.99,0.05,688.7,Mumbai,Net Banking,Consumer
ORD102461,2025-11-27,CUST1461,Smartphone,Electronics,5,1167.96,0.05,5547.81,Madurai,Debit Card,Corporate
ORD102462,2025-06-30,CUST1462,Blender,Home Appliances,3,175.51,0.0,526.53,Kochi,Net Banking,Corporate
ORD102463,2025-04-24,CUST1463,Book,Books,3,35.28,0.2,84.67,Mumbai,Debit Card,Home Office
ORD102464,2025-04-13,CUST1464,Keyboard,Electronics,3,98.1,0.05,279.58,Mumbai,Net Banking,Corporate
ORD102465,2025-12-02,CUST1465,Book,Books,1,29.53,0.15,25.1,Pune,Cash,Corporate
ORD102466,2025-11-15,CUST1466,Notebook,Stationery,3,5.71,0.0,17.13,Chennai,UPI,Home Office
ORD102467,2025-02-26,CUST1467,Coffee Maker,Home Appliances,4,172.46,0.0,689.84,Pune,Debit Card,Consumer
ORD102468,2025-10-12,CUST1468,Notebook,Stationery,5,7.92,0.0,39.6,Coimbatore,Cash,Consumer
ORD102469,2025-05-09,CUST1469,Backpack,Accessories,3,68.2,0.1,184.14,Mumbai,Debit Card,Corporate
ORD102470,2025-11-11,CUST1470,Coffee Maker,Home Appliances,5,199.13,0.0,995.65,Delhi,Credit Card,Consumer
ORD102471,2025-03-27,CUST1471,Keyboard,Electronics,2,56.65,0.15,96.3,Salem,Credit Card,Consumer
ORD102472,2025-07-19,CUST1472,Keyboard,Electronics,2,61.35,0.15,104.3,Coimbatore,UPI,Corporate
ORD102473,2025-03-12,CUST1473,Desk,Furniture,3,562.32,0.1,1518.26,Madurai,Cash,Home Office
ORD102474,2025-12-11,CUST1474,Watch,Fashion,5,54.62,0.1,245.79,Madurai,Cash,Consumer
ORD102475,2025-04-08,CUST1475,Desk,Furniture,2,342.82,0.1,617.08,Coimbatore,Credit Card,Consumer
ORD102476,2025-10-27,CUST1476,Watch,Fashion,3,277.33,0.1,748.79,Hyderabad,UPI,Consumer
ORD102477,2025-06-25,CUST1477,Notebook,Stationery,5,9.93,0.05,47.17,Kochi,Credit Card,Consumer
ORD102478,2025-08-21,CUST1478,Headphones,Electronics,3,147.94,0.1,399.44,Chennai,Cash,Consumer
ORD102479,2025-03-16,CUST1479,Notebook,Stationery,5,5.25,0.15,22.31,Kochi,Debit Card,Consumer
ORD102480,2025-05-23,CUST1480,T-Shirt,Fashion,2,27.16,0.0,54.32,Salem,Cash,Consumer
ORD102481,2025-01-23,CUST1481,Blender,Home Appliances,3,157.81,0.15,402.42,Madurai,UPI,Consumer
ORD102482,2025-06-30,CUST1482,Watch,Fashion,2,185.4,0.0,370.8,Madurai,Cash,Home Office
ORD102483,2025-02-14,CUST1483,Book,Books,3,23.02,0.0,69.06,Coimbatore,Net Banking,Corporate
ORD102484,2025-04-02,CUST1484,Coffee Maker,Home Appliances,1,60.91,0.0,60.91,Madurai,Cash,Consumer
ORD102485,2025-09-26,CUST1485,Smartphone,Electronics,2,265.23,0.0,530.46,Hyderabad,Net Banking,Consumer
ORD102486,2025-02-03,CUST1486,Desk,Furniture,2,581.84,0.15,989.13,Kochi,Credit Card,Consumer
ORD102487,2025-06-15,CUST1487,Blender,Home Appliances,4,86.55,0.15,294.27,Madurai,Net Banking,Home Office
ORD102488,2025-03-11,CUST1488,Backpack,Accessories,2,80.32,0.1,144.58,Bengaluru,Cash,Consumer
ORD102489,2025-12-30,CUST1489,Blender,Home Appliances,5,41.96,0.2,167.84,Delhi,Cash,Home Office
ORD102490,2025-07-15,CUST1490,Air Fryer,Home Appliances,3,189.79,0.0,569.37,Bengaluru,Cash,Corporate
ORD102491,2025-05-13,CUST1491,T-Shirt,Fashion,1,56.63,0.0,56.63,Coimbatore,UPI,Consumer
ORD102492,2025-09-04,CUST1492,Air Fryer,Home Appliances,5,169.38,0.05,804.56,Salem,Credit Card,Consumer
ORD102493,2025-06-17,CUST1493,Headphones,Electronics,5,53.38,0.15,226.86,Delhi,Net Banking,Home Office
ORD102494,2025-10-04,CUST1494,Watch,Fashion,5,191.25,0.0,956.25,Mumbai,Debit Card,Consumer
ORD102495,2025-06-05,CUST1495,Headphones,Electronics,5,197.43,0.2,789.72,Bengaluru,Net Banking,Consumer
ORD102496,2025-01-23,CUST1496,Backpack,Accessories,1,60.64,0.1,54.58,Hyderabad,Cash,Consumer
ORD102497,2025-07-19,CUST1497,Book,Books,4,35.79,0.2,114.53,Chennai,Debit Card,Consumer
ORD102498,2025-10-02,CUST1498,Keyboard,Electronics,2,104.33,0.05,198.23,Salem,Debit Card,Consumer
ORD102499,2025-02-19,CUST1499,Air Fryer,Home Appliances,5,230.86,0.05,1096.58,Salem,Net Banking,Home Office
ORD102500,2025-07-05,CUST1500,Shoes,Fashion,2,123.53,0.1,222.35,Hyderabad,Net Banking,Consumer
ORD102501,2025-01-20,CUST1501,Air Fryer,Home Appliances,2,84.94,0.1,152.89,Hyderabad,Net Banking,Corporate
ORD102502,2025-04-26,CUST1502,Backpack,Accessories,5,50.97,0.0,254.85,Bengaluru,Net Banking,Consumer
ORD102503,2025-04-02,CUST1503,Office Chair,Furniture,4,144.57,0.15,491.54,Delhi,Credit Card,Consumer
ORD102504,2025-12-15,CUST1504,Backpack,Accessories,2,110.88,0.15,188.5,Coimbatore,UPI,Consumer
ORD102505,2025-12-05,CUST1505,Headphones,Electronics,3,196.09,0.0,588.27,Madurai,UPI,Home Office
ORD102506,2025-02-22,CUST1506,Blender,Home Appliances,2,131.46,0.0,262.92,Salem,Net Banking,Consumer
ORD102507,2025-05-03,CUST1507,Smartphone,Electronics,5,535.92,0.05,2545.62,Bengaluru,UPI,Corporate
ORD102508,2025-12-07,CUST1508,Desk,Furniture,1,192.02,0.05,182.42,Bengaluru,Net Banking,Consumer
ORD102509,2025-12-04,CUST1509,Smartphone,Electronics,2,968.63,0.1,1743.53,Bengaluru,Net Banking,Corporate
ORD102510,2025-09-22,CUST1510,Headphones,Electronics,4,131.69,0.0,526.76,Pune,Net Banking,Consumer
ORD102511,2025-01-04,CUST1511,Desk,Furniture,3,212.89,0.1,574.8,Kochi,Credit Card,Consumer
ORD102512,2025-06-18,CUST1512,Office Chair,Furniture,3,277.32,0.1,748.76,Chennai,Cash,Corporate
ORD102513,2025-10-08,CUST1513,Shoes,Fashion,1,36.05,0.0,36.05,Coimbatore,UPI,Consumer
ORD102514,2025-10-17,CUST1514,T-Shirt,Fashion,1,26.31,0.05,24.99,Mumbai,UPI,Consumer
ORD102515,2025-03-14,CUST1515,Coffee Maker,Home Appliances,2,138.4,0.0,276.8,Kochi,Credit Card,Consumer
ORD102516,2025-05-17,CUST1516,Headphones,Electronics,5,58.29,0.0,291.45,Bengaluru,Credit Card,Corporate
ORD102517,2025-12-04,CUST1517,Blender,Home Appliances,4,177.7,0.05,675.26,Delhi,Net Banking,Consumer
ORD102518,2025-09-13,CUST1518,Watch,Fashion,3,94.37,0.2,226.49,Bengaluru,Net Banking,Consumer
ORD102519,2025-05-21,CUST1519,Headphones,Electronics,1,54.33,0.0,54.33,Delhi,Cash,Corporate
ORD102520,2025-07-27,CUST1520,Headphones,Electronics,4,70.8,0.05,269.04,Hyderabad,UPI,Consumer
ORD102521,2025-09-17,CUST1521,Air Fryer,Home Appliances,5,206.12,0.0,1030.6,Pune,Credit Card,Consumer
ORD102522,2025-09-20,CUST1522,Air Fryer,Home Appliances,3,140.85,0.0,422.55,Salem,Cash,Consumer
ORD102523,2025-09-28,CUST1523,Desk,Furniture,3,382.71,0.05,1090.72,Coimbatore,UPI,Home Office
ORD102524,2025-02-07,CUST1524,Notebook,Stationery,5,2.27,0.1,10.22,Coimbatore,Cash,Consumer
ORD102525,2025-07-22,CUST1525,Notebook,Stationery,3,2.45,0.0,7.35,Mumbai,Cash,Corporate
ORD102526,2025-08-12,CUST1526,Laptop,Electronics,5,973.53,0.2,3894.12,Madurai,Net Banking,Consumer
ORD102527,2025-12-13,CUST1527,Backpack,Accessories,3,101.67,0.0,305.01,Mumbai,Cash,Consumer
ORD102528,2025-02-21,CUST1528,Blender,Home Appliances,2,162.79,0.15,276.74,Hyderabad,Net Banking,Consumer
ORD102529,2025-03-22,CUST1529,Laptop,Electronics,5,632.37,0.15,2687.57,Kochi,UPI,Consumer
ORD102530,2025-12-22,CUST1530,Book,Books,4,23.84,0.05,90.59,Mumbai,UPI,Consumer
ORD102531,2025-07-30,CUST1531,Office Chair,Furniture,2,372.23,0.0,744.46,Coimbatore,Net Banking,Corporate
ORD102532,2025-01-07,CUST1532,Notebook,Stationery,4,7.04,0.05,26.75,Pune,Debit Card,Consumer
ORD102533,2025-12-29,CUST1533,Watch,Fashion,3,255.69,0.1,690.36,Hyderabad,Cash,Consumer
ORD102534,2025-02-14,CUST1534,Air Fryer,Home Appliances,4,85.4,0.15,290.36,Salem,UPI,Consumer
ORD102535,2025-11-11,CUST1535,Shoes,Fashion,2,170.31,0.05,323.59,Mumbai,Cash,Consumer
ORD102536,2025-10-04,CUST1536,Keyboard,Electronics,5,117.69,0.05,559.03,Delhi,Debit Card,Consumer
ORD102537,2025-09-16,CUST1537,Office Chair,Furniture,1,381.23,0.15,324.05,Pune,Cash,Consumer
ORD102538,2025-05-22,CUST1538,Keyboard,Electronics,4,107.96,0.2,345.47,Chennai,Debit Card,Consumer
ORD102539,2025-09-15,CUST1539,Blender,Home Appliances,1,84.51,0.1,76.06,Coimbatore,Credit Card,Corporate
ORD102540,2025-10-12,CUST1540,Blender,Home Appliances,4,170.73,0.15,580.48,Bengaluru,Debit Card,Consumer
ORD102541,2025-02-06,CUST1541,Book,Books,4,14.64,0.05,55.63,Salem,UPI,Corporate
ORD102542,2025-02-14,CUST1542,Keyboard,Electronics,5,63.18,0.1,284.31,Coimbatore,Net Banking,Home Office
ORD102543,2025-04-30,CUST1543,Blender,Home Appliances,3,135.12,0.1,364.82,Hyderabad,Net Banking,Consumer
ORD102544,2025-02-15,CUST1544,Shoes,Fashion,2,144.8,0.1,260.64,Delhi,Cash,Consumer
ORD102545,2025-05-20,CUST1545,Smartphone,Electronics,2,1132.93,0.0,2265.86,Mumbai,Credit Card,Consumer
ORD102546,2025-02-22,CUST1546,Laptop,Electronics,2,744.56,0.05,1414.66,Hyderabad,Cash,Consumer
ORD102547,2025-10-28,CUST1547,Headphones,Electronics,3,204.55,0.05,582.97,Pune,Debit Card,Corporate
ORD102548,2025-10-15,CUST1548,T-Shirt,Fashion,1,46.93,0.0,46.93,Delhi,Net Banking,Consumer
ORD102549,2025-10-01,CUST1549,Keyboard,Electronics,2,28.29,0.0,56.58,Bengaluru,Debit Card,Consumer
ORD102550,2025-09-26,CUST1550,Watch,Fashion,1,140.68,0.1,126.61,Madurai,Net Banking,Consumer
ORD102551,2025-10-06,CUST1551,Office Chair,Furniture,3,170.48,0.05,485.87,Mumbai,Net Banking,Consumer
ORD102552,2025-03-03,CUST1552,Smartphone,Electronics,3,539.27,0.0,1617.81,Salem,Net Banking,Consumer
ORD102553,2025-02-23,CUST1553,Keyboard,Electronics,5,147.78,0.15,628.06,Coimbatore,UPI,Consumer
ORD102554,2025-03-10,CUST1554,Smartphone,Electronics,2,860.64,0.15,1463.09,Delhi,Debit Card,Consumer
ORD102555,2025-08-30,CUST1555,Notebook,Stationery,5,11.33,0.05,53.82,Mumbai,Cash,Consumer
ORD102556,2025-09-27,CUST1556,Smartphone,Electronics,2,1177.79,0.0,2355.58,Salem,Credit Card,Consumer
ORD102557,2025-09-09,CUST1557,Keyboard,Electronics,3,69.04,0.15,176.05,Kochi,Cash,Corporate
ORD102558,2025-12-20,CUST1558,Desk,Furniture,3,500.92,0.15,1277.35,Hyderabad,Debit Card,Consumer
ORD102559,2025-10-11,CUST1559,Backpack,Accessories,4,63.45,0.0,253.8,Coimbatore,Credit Card,Consumer
ORD102560,2025-12-17,CUST1560,Watch,Fashion,4,266.08,0.0,1064.32,Chennai,Cash,Consumer
ORD102561,2025-03-12,CUST1561,Headphones,Electronics,3,65.65,0.05,187.1,Kochi,Credit Card,Corporate
ORD102562,2025-11-19,CUST1562,Headphones,Electronics,3,238.23,0.1,643.22,Salem,Debit Card,Consumer
ORD102563,2025-04-10,CUST1563,Watch,Fashion,1,96.88,0.0,96.88,Kochi,Net Banking,Consumer
ORD102564,2025-03-02,CUST1564,Desk,Furniture,1,263.11,0.05,249.95,Mumbai,Debit Card,Consumer
ORD102565,2025-04-13,CUST1565,Air Fryer,Home Appliances,5,203.68,0.05,967.48,Delhi,UPI,Home Office
ORD102566,2025-04-29,CUST1566,Blender,Home Appliances,4,89.06,0.15,302.8,Chennai,Credit Card,Corporate
ORD102567,2025-01-17,CUST1567,Headphones,Electronics,4,161.85,0.05,615.03,Madurai,Debit Card,Consumer
ORD102568,2025-11-01,CUST1568,Air Fryer,Home Appliances,3,144.47,0.05,411.74,Delhi,Net Banking,Consumer
ORD102569,2025-07-10,CUST1569,Smartphone,Electronics,3,955.25,0.2,2292.6,Madurai,Net Banking,Consumer
ORD102570,2025-07-31,CUST1570,Shoes,Fashion,5,64.25,0.0,321.25,Salem,Debit Card,Consumer
ORD102571,2025-03-19,CUST1571,Office Chair,Furniture,4,98.71,0.0,394.84,Bengaluru,Cash,Corporate
ORD102572,2025-02-15,CUST1572,Notebook,Stationery,1,5.9,0.1,5.31,Delhi,Debit Card,Corporate
ORD102573,2025-04-03,CUST1573,Laptop,Electronics,2,1000.59,0.0,2001.18,Salem,Net Banking,Consumer
ORD102574,2025-01-13,CUST1574,Headphones,Electronics,5,62.8,0.15,266.9,Mumbai,Debit Card,Corporate
ORD102575,2025-08-16,CUST1575,Watch,Fashion,2,132.25,0.0,264.5,Madurai,UPI,Consumer
ORD102576,2025-10-28,CUST1576,Shoes,Fashion,1,90.0,0.0,90.0,Salem,Cash,Consumer
ORD102577,2025-01-17,CUST1577,Keyboard,Electronics,1,27.46,0.15,23.34,Coimbatore,Debit Card,Consumer
ORD102578,2025-10-30,CUST1578,Book,Books,2,25.42,0.05,48.3,Madurai,Net Banking,Consumer
ORD102579,2025-03-03,CUST1579,Backpack,Accessories,5,108.43,0.1,487.94,Mumbai,Debit Card,Consumer
ORD102580,2025-02-12,CUST1580,Watch,Fashion,2,79.45,0.0,158.9,Coimbatore,Debit Card,Consumer
ORD102581,2025-03-09,CUST1581,Blender,Home Appliances,5,119.67,0.0,598.35,Salem,Credit Card,Consumer
ORD102582,2025-07-31,CUST1582,Book,Books,5,28.27,0.15,120.15,Kochi,Debit Card,Consumer
ORD102583,2025-07-22,CUST1583,Book,Books,3,19.68,0.05,56.09,Pune,UPI,Home Office
ORD102584,2025-08-02,CUST1584,Smartphone,Electronics,4,916.04,0.05,3480.95,Delhi,Net Banking,Home Office
ORD102585,2025-04-19,CUST1585,Backpack,Accessories,4,61.07,0.0,244.28,Chennai,Credit Card,Consumer
ORD102586,2025-10-11,CUST1586,Office Chair,Furniture,1,241.48,0.05,229.41,Mumbai,Debit Card,Consumer
ORD102587,2025-04-04,CUST1587,Office Chair,Furniture,3,82.35,0.1,222.34,Bengaluru,Cash,Corporate
ORD102588,2025-08-13,CUST1588,Desk,Furniture,4,445.86,0.15,1515.92,Chennai,UPI,Corporate
ORD102589,2025-08-13,CUST1589,Air Fryer,Home Appliances,5,185.66,0.1,835.47,Salem,UPI,Consumer
ORD102590,2025-08-27,CUST1590,T-Shirt,Fashion,5,11.92,0.1,53.64,Coimbatore,UPI,Consumer
ORD102591,2025-04-28,CUST1591,Book,Books,2,17.89,0.05,33.99,Madurai,Credit Card,Consumer
ORD102592,2025-04-01,CUST1592,Desk,Furniture,2,589.52,0.05,1120.09,Chennai,Debit Card,Consumer
ORD102593,2025-12-06,CUST1593,Blender,Home Appliances,5,93.11,0.1,419.0,Coimbatore,UPI,Consumer
ORD102594,2025-10-16,CUST1594,Air Fryer,Home Appliances,5,155.37,0.0,776.85,Pune,Debit Card,Corporate
ORD102595,2025-10-08,CUST1595,Notebook,Stationery,2,13.83,0.0,27.66,Madurai,Cash,Consumer
ORD102596,2025-01-19,CUST1596,Book,Books,4,30.1,0.15,102.34,Delhi,Debit Card,Consumer
ORD102597,2025-06-24,CUST1597,Shoes,Fashion,1,117.31,0.0,117.31,Kochi,Debit Card,Consumer
ORD102598,2025-04-16,CUST1598,Backpack,Accessories,2,99.78,0.0,199.56,Pune,Debit Card,Consumer
ORD102599,2025-10-16,CUST1599,T-Shirt,Fashion,4,53.22,0.05,202.24,Madurai,Net Banking,Corporate
ORD102600,2025-09-05,CUST1600,Keyboard,Electronics,4,79.4,0.1,285.84,Pune,Credit Card,Consumer
ORD102601,2025-11-19,CUST1601,Smartphone,Electronics,4,701.35,0.05,2665.13,Delhi,Debit Card,Corporate
ORD102602,2025-05-22,CUST1602,Backpack,Accessories,3,58.61,0.05,167.04,Coimbatore,UPI,Consumer
ORD102603,2025-10-25,CUST1603,Desk,Furniture,3,583.35,0.2,1400.04,Madurai,Net Banking,Consumer
ORD102604,2025-07-12,CUST1604,Laptop,Electronics,4,1212.31,0.1,4364.32,Salem,Debit Card,Consumer
ORD102605,2025-12-17,CUST1605,Coffee Maker,Home Appliances,5,57.48,0.15,244.29,Mumbai,Net Banking,Consumer
ORD102606,2025-10-30,CUST1606,T-Shirt,Fashion,3,53.15,0.0,159.45,Chennai,Credit Card,Consumer
ORD102607,2025-10-18,CUST1607,T-Shirt,Fashion,2,34.03,0.0,68.06,Kochi,Net Banking,Consumer
ORD102608,2025-11-28,CUST1608,Blender,Home Appliances,3,40.31,0.05,114.88,Hyderabad,UPI,Home Office
ORD102609,2025-07-27,CUST1609,Smartphone,Electronics,5,772.23,0.0,3861.15,Bengaluru,Debit Card,Home Office
ORD102610,2025-09-05,CUST1610,Headphones,Electronics,1,118.86,0.0,118.86,Coimbatore,UPI,Consumer
ORD102611,2025-05-22,CUST1611,Office Chair,Furniture,3,360.88,0.0,1082.64,Mumbai,Cash,Consumer
ORD102612,2025-11-07,CUST1612,Office Chair,Furniture,4,145.28,0.05,552.06,Bengaluru,Net Banking,Corporate
ORD102613,2025-08-10,CUST1613,Notebook,Stationery,4,12.74,0.1,45.86,Hyderabad,Net Banking,Consumer
ORD102614,2025-08-13,CUST1614,Laptop,Electronics,4,1079.8,0.1,3887.28,Madurai,Net Banking,Consumer
ORD102615,2025-12-20,CUST1615,Shoes,Fashion,1,38.19,0.0,38.19,Pune,Credit Card,Consumer
ORD102616,2025-07-03,CUST1616,Blender,Home Appliances,5,175.78,0.05,834.96,Mumbai,UPI,Consumer
ORD102617,2025-12-30,CUST1617,Shoes,Fashion,2,106.89,0.0,213.78,Kochi,Cash,Consumer
ORD102618,2025-11-01,CUST1618,Keyboard,Electronics,5,57.81,0.05,274.6,Delhi,Credit Card,Consumer
ORD102619,2025-07-07,CUST1619,Air Fryer,Home Appliances,1,149.19,0.05,141.73,Salem,Credit Card,Home Office
ORD102620,2025-04-23,CUST1620,Backpack,Accessories,4,105.79,0.05,402.0,Chennai,Debit Card,Consumer
ORD102621,2025-06-30,CUST1621,Notebook,Stationery,5,5.96,0.15,25.33,Pune,Cash,Consumer
ORD102622,2025-07-18,CUST1622,Notebook,Stationery,2,4.5,0.15,7.65,Coimbatore,Net Banking,Consumer
ORD102623,2025-03-11,CUST1623,Coffee Maker,Home Appliances,4,67.1,0.1,241.56,Bengaluru,Net Banking,Consumer
ORD102624,2025-03-27,CUST1624,Watch,Fashion,2,117.44,0.15,199.65,Coimbatore,Debit Card,Home Office
ORD102625,2025-02-08,CUST1625,Headphones,Electronics,3,200.51,0.1,541.38,Coimbatore,Net Banking,Consumer
ORD102626,2025-05-11,CUST1626,Desk,Furniture,2,335.81,0.15,570.88,Mumbai,UPI,Home Office
ORD102627,2025-01-10,CUST1627,Book,Books,4,12.96,0.05,49.25,Delhi,Net Banking,Consumer
ORD102628,2025-01-03,CUST1628,Watch,Fashion,3,83.21,0.05,237.15,Bengaluru,UPI,Corporate
ORD102629,2025-10-29,CUST1629,Air Fryer,Home Appliances,4,123.22,0.1,443.59,Bengaluru,Debit Card,Consumer
ORD102630,2025-05-30,CUST1630,Watch,Fashion,4,284.38,0.0,1137.52,Bengaluru,Debit Card,Home Office
ORD102631,2025-03-08,CUST1631,Blender,Home Appliances,3,81.45,0.1,219.92,Coimbatore,UPI,Consumer
ORD102632,2025-07-12,CUST1632,Book,Books,2,39.58,0.15,67.29,Mumbai,Net Banking,Consumer
ORD102633,2025-04-07,CUST1633,T-Shirt,Fashion,1,34.26,0.1,30.83,Coimbatore,Debit Card,Corporate
ORD102634,2025-01-19,CUST1634,Laptop,Electronics,1,720.21,0.0,720.21,Salem,Debit Card,Corporate
ORD102635,2025-11-14,CUST1635,Office Chair,Furniture,1,365.16,0.05,346.9,Salem,UPI,Home Office
ORD102636,2025-04-08,CUST1636,Keyboard,Electronics,1,79.85,0.15,67.87,Bengaluru,Debit Card,Consumer
ORD102637,2025-02-26,CUST1637,Shoes,Fashion,5,136.45,0.2,545.8,Delhi,Net Banking,Consumer
ORD102638,2025-12-17,CUST1638,Coffee Maker,Home Appliances,1,246.58,0.05,234.25,Delhi,Debit Card,Consumer
ORD102639,2025-04-17,CUST1639,Blender,Home Appliances,3,37.53,0.15,95.7,Bengaluru,UPI,Consumer
ORD102640,2025-03-29,CUST1640,Laptop,Electronics,1,641.86,0.15,545.58,Madurai,Net Banking,Corporate
ORD102641,2025-05-21,CUST1641,T-Shirt,Fashion,4,46.02,0.0,184.08,Kochi,Cash,Consumer
ORD102642,2025-05-24,CUST1642,Desk,Furniture,1,240.91,0.15,204.77,Bengaluru,UPI,Consumer
ORD102643,2025-02-21,CUST1643,Keyboard,Electronics,2,43.96,0.0,87.92,Mumbai,Cash,Corporate
ORD102644,2025-07-31,CUST1644,Blender,Home Appliances,3,35.9,0.05,102.31,Mumbai,Debit Card,Corporate
ORD102645,2025-02-10,CUST1645,T-Shirt,Fashion,3,11.09,0.05,31.61,Mumbai,Net Banking,Consumer
ORD102646,2025-10-31,CUST1646,Coffee Maker,Home Appliances,5,202.64,0.1,911.88,Bengaluru,Debit Card,Consumer
ORD102647,2025-04-01,CUST1647,Office Chair,Furniture,4,123.02,0.1,442.87,Mumbai,Net Banking,Home Office
ORD102648,2025-02-08,CUST1648,Notebook,Stationery,3,8.08,0.05,23.03,Mumbai,Credit Card,Consumer
ORD102649,2025-01-13,CUST1649,Office Chair,Furniture,2,273.89,0.15,465.61,Hyderabad,Debit Card,Corporate
ORD102650,2025-04-06,CUST1650,Blender,Home Appliances,1,94.25,0.15,80.11,Hyderabad,Debit Card,Consumer
ORD102651,2025-04-19,CUST1651,Office Chair,Furniture,3,88.67,0.1,239.41,Chennai,Debit Card,Consumer
ORD102652,2025-04-14,CUST1652,Laptop,Electronics,2,1294.33,0.05,2459.23,Madurai,UPI,Home Office
ORD102653,2025-12-20,CUST1653,Laptop,Electronics,1,559.99,0.0,559.99,Pune,Net Banking,Corporate
ORD102654,2025-08-19,CUST1654,Shoes,Fashion,5,144.28,0.05,685.33,Coimbatore,Net Banking,Consumer
ORD102655,2025-02-12,CUST1655,Blender,Home Appliances,3,164.0,0.15,418.2,Mumbai,Net Banking,Consumer
ORD102656,2025-07-28,CUST1656,Shoes,Fashion,3,94.93,0.0,284.79,Chennai,UPI,Consumer
ORD102657,2025-03-29,CUST1657,Blender,Home Appliances,2,110.33,0.2,176.53,Salem,Net Banking,Consumer
ORD102658,2025-04-03,CUST1658,Notebook,Stationery,4,8.2,0.15,27.88,Delhi,Debit Card,Corporate
ORD102659,2025-06-23,CUST1659,Notebook,Stationery,5,7.06,0.1,31.77,Pune,Cash,Corporate
ORD102660,2025-05-06,CUST1660,Desk,Furniture,4,543.71,0.1,1957.36,Chennai,Credit Card,Home Office
ORD102661,2025-04-19,CUST1661,Blender,Home Appliances,3,164.09,0.05,467.66,Delhi,Net Banking,Consumer
ORD102662,2025-02-16,CUST1662,Coffee Maker,Home Appliances,4,110.52,0.1,397.87,Bengaluru,UPI,Corporate
ORD102663,2025-08-02,CUST1663,Air Fryer,Home Appliances,1,176.86,0.05,168.02,Madurai,UPI,Consumer
ORD102664,2025-04-02,CUST1664,Keyboard,Electronics,5,140.5,0.15,597.12,Hyderabad,Net Banking,Consumer
ORD102665,2025-06-30,CUST1665,Smartphone,Electronics,4,1163.96,0.1,4190.26,Bengaluru,Cash,Consumer
ORD102666,2025-02-10,CUST1666,Book,Books,1,22.81,0.1,20.53,Bengaluru,Net Banking,Home Office
ORD102667,2025-09-16,CUST1667,Smartphone,Electronics,2,680.18,0.1,1224.32,Chennai,UPI,Consumer
ORD102668,2025-05-01,CUST1668,T-Shirt,Fashion,4,23.93,0.0,95.72,Madurai,Credit Card,Consumer
ORD102669,2025-03-18,CUST1669,Notebook,Stationery,5,14.47,0.0,72.35,Kochi,Cash,Consumer
ORD102670,2025-04-05,CUST1670,Office Chair,Furniture,1,125.7,0.15,106.84,Mumbai,Net Banking,Consumer
ORD102671,2025-09-26,CUST1671,Keyboard,Electronics,4,95.38,0.0,381.52,Madurai,Credit Card,Home Office
ORD102672,2025-12-27,CUST1672,Watch,Fashion,2,113.46,0.05,215.57,Chennai,Net Banking,Consumer
ORD102673,2025-01-18,CUST1673,Air Fryer,Home Appliances,4,113.01,0.05,429.44,Delhi,Cash,Corporate
ORD102674,2025-10-20,CUST1674,Laptop,Electronics,1,934.72,0.0,934.72,Pune,UPI,Consumer
ORD102675,2025-06-20,CUST1675,Backpack,Accessories,4,119.88,0.0,479.52,Delhi,Cash,Consumer
ORD102676,2025-06-11,CUST1676,Headphones,Electronics,5,37.37,0.15,158.82,Bengaluru,Debit Card,Corporate
ORD102677,2025-11-07,CUST1677,Desk,Furniture,3,389.27,0.1,1051.03,Salem,Net Banking,Consumer
ORD102678,2025-02-21,CUST1678,Office Chair,Furniture,1,106.42,0.05,101.1,Salem,Credit Card,Consumer
ORD102679,2025-02-05,CUST1679,Office Chair,Furniture,1,129.45,0.15,110.03,Salem,Credit Card,Consumer
ORD102680,2025-07-06,CUST1680,Coffee Maker,Home Appliances,1,132.31,0.0,132.31,Madurai,Cash,Consumer
ORD102681,2025-09-05,CUST1681,Office Chair,Furniture,1,243.35,0.0,243.35,Kochi,Cash,Consumer
ORD102682,2025-02-21,CUST1682,Laptop,Electronics,4,795.85,0.1,2865.06,Kochi,Cash,Consumer
ORD102683,2025-01-19,CUST1683,Laptop,Electronics,5,850.63,0.1,3827.83,Kochi,Credit Card,Consumer
ORD102684,2025-04-02,CUST1684,Headphones,Electronics,2,44.57,0.05,84.68,Madurai,UPI,Consumer
ORD102685,2025-05-19,CUST1685,Book,Books,5,15.61,0.2,62.44,Coimbatore,Credit Card,Consumer
ORD102686,2025-10-31,CUST1686,Blender,Home Appliances,1,174.98,0.15,148.73,Kochi,UPI,Consumer
ORD102687,2025-12-23,CUST1687,Watch,Fashion,4,285.62,0.0,1142.48,Chennai,Cash,Consumer
ORD102688,2025-08-08,CUST1688,Keyboard,Electronics,4,63.53,0.0,254.12,Hyderabad,Debit Card,Consumer
ORD102689,2025-04-09,CUST1689,Office Chair,Furniture,1,262.67,0.15,223.27,Coimbatore,Credit Card,Consumer
ORD102690,2025-08-24,CUST1690,Smartphone,Electronics,4,1114.12,0.0,4456.48,Delhi,Cash,Consumer
ORD102691,2025-07-26,CUST1691,Shoes,Fashion,1,30.93,0.0,30.93,Salem,Credit Card,Consumer
ORD102692,2025-05-24,CUST1692,Coffee Maker,Home Appliances,5,210.24,0.1,946.08,Coimbatore,Cash,Consumer
ORD102693,2025-07-18,CUST1693,Coffee Maker,Home Appliances,3,239.16,0.05,681.61,Mumbai,Credit Card,Consumer
ORD102694,2025-10-30,CUST1694,Book,Books,4,8.2,0.05,31.16,Madurai,Net Banking,Consumer
ORD102695,2025-11-19,CUST1695,Smartphone,Electronics,1,403.38,0.0,403.38,Coimbatore,Credit Card,Consumer
ORD102696,2025-10-14,CUST1696,T-Shirt,Fashion,1,58.04,0.1,52.24,Madurai,Net Banking,Home Office
ORD102697,2025-11-28,CUST1697,Smartphone,Electronics,4,760.66,0.05,2890.51,Hyderabad,UPI,Consumer
ORD102698,2025-09-21,CUST1698,Air Fryer,Home Appliances,2,62.7,0.0,125.4,Bengaluru,Credit Card,Corporate
ORD102699,2025-08-05,CUST1699,T-Shirt,Fashion,1,22.88,0.0,22.88,Kochi,UPI,Consumer
ORD102700,2025-07-08,CUST1700,Backpack,Accessories,4,64.99,0.05,246.96,Delhi,Debit Card,Consumer
ORD102701,2025-02-13,CUST1701,Notebook,Stationery,1,11.01,0.15,9.36,Pune,Net Banking,Consumer
ORD102702,2025-10-18,CUST1702,Shoes,Fashion,2,139.97,0.15,237.95,Madurai,Credit Card,Consumer
ORD102703,2025-07-08,CUST1703,Notebook,Stationery,3,14.94,0.0,44.82,Mumbai,UPI,Consumer
ORD102704,2025-07-13,CUST1704,Coffee Maker,Home Appliances,2,100.38,0.1,180.68,Chennai,Cash,Consumer
ORD102705,2025-09-27,CUST1705,Smartphone,Electronics,5,761.31,0.1,3425.9,Bengaluru,UPI,Corporate
ORD102706,2025-09-17,CUST1706,Backpack,Accessories,4,73.33,0.15,249.32,Bengaluru,Credit Card,Consumer
ORD102707,2025-08-27,CUST1707,Blender,Home Appliances,2,90.85,0.05,172.61,Hyderabad,Debit Card,Consumer
ORD102708,2025-04-22,CUST1708,Desk,Furniture,3,184.58,0.0,553.74,Salem,Net Banking,Consumer
ORD102709,2025-03-10,CUST1709,Keyboard,Electronics,1,147.07,0.1,132.36,Pune,Cash,Consumer
ORD102710,2025-02-18,CUST1710,Backpack,Accessories,4,105.33,0.0,421.32,Salem,UPI,Corporate
ORD102711,2025-11-07,CUST1711,Book,Books,2,22.44,0.0,44.88,Delhi,Credit Card,Corporate
ORD102712,2025-05-31,CUST1712,Air Fryer,Home Appliances,3,174.62,0.1,471.47,Bengaluru,Credit Card,Consumer
ORD102713,2025-08-27,CUST1713,Keyboard,Electronics,2,49.54,0.2,79.26,Pune,Net Banking,Consumer
ORD102714,2025-12-03,CUST1714,Smartphone,Electronics,5,766.6,0.0,3833.0,Hyderabad,Cash,Consumer
ORD102715,2025-04-25,CUST1715,Watch,Fashion,4,220.69,0.1,794.48,Salem,UPI,Consumer
ORD102716,2025-03-16,CUST1716,Blender,Home Appliances,1,107.28,0.0,107.28,Kochi,UPI,Home Office
ORD102717,2025-04-08,CUST1717,Backpack,Accessories,3,119.03,0.15,303.53,Pune,UPI,Consumer
ORD102718,2025-04-21,CUST1718,Shoes,Fashion,2,121.7,0.05,231.23,Pune,Net Banking,Home Office
ORD102719,2025-12-23,CUST1719,Smartphone,Electronics,4,602.43,0.0,2409.72,Madurai,Net Banking,Home Office
ORD102720,2025-10-12,CUST1720,Office Chair,Furniture,2,327.09,0.0,654.18,Kochi,Cash,Consumer
ORD102721,2025-09-13,CUST1721,Laptop,Electronics,4,711.94,0.05,2705.37,Coimbatore,UPI,Consumer
ORD102722,2025-11-14,CUST1722,Backpack,Accessories,5,58.45,0.0,292.25,Pune,UPI,Corporate
ORD102723,2025-11-05,CUST1723,Shoes,Fashion,2,82.04,0.0,164.08,Bengaluru,Cash,Consumer
ORD102724,2025-04-27,CUST1724,Air Fryer,Home Appliances,5,142.04,0.1,639.18,Hyderabad,Cash,Consumer
ORD102725,2025-06-25,CUST1725,Desk,Furniture,3,490.89,0.05,1399.04,Delhi,Cash,Consumer
ORD102726,2025-08-16,CUST1726,Office Chair,Furniture,5,234.94,0.1,1057.23,Mumbai,Credit Card,Consumer
ORD102727,2025-12-13,CUST1727,Notebook,Stationery,4,12.32,0.0,49.28,Kochi,Cash,Consumer
ORD102728,2025-04-16,CUST1728,Desk,Furniture,3,388.24,0.1,1048.25,Chennai,Debit Card,Consumer
ORD102729,2025-12-08,CUST1729,Notebook,Stationery,2,6.45,0.05,12.26,Mumbai,Net Banking,Corporate
ORD102730,2025-08-27,CUST1730,Smartphone,Electronics,2,1019.48,0.0,2038.96,Mumbai,Cash,Home Office
ORD102731,2025-04-10,CUST1731,Laptop,Electronics,4,776.38,0.05,2950.24,Bengaluru,Credit Card,Consumer
ORD102732,2025-06-25,CUST1732,Backpack,Accessories,1,42.44,0.0,42.44,Salem,Debit Card,Consumer
ORD102733,2025-12-16,CUST1733,Backpack,Accessories,1,70.45,0.15,59.88,Mumbai,Credit Card,Consumer
ORD102734,2025-09-06,CUST1734,Watch,Fashion,2,107.82,0.1,194.08,Hyderabad,Credit Card,Consumer
ORD102735,2025-03-17,CUST1735,Coffee Maker,Home Appliances,4,41.91,0.05,159.26,Mumbai,Credit Card,Consumer
ORD102736,2025-01-03,CUST1736,Watch,Fashion,1,208.56,0.0,208.56,Salem,Credit Card,Corporate
ORD102737,2025-03-22,CUST1737,Book,Books,5,22.89,0.0,114.45,Madurai,UPI,Consumer
ORD102738,2025-12-27,CUST1738,Smartphone,Electronics,2,673.24,0.05,1279.16,Pune,Net Banking,Corporate
ORD102739,2025-10-15,CUST1739,Smartphone,Electronics,5,1168.62,0.1,5258.79,Coimbatore,UPI,Corporate
ORD102740,2025-01-08,CUST1740,Laptop,Electronics,4,1092.64,0.0,4370.56,Bengaluru,Debit Card,Consumer
ORD102741,2025-03-28,CUST1741,Watch,Fashion,5,264.49,0.0,1322.45,Madurai,UPI,Consumer
ORD102742,2025-10-13,CUST1742,Shoes,Fashion,1,50.92,0.0,50.92,Hyderabad,Debit Card,Consumer
ORD102743,2025-03-15,CUST1743,Notebook,Stationery,1,9.4,0.05,8.93,Hyderabad,Cash,Corporate
ORD102744,2025-05-03,CUST1744,Shoes,Fashion,3,160.2,0.0,480.6,Salem,Debit Card,Consumer
ORD102745,2025-10-21,CUST1745,Laptop,Electronics,2,1103.95,0.05,2097.5,Delhi,UPI,Consumer
ORD102746,2025-05-23,CUST1746,Blender,Home Appliances,4,137.7,0.0,550.8,Bengaluru,UPI,Corporate
ORD102747,2025-06-07,CUST1747,Coffee Maker,Home Appliances,2,118.13,0.05,224.45,Bengaluru,Debit Card,Consumer
ORD102748,2025-04-19,CUST1748,Shoes,Fashion,5,43.87,0.0,219.35,Madurai,UPI,Corporate
ORD102749,2025-11-30,CUST1749,T-Shirt,Fashion,4,32.9,0.1,118.44,Mumbai,Debit Card,Consumer
ORD102750,2025-07-14,CUST1750,Book,Books,4,18.81,0.0,75.24,Pune,Credit Card,Corporate
ORD102751,2025-02-05,CUST1751,Keyboard,Electronics,1,132.72,0.0,132.72,Mumbai,Net Banking,Consumer
ORD102752,2025-03-31,CUST1752,Laptop,Electronics,5,781.8,0.05,3713.55,Delhi,Debit Card,Corporate
ORD102753,2025-10-23,CUST1753,Laptop,Electronics,1,1468.4,0.05,1394.98,Kochi,Credit Card,Consumer
ORD102754,2025-11-26,CUST1754,Headphones,Electronics,1,240.58,0.05,228.55,Kochi,Credit Card,Consumer
ORD102755,2025-07-20,CUST1755,Notebook,Stationery,3,5.22,0.15,13.31,Chennai,Credit Card,Consumer
ORD102756,2025-02-15,CUST1756,Book,Books,1,17.18,0.15,14.6,Madurai,Credit Card,Corporate
ORD102757,2025-04-17,CUST1757,Office Chair,Furniture,2,366.58,0.0,733.16,Salem,Debit Card,Consumer
ORD102758,2025-06-19,CUST1758,Office Chair,Furniture,4,389.32,0.15,1323.69,Delhi,UPI,Home Office
ORD102759,2025-05-26,CUST1759,T-Shirt,Fashion,1,32.17,0.05,30.56,Pune,Credit Card,Consumer
ORD102760,2025-12-22,CUST1760,Watch,Fashion,2,123.46,0.0,246.92,Bengaluru,Cash,Corporate
ORD102761,2025-06-27,CUST1761,Book,Books,5,23.41,0.2,93.64,Hyderabad,Credit Card,Consumer
ORD102762,2025-03-02,CUST1762,Blender,Home Appliances,4,133.17,0.15,452.78,Delhi,UPI,Consumer
ORD102763,2025-01-03,CUST1763,Smartphone,Electronics,5,509.8,0.2,2039.2,Pune,UPI,Corporate
ORD102764,2025-03-23,CUST1764,Smartphone,Electronics,2,949.65,0.0,1899.3,Delhi,Net Banking,Consumer
ORD102765,2025-09-20,CUST1765,Desk,Furniture,5,125.83,0.0,629.15,Mumbai,Net Banking,Consumer
ORD102766,2025-10-14,CUST1766,Notebook,Stationery,5,2.64,0.05,12.54,Chennai,Credit Card,Consumer
ORD102767,2025-11-17,CUST1767,T-Shirt,Fashion,5,29.31,0.1,131.89,Pune,Credit Card,Consumer
ORD102768,2025-04-05,CUST1768,Laptop,Electronics,1,885.8,0.0,885.8,Mumbai,Net Banking,Consumer
ORD102769,2025-03-05,CUST1769,T-Shirt,Fashion,1,25.78,0.15,21.91,Madurai,Credit Card,Consumer
ORD102770,2025-09-03,CUST1770,T-Shirt,Fashion,1,34.55,0.05,32.82,Hyderabad,Cash,Consumer
ORD102771,2025-03-18,CUST1771,Air Fryer,Home Appliances,4,120.94,0.05,459.57,Salem,Debit Card,Consumer
ORD102772,2025-09-16,CUST1772,T-Shirt,Fashion,2,19.61,0.1,35.3,Chennai,Net Banking,Corporate
ORD102773,2025-04-03,CUST1773,Office Chair,Furniture,1,179.03,0.1,161.13,Pune,Net Banking,Consumer
ORD102774,2025-10-18,CUST1774,Air Fryer,Home Appliances,5,245.23,0.0,1226.15,Pune,UPI,Consumer
ORD102775,2025-09-28,CUST1775,Notebook,Stationery,5,7.34,0.2,29.36,Coimbatore,Credit Card,Corporate
ORD102776,2025-01-21,CUST1776,T-Shirt,Fashion,5,32.24,0.05,153.14,Mumbai,Net Banking,Consumer
ORD102777,2025-03-03,CUST1777,Coffee Maker,Home Appliances,5,161.07,0.0,805.35,Bengaluru,Net Banking,Consumer
ORD102778,2025-12-05,CUST1778,Keyboard,Electronics,3,147.83,0.15,376.97,Madurai,Cash,Consumer
ORD102779,2025-09-17,CUST1779,Smartphone,Electronics,4,479.52,0.2,1534.46,Madurai,Credit Card,Corporate
ORD102780,2025-08-25,CUST1780,Air Fryer,Home Appliances,2,189.44,0.15,322.05,Pune,Debit Card,Consumer
ORD102781,2025-05-21,CUST1781,Desk,Furniture,2,457.99,0.15,778.58,Madurai,Cash,Consumer
ORD102782,2025-06-16,CUST1782,Book,Books,1,26.26,0.1,23.63,Chennai,Debit Card,Consumer
ORD102783,2025-03-08,CUST1783,Keyboard,Electronics,3,31.52,0.15,80.38,Salem,UPI,Consumer
ORD102784,2025-12-16,CUST1784,Desk,Furniture,2,438.44,0.0,876.88,Kochi,Net Banking,Corporate
ORD102785,2025-02-27,CUST1785,Headphones,Electronics,4,39.42,0.1,141.91,Salem,Cash,Corporate
ORD102786,2025-07-31,CUST1786,Desk,Furniture,5,398.07,0.1,1791.32,Salem,Debit Card,Corporate
ORD102787,2025-05-10,CUST1787,Smartphone,Electronics,1,952.6,0.0,952.6,Salem,Credit Card,Consumer
ORD102788,2025-01-25,CUST1788,Smartphone,Electronics,4,450.42,0.05,1711.6,Coimbatore,UPI,Corporate
ORD102789,2025-01-11,CUST1789,Air Fryer,Home Appliances,2,219.91,0.05,417.83,Bengaluru,UPI,Consumer
ORD102790,2025-09-14,CUST1790,T-Shirt,Fashion,3,11.52,0.1,31.1,Kochi,Net Banking,Consumer
ORD102791,2025-10-31,CUST1791,Backpack,Accessories,1,104.38,0.0,104.38,Kochi,Net Banking,Consumer
ORD102792,2025-03-22,CUST1792,Headphones,Electronics,2,128.57,0.15,218.57,Salem,Debit Card,Corporate
ORD102793,2025-10-13,CUST1793,Air Fryer,Home Appliances,1,101.34,0.0,101.34,Kochi,Debit Card,Home Office
ORD102794,2025-01-19,CUST1794,Coffee Maker,Home Appliances,2,68.09,0.05,129.37,Pune,UPI,Consumer
ORD102795,2025-04-20,CUST1795,Laptop,Electronics,5,1455.64,0.15,6186.47,Chennai,Debit Card,Home Office
ORD102796,2025-02-03,CUST1796,Shoes,Fashion,3,40.9,0.05,116.56,Bengaluru,Net Banking,Corporate
ORD102797,2025-10-15,CUST1797,Book,Books,5,11.97,0.05,56.86,Madurai,UPI,Consumer
ORD102798,2025-11-28,CUST1798,Desk,Furniture,2,273.91,0.0,547.82,Chennai,UPI,Corporate
ORD102799,2025-09-12,CUST1799,Backpack,Accessories,4,82.02,0.1,295.27,Pune,Credit Card,Consumer
ORD102800,2025-05-06,CUST1800,T-Shirt,Fashion,5,37.24,0.2,148.96,Coimbatore,Credit Card,Corporate
ORD102801,2025-07-28,CUST1801,Office Chair,Furniture,4,120.21,0.15,408.71,Bengaluru,Debit Card,Corporate
ORD102802,2025-05-14,CUST1802,Notebook,Stationery,2,5.77,0.1,10.39,Coimbatore,Debit Card,Consumer
ORD102803,2025-03-27,CUST1803,Laptop,Electronics,3,776.81,0.0,2330.43,Delhi,Net Banking,Home Office
ORD102804,2025-03-16,CUST1804,Blender,Home Appliances,4,62.03,0.0,248.12,Hyderabad,Net Banking,Consumer
ORD102805,2025-05-15,CUST1805,Watch,Fashion,2,146.9,0.0,293.8,Coimbatore,Credit Card,Corporate
ORD102806,2025-10-28,CUST1806,Backpack,Accessories,4,90.4,0.05,343.52,Mumbai,UPI,Consumer
ORD102807,2025-06-22,CUST1807,Notebook,Stationery,5,4.83,0.0,24.15,Hyderabad,Cash,Corporate
ORD102808,2025-08-01,CUST1808,Office Chair,Furniture,2,197.34,0.0,394.68,Salem,Cash,Consumer
ORD102809,2025-11-17,CUST1809,Headphones,Electronics,5,112.96,0.1,508.32,Salem,Debit Card,Corporate
ORD102810,2025-12-16,CUST1810,Blender,Home Appliances,1,176.47,0.0,176.47,Chennai,Cash,Consumer
ORD102811,2025-01-19,CUST1811,Air Fryer,Home Appliances,2,241.39,0.1,434.5,Pune,Cash,Home Office
ORD102812,2025-04-29,CUST1812,T-Shirt,Fashion,4,50.01,0.15,170.03,Kochi,Credit Card,Consumer
ORD102813,2025-10-30,CUST1813,Laptop,Electronics,1,779.58,0.1,701.62,Hyderabad,UPI,Consumer
ORD102814,2025-10-29,CUST1814,Laptop,Electronics,5,614.64,0.1,2765.88,Madurai,Net Banking,Consumer
ORD102815,2025-10-12,CUST1815,Laptop,Electronics,5,851.06,0.1,3829.77,Bengaluru,Credit Card,Corporate
ORD102816,2025-08-15,CUST1816,Headphones,Electronics,4,85.03,0.0,340.12,Delhi,Net Banking,Consumer
ORD102817,2025-07-31,CUST1817,Blender,Home Appliances,1,105.89,0.0,105.89,Pune,Credit Card,Consumer
ORD102818,2025-12-22,CUST1818,Desk,Furniture,3,488.86,0.0,1466.58,Pune,Credit Card,Corporate
ORD102819,2025-07-08,CUST1819,Watch,Fashion,4,263.16,0.0,1052.64,Delhi,Cash,Corporate
ORD102820,2025-11-17,CUST1820,Coffee Maker,Home Appliances,5,217.42,0.1,978.39,Madurai,Net Banking,Consumer
ORD102821,2025-05-31,CUST1821,Headphones,Electronics,2,105.93,0.15,180.08,Coimbatore,Credit Card,Consumer
ORD102822,2025-08-11,CUST1822,Shoes,Fashion,1,133.09,0.2,106.47,Madurai,Cash,Consumer
ORD102823,2025-05-08,CUST1823,Book,Books,3,15.95,0.0,47.85,Madurai,Debit Card,Home Office
ORD102824,2025-09-05,CUST1824,Book,Books,2,7.13,0.2,11.41,Hyderabad,Net Banking,Corporate
ORD102825,2025-02-20,CUST1825,Watch,Fashion,1,222.41,0.0,222.41,Mumbai,Credit Card,Corporate
ORD102826,2025-07-10,CUST1826,Smartphone,Electronics,4,259.34,0.15,881.76,Bengaluru,Debit Card,Corporate
ORD102827,2025-08-25,CUST1827,Book,Books,4,19.32,0.0,77.28,Pune,Cash,Consumer
ORD102828,2025-01-22,CUST1828,T-Shirt,Fashion,1,26.47,0.0,26.47,Chennai,Credit Card,Consumer
ORD102829,2025-04-20,CUST1829,Headphones,Electronics,3,181.01,0.05,515.88,Kochi,Cash,Consumer
ORD102830,2025-11-23,CUST1830,Office Chair,Furniture,1,325.2,0.15,276.42,Madurai,Cash,Consumer
ORD102831,2025-02-02,CUST1831,Watch,Fashion,2,119.06,0.0,238.12,Delhi,Cash,Home Office
ORD102832,2025-05-07,CUST1832,Shoes,Fashion,2,151.74,0.0,303.48,Madurai,Net Banking,Consumer
ORD102833,2025-12-31,CUST1833,Smartphone,Electronics,4,529.22,0.15,1799.35,Delhi,Debit Card,Home Office
ORD102834,2025-12-22,CUST1834,Desk,Furniture,1,323.16,0.15,274.69,Bengaluru,Debit Card,Home Office
ORD102835,2025-02-13,CUST1835,Blender,Home Appliances,4,139.05,0.0,556.2,Salem,UPI,Corporate
ORD102836,2025-01-07,CUST1836,Office Chair,Furniture,3,301.73,0.1,814.67,Bengaluru,Credit Card,Consumer
ORD102837,2025-05-08,CUST1837,Air Fryer,Home Appliances,2,247.6,0.0,495.2,Chennai,Cash,Consumer
ORD102838,2025-04-01,CUST1838,Watch,Fashion,5,98.54,0.05,468.06,Mumbai,Credit Card,Consumer
ORD102839,2025-05-10,CUST1839,T-Shirt,Fashion,5,43.12,0.05,204.82,Hyderabad,Debit Card,Consumer
ORD102840,2025-01-17,CUST1840,Blender,Home Appliances,1,121.45,0.05,115.38,Delhi,Debit Card,Consumer
ORD102841,2025-11-17,CUST1841,Office Chair,Furniture,1,372.83,0.05,354.19,Mumbai,Cash,Consumer
ORD102842,2025-07-05,CUST1842,Smartphone,Electronics,5,398.54,0.05,1893.06,Delhi,Net Banking,Corporate
ORD102843,2025-04-20,CUST1843,Office Chair,Furniture,1,320.58,0.05,304.55,Hyderabad,Cash,Home Office
ORD102844,2025-10-13,CUST1844,Notebook,Stationery,2,9.39,0.1,16.9,Bengaluru,Cash,Home Office
ORD102845,2025-12-14,CUST1845,Blender,Home Appliances,3,71.2,0.1,192.24,Coimbatore,UPI,Consumer
ORD102846,2025-06-12,CUST1846,Keyboard,Electronics,3,81.68,0.05,232.79,Mumbai,Net Banking,Home Office
ORD102847,2025-03-16,CUST1847,Notebook,Stationery,4,6.34,0.0,25.36,Delhi,Credit Card,Corporate
ORD102848,2025-07-18,CUST1848,Coffee Maker,Home Appliances,2,161.66,0.1,290.99,Mumbai,Net Banking,Corporate
ORD102849,2025-12-27,CUST1849,Backpack,Accessories,1,108.9,0.1,98.01,Mumbai,Cash,Consumer
ORD102850,2025-10-14,CUST1850,Desk,Furniture,1,384.65,0.1,346.18,Delhi,Cash,Corporate
ORD102851,2025-07-01,CUST1851,Book,Books,4,27.11,0.05,103.02,Hyderabad,Cash,Corporate
ORD102852,2025-04-07,CUST1852,Smartphone,Electronics,4,742.81,0.0,2971.24,Hyderabad,Cash,Consumer
ORD102853,2025-02-20,CUST1853,Blender,Home Appliances,1,37.67,0.1,33.9,Kochi,Cash,Consumer
ORD102854,2025-11-10,CUST1854,Coffee Maker,Home Appliances,1,88.9,0.0,88.9,Kochi,Net Banking,Corporate
ORD102855,2025-02-03,CUST1855,Coffee Maker,Home Appliances,2,143.32,0.15,243.64,Bengaluru,Cash,Home Office
ORD102856,2025-01-21,CUST1856,Air Fryer,Home Appliances,4,118.94,0.1,428.18,Pune,Debit Card,Home Office
ORD102857,2025-07-03,CUST1857,Office Chair,Furniture,2,138.16,0.0,276.32,Mumbai,Debit Card,Consumer
ORD102858,2025-10-20,CUST1858,Backpack,Accessories,1,70.41,0.05,66.89,Mumbai,UPI,Consumer
ORD102859,2025-03-05,CUST1859,Coffee Maker,Home Appliances,5,107.79,0.15,458.11,Bengaluru,Credit Card,Consumer
ORD102860,2025-05-04,CUST1860,Backpack,Accessories,5,45.81,0.0,229.05,Chennai,Debit Card,Corporate
ORD102861,2025-04-11,CUST1861,Notebook,Stationery,1,8.03,0.05,7.63,Bengaluru,UPI,Corporate
ORD102862,2025-04-29,CUST1862,Office Chair,Furniture,4,122.65,0.1,441.54,Pune,Net Banking,Consumer
ORD102863,2025-12-07,CUST1863,Blender,Home Appliances,5,169.16,0.1,761.22,Bengaluru,Credit Card,Home Office
ORD102864,2025-03-19,CUST1864,Notebook,Stationery,4,13.28,0.0,53.12,Chennai,Cash,Corporate
ORD102865,2025-06-30,CUST1865,T-Shirt,Fashion,5,45.38,0.05,215.56,Hyderabad,Cash,Consumer
ORD102866,2025-07-18,CUST1866,Keyboard,Electronics,4,33.81,0.15,114.95,Mumbai,Net Banking,Consumer
ORD102867,2025-12-26,CUST1867,Coffee Maker,Home Appliances,5,202.93,0.2,811.72,Pune,Credit Card,Consumer
ORD102868,2025-07-09,CUST1868,Headphones,Electronics,4,206.79,0.1,744.44,Coimbatore,Debit Card,Consumer
ORD102869,2025-11-24,CUST1869,Notebook,Stationery,2,11.98,0.2,19.17,Kochi,Credit Card,Consumer
ORD102870,2025-04-13,CUST1870,Keyboard,Electronics,4,34.82,0.05,132.32,Salem,UPI,Corporate
ORD102871,2025-11-29,CUST1871,Office Chair,Furniture,2,286.05,0.05,543.5,Bengaluru,Net Banking,Corporate
ORD102872,2025-10-02,CUST1872,Air Fryer,Home Appliances,2,218.52,0.05,415.19,Delhi,Debit Card,Consumer
ORD102873,2025-05-10,CUST1873,Desk,Furniture,1,388.68,0.0,388.68,Hyderabad,Credit Card,Consumer
ORD102874,2025-08-29,CUST1874,Headphones,Electronics,2,170.44,0.05,323.84,Mumbai,Credit Card,Consumer
ORD102875,2025-05-14,CUST1875,Smartphone,Electronics,3,685.45,0.05,1953.53,Salem,Debit Card,Consumer
ORD102876,2025-06-06,CUST1876,Book,Books,2,23.5,0.15,39.95,Delhi,UPI,Home Office
ORD102877,2025-11-14,CUST1877,Air Fryer,Home Appliances,4,66.53,0.1,239.51,Chennai,UPI,Consumer
ORD102878,2025-06-07,CUST1878,Keyboard,Electronics,2,103.07,0.1,185.53,Bengaluru,Credit Card,Consumer
ORD102879,2025-12-25,CUST1879,Office Chair,Furniture,4,106.06,0.0,424.24,Kochi,Cash,Consumer
ORD102880,2025-07-09,CUST1880,Keyboard,Electronics,4,76.55,0.0,306.2,Kochi,Debit Card,Corporate
ORD102881,2025-04-10,CUST1881,Book,Books,3,15.24,0.0,45.72,Coimbatore,UPI,Consumer
ORD102882,2025-02-21,CUST1882,Coffee Maker,Home Appliances,2,154.54,0.1,278.17,Salem,UPI,Consumer
ORD102883,2025-02-18,CUST1883,Air Fryer,Home Appliances,2,85.35,0.0,170.7,Kochi,UPI,Corporate
ORD102884,2025-04-10,CUST1884,Notebook,Stationery,5,10.99,0.05,52.2,Chennai,Net Banking,Consumer
ORD102885,2025-09-08,CUST1885,Blender,Home Appliances,5,149.25,0.05,708.94,Salem,Cash,Consumer
ORD102886,2025-02-23,CUST1886,Headphones,Electronics,1,61.75,0.1,55.58,Salem,UPI,Corporate
ORD102887,2025-05-17,CUST1887,Shoes,Fashion,4,45.65,0.15,155.21,Kochi,Cash,Corporate
ORD102888,2025-06-11,CUST1888,Watch,Fashion,3,77.83,0.1,210.14,Salem,Credit Card,Corporate
ORD102889,2025-12-20,CUST1889,Keyboard,Electronics,5,134.03,0.0,670.15,Mumbai,Credit Card,Consumer
ORD102890,2025-10-19,CUST1890,Book,Books,2,23.49,0.05,44.63,Coimbatore,Net Banking,Consumer
ORD102891,2025-03-22,CUST1891,Smartphone,Electronics,1,693.9,0.0,693.9,Kochi,Cash,Consumer
ORD102892,2025-08-08,CUST1892,Smartphone,Electronics,3,351.38,0.0,1054.14,Mumbai,Debit Card,Corporate
ORD102893,2025-03-26,CUST1893,Laptop,Electronics,2,1167.08,0.0,2334.16,Coimbatore,Net Banking,Consumer
ORD102894,2025-03-24,CUST1894,Air Fryer,Home Appliances,2,224.92,0.0,449.84,Hyderabad,UPI,Consumer
ORD102895,2025-11-15,CUST1895,Keyboard,Electronics,4,127.66,0.0,510.64,Coimbatore,Credit Card,Consumer
ORD102896,2025-03-08,CUST1896,Watch,Fashion,4,202.77,0.0,811.08,Madurai,Credit Card,Corporate
ORD102897,2025-08-22,CUST1897,T-Shirt,Fashion,5,13.76,0.0,68.8,Salem,Debit Card,Consumer
ORD102898,2025-07-17,CUST1898,Book,Books,5,8.93,0.1,40.18,Chennai,Net Banking,Consumer
ORD102899,2025-09-16,CUST1899,Coffee Maker,Home Appliances,2,50.35,0.2,80.56,Kochi,Cash,Consumer
ORD102900,2025-06-26,CUST1900,Backpack,Accessories,2,45.75,0.15,77.77,Hyderabad,Credit Card,Home Office
ORD102901,2025-10-25,CUST1901,Notebook,Stationery,5,3.76,0.0,18.8,Madurai,UPI,Home Office
ORD102902,2025-10-07,CUST1902,Blender,Home Appliances,5,69.01,0.05,327.8,Chennai,Debit Card,Consumer
ORD102903,2025-10-27,CUST1903,Watch,Fashion,2,140.12,0.15,238.2,Bengaluru,Debit Card,Consumer
ORD102904,2025-05-09,CUST1904,Backpack,Accessories,3,114.3,0.0,342.9,Chennai,Debit Card,Consumer
ORD102905,2025-06-29,CUST1905,Air Fryer,Home Appliances,2,175.97,0.15,299.15,Salem,UPI,Consumer
ORD102906,2025-10-19,CUST1906,Notebook,Stationery,3,12.85,0.05,36.62,Mumbai,Debit Card,Consumer
ORD102907,2025-07-26,CUST1907,Backpack,Accessories,3,91.04,0.15,232.15,Coimbatore,Cash,Consumer
ORD102908,2025-10-21,CUST1908,Notebook,Stationery,2,3.46,0.15,5.88,Bengaluru,Cash,Corporate
ORD102909,2025-12-04,CUST1909,Shoes,Fashion,1,140.39,0.1,126.35,Coimbatore,Net Banking,Consumer
ORD102910,2025-06-24,CUST1910,Laptop,Electronics,5,811.34,0.1,3651.03,Salem,Net Banking,Corporate
ORD102911,2025-01-29,CUST1911,Watch,Fashion,4,206.17,0.0,824.68,Kochi,Cash,Corporate
ORD102912,2025-06-28,CUST1912,Air Fryer,Home Appliances,2,124.78,0.0,249.56,Hyderabad,UPI,Consumer
ORD102913,2025-02-10,CUST1913,Watch,Fashion,3,299.39,0.05,853.26,Bengaluru,Net Banking,Consumer
ORD102914,2025-07-11,CUST1914,Shoes,Fashion,2,69.53,0.0,139.06,Kochi,Debit Card,Home Office
ORD102915,2025-12-10,CUST1915,Keyboard,Electronics,5,56.29,0.0,281.45,Madurai,Cash,Corporate
ORD102916,2025-08-25,CUST1916,Keyboard,Electronics,3,140.99,0.0,422.97,Kochi,Credit Card,Consumer
ORD102917,2025-10-31,CUST1917,Keyboard,Electronics,4,23.2,0.15,78.88,Delhi,UPI,Consumer
ORD102918,2025-08-13,CUST1918,Desk,Furniture,4,448.34,0.0,1793.36,Bengaluru,UPI,Home Office
ORD102919,2025-04-24,CUST1919,Backpack,Accessories,4,92.53,0.0,370.12,Kochi,Cash,Consumer
ORD102920,2025-10-05,CUST1920,Desk,Furniture,1,518.19,0.05,492.28,Mumbai,Credit Card,Consumer
ORD102921,2025-12-21,CUST1921,Laptop,Electronics,3,1475.72,0.05,4205.8,Mumbai,UPI,Home Office
ORD102922,2025-01-17,CUST1922,Blender,Home Appliances,3,176.34,0.0,529.02,Madurai,Net Banking,Corporate
ORD102923,2025-03-27,CUST1923,Shoes,Fashion,1,39.79,0.2,31.83,Coimbatore,Credit Card,Corporate
ORD102924,2025-11-13,CUST1924,Air Fryer,Home Appliances,3,216.15,0.05,616.03,Pune,Debit Card,Consumer
ORD102925,2025-12-11,CUST1925,Watch,Fashion,1,208.04,0.05,197.64,Kochi,Net Banking,Consumer
ORD102926,2025-06-30,CUST1926,Notebook,Stationery,2,10.42,0.0,20.84,Salem,Credit Card,Corporate
ORD102927,2025-12-03,CUST1927,Coffee Maker,Home Appliances,5,66.95,0.05,318.01,Bengaluru,Cash,Corporate
ORD102928,2025-12-17,CUST1928,Air Fryer,Home Appliances,4,183.54,0.15,624.04,Kochi,UPI,Consumer
ORD102929,2025-05-25,CUST1929,Backpack,Accessories,1,118.25,0.0,118.25,Coimbatore,Net Banking,Home Office
ORD102930,2025-11-11,CUST1930,Desk,Furniture,1,555.91,0.05,528.11,Kochi,Cash,Consumer
ORD102931,2025-08-13,CUST1931,Desk,Furniture,1,319.57,0.0,319.57,Pune,Credit Card,Consumer
ORD102932,2025-02-23,CUST1932,Office Chair,Furniture,2,92.78,0.2,148.45,Hyderabad,Debit Card,Consumer
ORD102933,2025-10-31,CUST1933,Desk,Furniture,1,281.15,0.0,281.15,Pune,UPI,Corporate
ORD102934,2025-03-09,CUST1934,Blender,Home Appliances,5,153.96,0.15,654.33,Salem,UPI,Corporate
ORD102935,2025-04-17,CUST1935,T-Shirt,Fashion,5,45.07,0.0,225.35,Pune,Net Banking,Corporate
ORD102936,2025-11-30,CUST1936,Watch,Fashion,4,159.43,0.05,605.83,Salem,Cash,Consumer
ORD102937,2025-03-18,CUST1937,T-Shirt,Fashion,2,12.76,0.1,22.97,Coimbatore,Credit Card,Home Office
ORD102938,2025-01-27,CUST1938,Notebook,Stationery,5,7.55,0.0,37.75,Bengaluru,Credit Card,Consumer
ORD102939,2025-12-10,CUST1939,Watch,Fashion,3,161.95,0.05,461.56,Pune,Cash,Consumer
ORD102940,2025-06-04,CUST1940,Shoes,Fashion,3,169.28,0.0,507.84,Mumbai,UPI,Consumer
ORD102941,2025-03-13,CUST1941,Watch,Fashion,3,206.68,0.0,620.04,Madurai,Cash,Consumer
ORD102942,2025-06-29,CUST1942,T-Shirt,Fashion,1,25.58,0.15,21.74,Pune,Credit Card,Consumer
ORD102943,2025-02-16,CUST1943,Air Fryer,Home Appliances,1,159.81,0.0,159.81,Bengaluru,Cash,Consumer
ORD102944,2025-08-30,CUST1944,Watch,Fashion,3,57.17,0.1,154.36,Coimbatore,UPI,Consumer
ORD102945,2025-12-25,CUST1945,Shoes,Fashion,4,175.89,0.0,703.56,Mumbai,Net Banking,Consumer
ORD102946,2025-10-04,CUST1946,Shoes,Fashion,4,84.01,0.0,336.04,Salem,UPI,Consumer
ORD102947,2025-11-09,CUST1947,Laptop,Electronics,1,1003.97,0.1,903.57,Mumbai,Debit Card,Consumer
ORD102948,2025-04-15,CUST1948,Watch,Fashion,3,132.37,0.05,377.25,Pune,Debit Card,Consumer
ORD102949,2025-04-05,CUST1949,Coffee Maker,Home Appliances,4,183.33,0.0,733.32,Coimbatore,Cash,Corporate
ORD102950,2025-08-07,CUST1950,Office Chair,Furniture,1,291.91,0.05,277.31,Salem,UPI,Consumer
ORD102951,2025-06-19,CUST1951,Keyboard,Electronics,3,112.99,0.0,338.97,Chennai,UPI,Consumer
ORD102952,2025-10-10,CUST1952,Smartphone,Electronics,2,504.74,0.15,858.06,Delhi,Credit Card,Corporate
ORD102953,2025-05-08,CUST1953,Shoes,Fashion,3,77.35,0.0,232.05,Kochi,Net Banking,Corporate
ORD102954,2025-07-19,CUST1954,Headphones,Electronics,3,53.18,0.0,159.54,Hyderabad,UPI,Corporate
ORD102955,2025-11-28,CUST1955,Keyboard,Electronics,5,105.22,0.1,473.49,Bengaluru,Cash,Consumer
ORD102956,2025-02-04,CUST1956,Blender,Home Appliances,5,35.97,0.0,179.85,Bengaluru,Credit Card,Consumer
ORD102957,2025-12-20,CUST1957,Backpack,Accessories,2,79.77,0.0,159.54,Bengaluru,Credit Card,Consumer
ORD102958,2025-05-24,CUST1958,Watch,Fashion,2,266.12,0.05,505.63,Chennai,Cash,Corporate
ORD102959,2025-10-19,CUST1959,T-Shirt,Fashion,3,54.54,0.15,139.08,Coimbatore,Cash,Consumer
ORD102960,2025-03-07,CUST1960,Smartphone,Electronics,4,676.59,0.2,2165.09,Mumbai,UPI,Consumer
ORD102961,2025-08-07,CUST1961,Headphones,Electronics,2,128.34,0.1,231.01,Salem,UPI,Corporate
ORD102962,2025-02-25,CUST1962,Keyboard,Electronics,3,30.01,0.05,85.53,Mumbai,Credit Card,Corporate
ORD102963,2025-05-25,CUST1963,Watch,Fashion,1,214.4,0.1,192.96,Mumbai,Credit Card,Corporate
ORD102964,2025-08-01,CUST1964,Laptop,Electronics,5,1330.2,0.05,6318.45,Hyderabad,Net Banking,Consumer
ORD102965,2025-04-04,CUST1965,Backpack,Accessories,4,44.47,0.0,177.88,Bengaluru,Credit Card,Consumer
ORD102966,2025-04-16,CUST1966,Smartphone,Electronics,3,650.24,0.2,1560.58,Bengaluru,Cash,Consumer
ORD102967,2025-03-25,CUST1967,Office Chair,Furniture,1,348.43,0.0,348.43,Chennai,Cash,Consumer
ORD102968,2025-05-16,CUST1968,Notebook,Stationery,5,13.4,0.0,67.0,Mumbai,Net Banking,Home Office
ORD102969,2025-05-26,CUST1969,Laptop,Electronics,1,781.02,0.15,663.87,Hyderabad,Debit Card,Consumer
ORD102970,2025-09-06,CUST1970,Headphones,Electronics,3,148.88,0.1,401.98,Delhi,Debit Card,Consumer
ORD102971,2025-01-18,CUST1971,Blender,Home Appliances,2,58.87,0.0,117.74,Chennai,Cash,Consumer
ORD102972,2025-05-05,CUST1972,Smartphone,Electronics,5,346.78,0.0,1733.9,Chennai,Debit Card,Consumer
ORD102973,2025-01-02,CUST1973,Laptop,Electronics,1,1415.56,0.05,1344.78,Kochi,Debit Card,Consumer
ORD102974,2025-11-28,CUST1974,Backpack,Accessories,2,102.05,0.05,193.9,Delhi,Net Banking,Corporate
ORD102975,2025-07-19,CUST1975,Office Chair,Furniture,4,323.21,0.05,1228.2,Bengaluru,Credit Card,Home Office
ORD102976,2025-05-18,CUST1976,Laptop,Electronics,3,596.33,0.0,1788.99,Mumbai,Credit Card,Consumer
ORD102977,2025-07-22,CUST1977,Desk,Furniture,3,521.86,0.2,1252.46,Bengaluru,Debit Card,Consumer
ORD102978,2025-10-09,CUST1978,Office Chair,Furniture,5,220.17,0.0,1100.85,Chennai,UPI,Corporate
ORD102979,2025-10-30,CUST1979,Notebook,Stationery,1,6.45,0.05,6.13,Bengaluru,Net Banking,Corporate
ORD102980,2025-01-30,CUST1980,Headphones,Electronics,4,147.96,0.05,562.25,Coimbatore,Debit Card,Consumer
ORD102981,2025-02-25,CUST1981,Blender,Home Appliances,5,43.7,0.0,218.5,Pune,UPI,Consumer
ORD102982,2025-04-29,CUST1982,Backpack,Accessories,5,95.66,0.0,478.3,Delhi,UPI,Corporate
ORD102983,2025-05-12,CUST1983,Coffee Maker,Home Appliances,1,162.31,0.15,137.96,Mumbai,Net Banking,Consumer
ORD102984,2025-08-19,CUST1984,Watch,Fashion,4,88.51,0.15,300.93,Delhi,Credit Card,Consumer
ORD102985,2025-06-01,CUST1985,T-Shirt,Fashion,1,19.41,0.0,19.41,Kochi,Cash,Corporate
ORD102986,2025-01-21,CUST1986,Book,Books,3,11.45,0.15,29.2,Bengaluru,UPI,Consumer
ORD102987,2025-03-09,CUST1987,Air Fryer,Home Appliances,2,70.83,0.0,141.66,Bengaluru,Cash,Corporate
ORD102988,2025-05-06,CUST1988,Air Fryer,Home Appliances,3,171.68,0.1,463.54,Mumbai,Cash,Consumer
ORD102989,2025-02-12,CUST1989,T-Shirt,Fashion,3,52.02,0.0,156.06,Mumbai,Net Banking,Consumer
ORD102990,2025-07-01,CUST1990,Book,Books,5,5.61,0.15,23.84,Coimbatore,Credit Card,Corporate
ORD102991,2025-04-10,CUST1991,T-Shirt,Fashion,3,12.45,0.0,37.35,Hyderabad,Net Banking,Consumer
ORD102992,2025-12-15,CUST1992,Smartphone,Electronics,4,794.13,0.05,3017.69,Madurai,UPI,Corporate
ORD102993,2025-08-28,CUST1993,Headphones,Electronics,3,209.39,0.1,565.35,Kochi,Credit Card,Consumer
ORD102994,2025-07-19,CUST1994,Backpack,Accessories,4,52.67,0.0,210.68,Bengaluru,Debit Card,Consumer
ORD102995,2025-04-26,CUST1995,Office Chair,Furniture,1,191.88,0.05,182.29,Mumbai,Credit Card,Consumer
ORD102996,2025-04-25,CUST1996,Smartphone,Electronics,5,816.53,0.0,4082.65,Mumbai,Net Banking,Corporate
ORD102997,2025-05-22,CUST1997,Headphones,Electronics,4,86.7,0.1,312.12,Pune,Net Banking,Consumer
ORD102998,2025-04-29,CUST1998,Watch,Fashion,3,46.92,0.0,140.76,Kochi,Cash,Consumer
ORD102999,2025-04-03,CUST1999,Desk,Furniture,5,467.61,0.05,2221.15,Madurai,Debit Card,Consumer
ORD103000,2025-01-09,CUST2000,Air Fryer,Home Appliances,5,178.87,0.15,760.2,Pune,Credit Card,Consumer
ORD103001,2025-03-14,CUST1001,Backpack,Accessories,4,78.08,0.0,312.32,Chennai,Debit Card,Consumer
ORD103002,2025-01-26,CUST1002,T-Shirt,Fashion,4,47.08,0.0,188.32,Kochi,Cash,Home Office
ORD103003,2025-08-27,CUST1003,Laptop,Electronics,2,1191.47,0.1,2144.65,Kochi,Debit Card,Home Office
ORD103004,2025-12-28,CUST1004,Coffee Maker,Home Appliances,2,83.24,0.1,149.83,Chennai,Debit Card,Consumer
ORD103005,2025-05-25,CUST1005,Backpack,Accessories,5,55.25,0.2,221.0,Delhi,Credit Card,Consumer
ORD103006,2025-03-09,CUST1006,Shoes,Fashion,2,48.92,0.0,97.84,Salem,Debit Card,Home Office
ORD103007,2025-07-07,CUST1007,Blender,Home Appliances,3,49.48,0.05,141.02,Coimbatore,Cash,Consumer
ORD103008,2025-05-11,CUST1008,Book,Books,1,28.67,0.15,24.37,Pune,UPI,Home Office
ORD103009,2025-08-09,CUST1009,Headphones,Electronics,5,218.19,0.15,927.31,Salem,UPI,Consumer
ORD103010,2025-10-08,CUST1010,Keyboard,Electronics,1,145.16,0.1,130.64,Chennai,Net Banking,Consumer
ORD103011,2025-10-04,CUST1011,Watch,Fashion,2,203.37,0.0,406.74,Mumbai,UPI,Home Office
ORD103012,2025-05-20,CUST1012,Desk,Furniture,4,192.05,0.0,768.2,Pune,Credit Card,Consumer
ORD103013,2025-02-23,CUST1013,Watch,Fashion,5,67.47,0.0,337.35,Salem,Net Banking,Consumer
ORD103014,2025-01-01,CUST1014,Backpack,Accessories,2,101.29,0.15,172.19,Madurai,UPI,Consumer
ORD103015,2025-05-08,CUST1015,Air Fryer,Home Appliances,3,169.96,0.0,509.88,Coimbatore,UPI,Home Office
ORD103016,2025-01-01,CUST1016,Book,Books,5,26.64,0.05,126.54,Madurai,Net Banking,Consumer
ORD103017,2025-06-22,CUST1017,Keyboard,Electronics,5,121.59,0.05,577.55,Mumbai,Credit Card,Home Office
ORD103018,2025-09-23,CUST1018,Shoes,Fashion,4,135.49,0.05,514.86,Delhi,Net Banking,Corporate
ORD103019,2025-10-23,CUST1019,Office Chair,Furniture,5,347.03,0.05,1648.39,Kochi,Credit Card,Home Office
ORD103020,2025-09-13,CUST1020,Laptop,Electronics,4,603.4,0.1,2172.24,Chennai,Credit Card,Corporate
ORD103021,2025-06-23,CUST1021,Keyboard,Electronics,2,117.18,0.05,222.64,Pune,Cash,Corporate
ORD103022,2025-02-14,CUST1022,Headphones,Electronics,3,216.44,0.0,649.32,Hyderabad,UPI,Corporate
ORD103023,2025-12-09,CUST1023,T-Shirt,Fashion,3,24.31,0.05,69.28,Madurai,UPI,Consumer
ORD103024,2025-05-21,CUST1024,Shoes,Fashion,5,126.07,0.15,535.8,Delhi,Debit Card,Home Office
ORD103025,2025-01-27,CUST1025,Laptop,Electronics,5,848.45,0.2,3393.8,Pune,Net Banking,Consumer
ORD103026,2025-08-21,CUST1026,Coffee Maker,Home Appliances,2,241.17,0.1,434.11,Delhi,Cash,Consumer
ORD103027,2025-07-28,CUST1027,Desk,Furniture,4,116.71,0.1,420.16,Kochi,UPI,Corporate
ORD103028,2025-02-19,CUST1028,T-Shirt,Fashion,3,38.99,0.05,111.12,Delhi,Debit Card,Consumer
ORD103029,2025-03-02,CUST1029,Backpack,Accessories,4,36.65,0.1,131.94,Pune,Cash,Corporate
ORD103030,2025-08-31,CUST1030,Keyboard,Electronics,2,112.59,0.2,180.14,Kochi,Credit Card,Corporate
ORD103031,2025-09-26,CUST1031,Air Fryer,Home Appliances,3,93.42,0.05,266.25,Coimbatore,UPI,Consumer
ORD103032,2025-05-20,CUST1032,Laptop,Electronics,3,773.61,0.0,2320.83,Salem,Net Banking,Consumer
ORD103033,2025-06-06,CUST1033,Blender,Home Appliances,1,104.16,0.2,83.33,Hyderabad,Cash,Consumer
ORD103034,2025-03-26,CUST1034,Smartphone,Electronics,2,1119.09,0.1,2014.36,Delhi,Debit Card,Home Office
ORD103035,2025-03-25,CUST1035,Blender,Home Appliances,2,61.76,0.05,117.34,Coimbatore,Net Banking,Corporate
ORD103036,2025-10-03,CUST1036,Office Chair,Furniture,1,126.16,0.2,100.93,Hyderabad,Credit Card,Consumer
ORD103037,2025-01-31,CUST1037,Blender,Home Appliances,4,143.85,0.0,575.4,Delhi,Net Banking,Home Office
ORD103038,2025-01-08,CUST1038,Coffee Maker,Home Appliances,1,145.13,0.05,137.87,Pune,Debit Card,Consumer
ORD103039,2025-10-07,CUST1039,Office Chair,Furniture,2,371.77,0.1,669.19,Delhi,Credit Card,Consumer
ORD103040,2025-07-22,CUST1040,Shoes,Fashion,4,51.99,0.0,207.96,Hyderabad,Debit Card,Consumer
ORD103041,2025-02-02,CUST1041,Desk,Furniture,3,422.96,0.1,1141.99,Pune,UPI,Consumer
ORD103042,2025-10-25,CUST1042,Shoes,Fashion,1,64.93,0.0,64.93,Salem,Debit Card,Consumer
ORD103043,2025-05-23,CUST1043,Smartphone,Electronics,4,398.92,0.0,1595.68,Chennai,Net Banking,Consumer
ORD103044,2025-12-16,CUST1044,Headphones,Electronics,4,178.77,0.05,679.33,Delhi,UPI,Corporate
ORD103045,2025-02-06,CUST1045,Desk,Furniture,4,396.84,0.05,1507.99,Mumbai,UPI,Consumer
ORD103046,2025-05-27,CUST1046,Blender,Home Appliances,1,143.22,0.0,143.22,Chennai,Cash,Consumer
ORD103047,2025-08-16,CUST1047,Air Fryer,Home Appliances,3,118.8,0.2,285.12,Madurai,Net Banking,Consumer
ORD103048,2025-02-03,CUST1048,Watch,Fashion,4,156.47,0.05,594.59,Pune,Net Banking,Consumer
ORD103049,2025-08-25,CUST1049,Headphones,Electronics,1,116.23,0.0,116.23,Bengaluru,Credit Card,Consumer
ORD103050,2025-07-31,CUST1050,Desk,Furniture,2,592.04,0.0,1184.08,Pune,Debit Card,Consumer
ORD103051,2025-11-05,CUST1051,Desk,Furniture,1,246.12,0.15,209.2,Delhi,Debit Card,Consumer
ORD103052,2025-05-20,CUST1052,Smartphone,Electronics,1,530.08,0.05,503.58,Pune,Net Banking,Consumer
ORD103053,2025-07-09,CUST1053,Backpack,Accessories,1,55.45,0.0,55.45,Hyderabad,Debit Card,Home Office
ORD103054,2025-04-06,CUST1054,Blender,Home Appliances,4,114.69,0.0,458.76,Salem,Net Banking,Consumer
ORD103055,2025-07-13,CUST1055,Smartphone,Electronics,1,489.71,0.05,465.22,Kochi,UPI,Home Office
ORD103056,2025-12-27,CUST1056,Desk,Furniture,2,557.64,0.0,1115.28,Kochi,Debit Card,Consumer
ORD103057,2025-10-31,CUST1057,Laptop,Electronics,4,802.4,0.1,2888.64,Pune,Debit Card,Home Office
ORD103058,2025-10-23,CUST1058,Headphones,Electronics,2,226.56,0.15,385.15,Pune,Net Banking,Consumer
ORD103059,2025-06-01,CUST1059,Smartphone,Electronics,5,348.3,0.0,1741.5,Salem,Net Banking,Corporate
ORD103060,2025-08-11,CUST1060,Backpack,Accessories,1,85.66,0.15,72.81,Kochi,Credit Card,Consumer
ORD103061,2025-07-15,CUST1061,Book,Books,4,36.74,0.15,124.92,Coimbatore,Debit Card,Consumer
ORD103062,2025-03-29,CUST1062,Keyboard,Electronics,4,41.94,0.15,142.6,Delhi,Cash,Corporate
ORD103063,2025-10-26,CUST1063,Shoes,Fashion,1,175.25,0.2,140.2,Chennai,Net Banking,Corporate
ORD103064,2025-01-17,CUST1064,Desk,Furniture,3,326.44,0.15,832.42,Coimbatore,Cash,Corporate
ORD103065,2025-07-30,CUST1065,Blender,Home Appliances,3,171.86,0.05,489.8,Salem,UPI,Consumer
ORD103066,2025-08-20,CUST1066,Watch,Fashion,2,215.97,0.05,410.34,Pune,UPI,Corporate
ORD103067,2025-12-24,CUST1067,Keyboard,Electronics,1,59.21,0.05,56.25,Delhi,Cash,Consumer
ORD103068,2025-07-02,CUST1068,Office Chair,Furniture,1,140.26,0.15,119.22,Mumbai,UPI,Consumer
ORD103069,2025-06-11,CUST1069,Air Fryer,Home Appliances,5,117.71,0.0,588.55,Mumbai,Cash,Home Office
ORD103070,2025-03-11,CUST1070,Air Fryer,Home Appliances,3,77.67,0.0,233.01,Madurai,Credit Card,Consumer
ORD103071,2025-03-01,CUST1071,Notebook,Stationery,3,3.87,0.0,11.61,Madurai,Credit Card,Home Office
ORD103072,2025-06-28,CUST1072,Notebook,Stationery,1,3.36,0.15,2.86,Delhi,UPI,Consumer
ORD103073,2025-03-18,CUST1073,T-Shirt,Fashion,2,31.15,0.1,56.07,Bengaluru,Cash,Home Office
ORD103074,2025-02-04,CUST1074,Backpack,Accessories,1,99.56,0.05,94.58,Pune,Cash,Consumer
ORD103075,2025-01-16,CUST1075,Watch,Fashion,2,76.76,0.0,153.52,Hyderabad,Cash,Consumer
ORD103076,2025-10-21,CUST1076,Book,Books,3,9.56,0.1,25.81,Mumbai,UPI,Consumer
ORD103077,2025-06-20,CUST1077,Book,Books,5,27.52,0.0,137.6,Pune,Cash,Corporate
ORD103078,2025-02-01,CUST1078,T-Shirt,Fashion,4,19.86,0.05,75.47,Pune,Net Banking,Corporate
ORD103079,2025-09-20,CUST1079,Backpack,Accessories,3,29.76,0.05,84.82,Salem,Cash,Consumer
ORD103080,2025-08-03,CUST1080,Blender,Home Appliances,2,55.03,0.2,88.05,Kochi,Net Banking,Corporate
ORD103081,2025-02-15,CUST1081,Laptop,Electronics,1,1427.54,0.05,1356.16,Coimbatore,Credit Card,Consumer
ORD103082,2025-07-08,CUST1082,Blender,Home Appliances,3,153.22,0.05,436.68,Mumbai,Net Banking,Corporate
ORD103083,2025-10-01,CUST1083,Shoes,Fashion,5,83.11,0.1,374.0,Madurai,Credit Card,Home Office
ORD103084,2025-03-12,CUST1084,Keyboard,Electronics,2,105.26,0.05,199.99,Pune,UPI,Consumer
ORD103085,2025-10-23,CUST1085,Headphones,Electronics,1,145.89,0.0,145.89,Chennai,Credit Card,Consumer
ORD103086,2025-03-29,CUST1086,Book,Books,4,28.7,0.05,109.06,Coimbatore,Credit Card,Consumer
ORD103087,2025-11-30,CUST1087,Air Fryer,Home Appliances,2,189.71,0.15,322.51,Kochi,Cash,Consumer
ORD103088,2025-09-18,CUST1088,Backpack,Accessories,1,82.87,0.05,78.73,Madurai,Debit Card,Home Office
ORD103089,2025-07-01,CUST1089,Blender,Home Appliances,4,69.92,0.1,251.71,Salem,Credit Card,Consumer
ORD103090,2025-12-08,CUST1090,Headphones,Electronics,1,33.78,0.2,27.02,Mumbai,Net Banking,Consumer
ORD103091,2025-01-22,CUST1091,Shoes,Fashion,4,98.34,0.15,334.36,Delhi,UPI,Corporate
ORD103092,2025-03-15,CUST1092,Desk,Furniture,4,545.49,0.1,1963.76,Chennai,Net Banking,Consumer
ORD103093,2025-03-31,CUST1093,Office Chair,Furniture,4,262.24,0.1,944.06,Mumbai,UPI,Consumer
ORD103094,2025-12-01,CUST1094,Keyboard,Electronics,1,128.21,0.15,108.98,Hyderabad,Net Banking,Consumer
ORD103095,2025-06-15,CUST1095,Shoes,Fashion,4,178.74,0.2,571.97,Kochi,Credit Card,Consumer
ORD103096,2025-08-22,CUST1096,Shoes,Fashion,2,54.54,0.2,87.26,Kochi,Debit Card,Consumer
ORD103097,2025-05-09,CUST1097,Blender,Home Appliances,5,133.77,0.1,601.96,Mumbai,Credit Card,Corporate
ORD103098,2025-11-30,CUST1098,Laptop,Electronics,5,1190.58,0.05,5655.25,Kochi,Cash,Consumer
ORD103099,2025-10-19,CUST1099,T-Shirt,Fashion,4,59.0,0.0,236.0,Delhi,Net Banking,Consumer
ORD103100,2025-04-05,CUST1100,Book,Books,5,39.5,0.05,187.62,Salem,Debit Card,Consumer
ORD103101,2025-01-28,CUST1101,Office Chair,Furniture,5,299.74,0.15,1273.9,Delhi,Net Banking,Consumer
ORD103102,2025-12-20,CUST1102,Keyboard,Electronics,4,51.67,0.15,175.68,Hyderabad,Cash,Consumer
ORD103103,2025-02-04,CUST1103,Desk,Furniture,4,499.28,0.05,1897.26,Salem,Cash,Corporate
ORD103104,2025-08-19,CUST1104,Desk,Furniture,2,153.51,0.05,291.67,Bengaluru,Cash,Consumer
ORD103105,2025-11-14,CUST1105,Smartphone,Electronics,3,991.66,0.0,2974.98,Madurai,Credit Card,Home Office
ORD103106,2025-12-09,CUST1106,Shoes,Fashion,1,166.53,0.05,158.2,Mumbai,Credit Card,Consumer
ORD103107,2025-12-30,CUST1107,Backpack,Accessories,4,58.28,0.1,209.81,Salem,Debit Card,Consumer
ORD103108,2025-05-05,CUST1108,Laptop,Electronics,4,1149.1,0.05,4366.58,Salem,Cash,Consumer
ORD103109,2025-03-20,CUST1109,Office Chair,Furniture,5,217.65,0.0,1088.25,Hyderabad,Credit Card,Consumer
ORD103110,2025-03-02,CUST1110,Blender,Home Appliances,2,95.66,0.05,181.75,Delhi,UPI,Corporate
ORD103111,2025-08-05,CUST1111,Desk,Furniture,5,255.19,0.0,1275.95,Hyderabad,UPI,Home Office
ORD103112,2025-10-09,CUST1112,Keyboard,Electronics,4,119.08,0.2,381.06,Delhi,Credit Card,Consumer
ORD103113,2025-06-12,CUST1113,Smartphone,Electronics,4,1139.37,0.05,4329.61,Salem,Debit Card,Corporate
ORD103114,2025-02-26,CUST1114,Air Fryer,Home Appliances,5,238.74,0.15,1014.64,Kochi,Net Banking,Corporate
ORD103115,2025-07-10,CUST1115,Book,Books,4,11.12,0.0,44.48,Kochi,Cash,Home Office
ORD103116,2025-05-12,CUST1116,Keyboard,Electronics,3,133.72,0.0,401.16,Delhi,Credit Card,Consumer
ORD103117,2025-02-11,CUST1117,Laptop,Electronics,1,1250.56,0.1,1125.5,Coimbatore,Debit Card,Consumer
ORD103118,2025-06-22,CUST1118,Backpack,Accessories,1,45.28,0.1,40.75,Coimbatore,Net Banking,Consumer
ORD103119,2025-06-16,CUST1119,Smartphone,Electronics,1,313.92,0.05,298.22,Bengaluru,Debit Card,Consumer
ORD103120,2025-09-07,CUST1120,Air Fryer,Home Appliances,3,110.92,0.0,332.76,Chennai,Net Banking,Corporate
ORD103121,2025-07-12,CUST1121,Smartphone,Electronics,4,1116.6,0.0,4466.4,Coimbatore,UPI,Home Office
ORD103122,2025-10-05,CUST1122,T-Shirt,Fashion,5,41.66,0.1,187.47,Coimbatore,Net Banking,Consumer
ORD103123,2025-08-26,CUST1123,Office Chair,Furniture,2,310.74,0.0,621.48,Delhi,UPI,Corporate
ORD103124,2025-08-18,CUST1124,Smartphone,Electronics,4,494.29,0.0,1977.16,Pune,Cash,Home Office
ORD103125,2025-06-14,CUST1125,Coffee Maker,Home Appliances,3,191.07,0.1,515.89,Kochi,Credit Card,Home Office
ORD103126,2025-08-31,CUST1126,T-Shirt,Fashion,3,11.41,0.0,34.23,Bengaluru,UPI,Corporate
ORD103127,2025-03-31,CUST1127,T-Shirt,Fashion,1,28.77,0.0,28.77,Coimbatore,Debit Card,Corporate
ORD103128,2025-06-28,CUST1128,Laptop,Electronics,4,1145.42,0.0,4581.68,Mumbai,Net Banking,Consumer
ORD103129,2025-02-27,CUST1129,Coffee Maker,Home Appliances,1,70.68,0.2,56.54,Kochi,Debit Card,Home Office
ORD103130,2025-09-20,CUST1130,Headphones,Electronics,2,210.18,0.05,399.34,Hyderabad,UPI,Consumer
ORD103131,2025-05-16,CUST1131,Keyboard,Electronics,1,50.55,0.15,42.97,Chennai,Debit Card,Consumer
ORD103132,2025-08-26,CUST1132,Book,Books,2,27.83,0.0,55.66,Madurai,Net Banking,Consumer
ORD103133,2025-11-03,CUST1133,Backpack,Accessories,3,60.52,0.1,163.4,Madurai,Credit Card,Corporate
ORD103134,2025-08-31,CUST1134,Watch,Fashion,1,194.97,0.0,194.97,Bengaluru,Debit Card,Consumer
ORD103135,2025-05-31,CUST1135,Keyboard,Electronics,1,33.97,0.05,32.27,Pune,Cash,Corporate
ORD103136,2025-12-12,CUST1136,Smartphone,Electronics,5,266.07,0.15,1130.8,Coimbatore,Net Banking,Consumer
ORD103137,2025-12-30,CUST1137,Backpack,Accessories,3,110.96,0.15,282.95,Kochi,Net Banking,Consumer
ORD103138,2025-09-04,CUST1138,Desk,Furniture,5,234.82,0.1,1056.69,Kochi,Cash,Consumer
ORD103139,2025-08-07,CUST1139,Headphones,Electronics,2,209.43,0.15,356.03,Bengaluru,UPI,Consumer
ORD103140,2025-01-09,CUST1140,Desk,Furniture,2,599.68,0.0,1199.36,Mumbai,Cash,Consumer
ORD103141,2025-10-21,CUST1141,Coffee Maker,Home Appliances,3,84.4,0.05,240.54,Hyderabad,UPI,Consumer
ORD103142,2025-01-13,CUST1142,Notebook,Stationery,2,5.45,0.05,10.36,Pune,Credit Card,Consumer
ORD103143,2025-09-20,CUST1143,Desk,Furniture,3,431.43,0.15,1100.15,Pune,UPI,Home Office
ORD103144,2025-08-13,CUST1144,Blender,Home Appliances,2,174.82,0.0,349.64,Kochi,Credit Card,Consumer
ORD103145,2025-08-19,CUST1145,Office Chair,Furniture,4,373.06,0.15,1268.4,Mumbai,Credit Card,Consumer
ORD103146,2025-06-27,CUST1146,Keyboard,Electronics,1,85.37,0.05,81.1,Mumbai,Cash,Consumer
ORD103147,2025-09-04,CUST1147,Watch,Fashion,4,246.73,0.1,888.23,Kochi,Credit Card,Consumer
ORD103148,2025-03-08,CUST1148,Blender,Home Appliances,3,50.36,0.0,151.08,Mumbai,UPI,Corporate
ORD103149,2025-10-24,CUST1149,Notebook,Stationery,3,14.71,0.05,41.92,Coimbatore,Debit Card,Corporate
ORD103150,2025-06-06,CUST1150,Laptop,Electronics,4,1466.14,0.1,5278.1,Bengaluru,Net Banking,Consumer
ORD103151,2025-06-14,CUST1151,Watch,Fashion,1,82.57,0.05,78.44,Chennai,Net Banking,Consumer
ORD103152,2025-07-03,CUST1152,Desk,Furniture,1,249.71,0.15,212.25,Salem,UPI,Home Office
ORD103153,2025-07-27,CUST1153,Smartphone,Electronics,5,345.15,0.1,1553.18,Mumbai,Debit Card,Consumer
ORD103154,2025-01-16,CUST1154,Air Fryer,Home Appliances,2,111.63,0.05,212.1,Kochi,Credit Card,Consumer
ORD103155,2025-10-27,CUST1155,Headphones,Electronics,5,208.59,0.15,886.51,Madurai,UPI,Consumer
ORD103156,2025-11-02,CUST1156,Book,Books,1,18.24,0.1,16.42,Madurai,Credit Card,Corporate
ORD103157,2025-08-29,CUST1157,Shoes,Fashion,4,43.26,0.1,155.74,Coimbatore,Cash,Corporate
ORD103158,2025-08-18,CUST1158,Watch,Fashion,2,128.98,0.0,257.96,Coimbatore,Debit Card,Consumer
ORD103159,2025-01-18,CUST1159,Book,Books,4,39.35,0.05,149.53,Coimbatore,Net Banking,Consumer
ORD103160,2025-05-27,CUST1160,Book,Books,5,27.04,0.1,121.68,Coimbatore,UPI,Consumer
ORD103161,2025-09-01,CUST1161,Desk,Furniture,3,308.08,0.15,785.6,Madurai,Net Banking,Consumer
ORD103162,2025-02-20,CUST1162,Headphones,Electronics,4,62.47,0.0,249.88,Coimbatore,Credit Card,Consumer
ORD103163,2025-09-16,CUST1163,Backpack,Accessories,5,118.62,0.0,593.1,Pune,Credit Card,Consumer
ORD103164,2025-08-26,CUST1164,Keyboard,Electronics,5,126.71,0.05,601.87,Delhi,Cash,Consumer
ORD103165,2025-09-03,CUST1165,Book,Books,5,14.85,0.0,74.25,Madurai,Credit Card,Corporate
ORD103166,2025-12-11,CUST1166,T-Shirt,Fashion,3,13.5,0.1,36.45,Madurai,Credit Card,Consumer
ORD103167,2025-11-06,CUST1167,Notebook,Stationery,3,2.74,0.1,7.4,Hyderabad,Net Banking,Corporate
ORD103168,2025-02-18,CUST1168,Office Chair,Furniture,3,118.52,0.05,337.78,Madurai,Net Banking,Consumer
ORD103169,2025-10-11,CUST1169,Headphones,Electronics,2,155.67,0.15,264.64,Delhi,UPI,Home Office
ORD103170,2025-02-07,CUST1170,Smartphone,Electronics,3,1132.33,0.05,3227.14,Mumbai,UPI,Home Office
ORD103171,2025-10-11,CUST1171,Coffee Maker,Home Appliances,3,144.32,0.1,389.66,Madurai,Credit Card,Consumer
ORD103172,2025-02-01,CUST1172,Smartphone,Electronics,3,1050.8,0.0,3152.4,Pune,Debit Card,Consumer
ORD103173,2025-08-31,CUST1173,Headphones,Electronics,4,125.32,0.05,476.22,Madurai,UPI,Corporate
ORD103174,2025-02-10,CUST1174,Smartphone,Electronics,3,923.15,0.15,2354.03,Mumbai,Credit Card,Corporate
ORD103175,2025-10-19,CUST1175,Book,Books,2,30.62,0.0,61.24,Hyderabad,Net Banking,Home Office
ORD103176,2025-04-13,CUST1176,Keyboard,Electronics,5,42.62,0.05,202.44,Salem,Cash,Corporate
ORD103177,2025-10-19,CUST1177,Smartphone,Electronics,4,593.16,0.0,2372.64,Bengaluru,Net Banking,Consumer
ORD103178,2025-04-17,CUST1178,Watch,Fashion,1,205.7,0.0,205.7,Mumbai,Net Banking,Consumer
ORD103179,2025-09-03,CUST1179,T-Shirt,Fashion,3,13.53,0.0,40.59,Madurai,Cash,Consumer
ORD103180,2025-03-28,CUST1180,Smartphone,Electronics,5,593.46,0.0,2967.3,Bengaluru,Net Banking,Home Office
ORD103181,2025-03-07,CUST1181,T-Shirt,Fashion,5,36.74,0.15,156.15,Coimbatore,UPI,Home Office
ORD103182,2025-05-18,CUST1182,Air Fryer,Home Appliances,4,249.28,0.1,897.41,Chennai,Net Banking,Consumer
ORD103183,2025-11-22,CUST1183,Desk,Furniture,1,337.27,0.0,337.27,Salem,Cash,Consumer
ORD103184,2025-07-19,CUST1184,Laptop,Electronics,2,1325.25,0.1,2385.45,Mumbai,Credit Card,Consumer
ORD103185,2025-12-01,CUST1185,Keyboard,Electronics,5,76.17,0.0,380.85,Bengaluru,Credit Card,Consumer
ORD103186,2025-04-03,CUST1186,Notebook,Stationery,5,12.35,0.05,58.66,Delhi,Credit Card,Home Office
ORD103187,2025-12-14,CUST1187,Book,Books,5,25.84,0.0,129.2,Kochi,Cash,Consumer
ORD103188,2025-10-05,CUST1188,Laptop,Electronics,5,1392.27,0.0,6961.35,Delhi,Cash,Consumer
ORD103189,2025-01-20,CUST1189,Book,Books,4,19.38,0.15,65.89,Salem,UPI,Consumer
ORD103190,2025-10-16,CUST1190,Desk,Furniture,1,402.15,0.0,402.15,Madurai,Cash,Consumer
ORD103191,2025-03-31,CUST1191,Book,Books,5,27.05,0.15,114.96,Delhi,Credit Card,Consumer
ORD103192,2025-02-19,CUST1192,Air Fryer,Home Appliances,2,139.3,0.05,264.67,Mumbai,Cash,Consumer
ORD103193,2025-01-10,CUST1193,Keyboard,Electronics,2,38.76,0.0,77.52,Hyderabad,Debit Card,Consumer
ORD103194,2025-03-20,CUST1194,Headphones,Electronics,3,46.05,0.1,124.33,Chennai,Net Banking,Consumer
ORD103195,2025-02-06,CUST1195,Headphones,Electronics,5,28.75,0.05,136.56,Delhi,UPI,Corporate
ORD103196,2025-02-28,CUST1196,T-Shirt,Fashion,5,53.68,0.0,268.4,Chennai,Credit Card,Consumer
ORD103197,2025-03-29,CUST1197,Desk,Furniture,5,218.24,0.0,1091.2,Mumbai,Credit Card,Corporate
ORD103198,2025-04-14,CUST1198,T-Shirt,Fashion,5,20.58,0.0,102.9,Coimbatore,Debit Card,Home Office
ORD103199,2025-11-15,CUST1199,Air Fryer,Home Appliances,5,199.85,0.15,849.36,Bengaluru,UPI,Home Office
ORD103200,2025-10-04,CUST1200,Office Chair,Furniture,2,182.41,0.05,346.58,Salem,Net Banking,Consumer
ORD103201,2025-04-14,CUST1201,Smartphone,Electronics,1,730.74,0.0,730.74,Mumbai,UPI,Consumer
ORD103202,2025-09-11,CUST1202,Shoes,Fashion,1,54.38,0.15,46.22,Pune,UPI,Consumer
ORD103203,2025-08-18,CUST1203,Office Chair,Furniture,3,387.12,0.0,1161.36,Kochi,Credit Card,Consumer
ORD103204,2025-12-01,CUST1204,Smartphone,Electronics,2,1059.0,0.0,2118.0,Pune,Cash,Home Office
ORD103205,2025-02-06,CUST1205,Keyboard,Electronics,5,132.29,0.0,661.45,Pune,Net Banking,Corporate
ORD103206,2025-10-28,CUST1206,T-Shirt,Fashion,1,30.34,0.05,28.82,Chennai,UPI,Consumer
ORD103207,2025-05-22,CUST1207,Notebook,Stationery,4,11.91,0.0,47.64,Delhi,Debit Card,Consumer
ORD103208,2025-02-12,CUST1208,Keyboard,Electronics,4,38.7,0.05,147.06,Mumbai,Credit Card,Consumer
ORD103209,2025-04-26,CUST1209,Air Fryer,Home Appliances,4,61.64,0.15,209.58,Madurai,Cash,Home Office
ORD103210,2025-12-07,CUST1210,Blender,Home Appliances,5,33.0,0.0,165.0,Salem,Cash,Corporate
ORD103211,2025-03-25,CUST1211,Blender,Home Appliances,5,117.99,0.0,589.95,Hyderabad,Credit Card,Corporate
ORD103212,2025-09-16,CUST1212,Blender,Home Appliances,3,98.31,0.05,280.18,Pune,UPI,Consumer
ORD103213,2025-12-26,CUST1213,Air Fryer,Home Appliances,3,158.42,0.05,451.5,Kochi,Credit Card,Consumer
ORD103214,2025-03-28,CUST1214,Notebook,Stationery,3,2.1,0.15,5.36,Delhi,Cash,Consumer
ORD103215,2025-12-09,CUST1215,Book,Books,4,19.79,0.05,75.2,Bengaluru,Cash,Consumer
ORD103216,2025-12-13,CUST1216,Keyboard,Electronics,5,113.35,0.0,566.75,Mumbai,Debit Card,Consumer
ORD103217,2025-10-18,CUST1217,Smartphone,Electronics,4,670.56,0.0,2682.24,Coimbatore,Debit Card,Home Office
ORD103218,2025-04-06,CUST1218,Air Fryer,Home Appliances,3,199.12,0.0,597.36,Kochi,Cash,Consumer
ORD103219,2025-09-12,CUST1219,Blender,Home Appliances,5,64.95,0.1,292.28,Chennai,Debit Card,Consumer
ORD103220,2025-12-08,CUST1220,Notebook,Stationery,2,12.57,0.0,25.14,Salem,Debit Card,Consumer
ORD103221,2025-05-16,CUST1221,Desk,Furniture,1,394.22,0.0,394.22,Pune,Debit Card,Consumer
ORD103222,2025-09-05,CUST1222,Air Fryer,Home Appliances,1,100.04,0.05,95.04,Madurai,Cash,Home Office
ORD103223,2025-04-02,CUST1223,Coffee Maker,Home Appliances,3,89.71,0.0,269.13,Coimbatore,UPI,Consumer
ORD103224,2025-09-04,CUST1224,Book,Books,4,26.98,0.05,102.52,Hyderabad,UPI,Home Office
ORD103225,2025-09-15,CUST1225,Smartphone,Electronics,2,1038.44,0.0,2076.88,Pune,Net Banking,Consumer
ORD103226,2025-07-06,CUST1226,Blender,Home Appliances,5,92.34,0.15,392.45,Madurai,Debit Card,Home Office
ORD103227,2025-05-04,CUST1227,Backpack,Accessories,4,45.83,0.0,183.32,Chennai,UPI,Consumer
ORD103228,2025-09-17,CUST1228,Headphones,Electronics,3,220.08,0.15,561.2,Chennai,Net Banking,Corporate
ORD103229,2025-06-18,CUST1229,Notebook,Stationery,4,10.7,0.0,42.8,Delhi,Credit Card,Consumer
ORD103230,2025-12-31,CUST1230,Headphones,Electronics,3,125.82,0.1,339.71,Bengaluru,Debit Card,Consumer
ORD103231,2025-04-21,CUST1231,Office Chair,Furniture,1,236.13,0.0,236.13,Hyderabad,UPI,Corporate
ORD103232,2025-10-17,CUST1232,Headphones,Electronics,1,70.96,0.1,63.86,Bengaluru,UPI,Consumer
ORD103233,2025-03-28,CUST1233,Smartphone,Electronics,4,845.46,0.0,3381.84,Coimbatore,UPI,Consumer
ORD103234,2025-01-13,CUST1234,Watch,Fashion,2,133.27,0.05,253.21,Delhi,Net Banking,Home Office
ORD103235,2025-09-20,CUST1235,T-Shirt,Fashion,5,59.78,0.1,269.01,Chennai,Credit Card,Consumer
ORD103236,2025-10-15,CUST1236,Smartphone,Electronics,3,706.17,0.05,2012.58,Chennai,Debit Card,Home Office
ORD103237,2025-01-23,CUST1237,Book,Books,5,22.01,0.05,104.55,Pune,UPI,Corporate
ORD103238,2025-07-19,CUST1238,Coffee Maker,Home Appliances,1,158.83,0.0,158.83,Mumbai,Cash,Consumer
ORD103239,2025-08-30,CUST1239,Smartphone,Electronics,2,1120.92,0.0,2241.84,Kochi,Debit Card,Consumer
ORD103240,2025-08-27,CUST1240,Air Fryer,Home Appliances,2,212.16,0.05,403.1,Chennai,Cash,Home Office
ORD103241,2025-10-30,CUST1241,Notebook,Stationery,5,7.86,0.0,39.3,Salem,Net Banking,Consumer
ORD103242,2025-06-14,CUST1242,Shoes,Fashion,1,137.8,0.0,137.8,Kochi,UPI,Consumer
ORD103243,2025-08-14,CUST1243,Notebook,Stationery,5,9.62,0.0,48.1,Pune,Debit Card,Corporate
ORD103244,2025-06-25,CUST1244,T-Shirt,Fashion,4,34.62,0.0,138.48,Salem,Debit Card,Consumer
ORD103245,2025-01-29,CUST1245,Backpack,Accessories,2,39.23,0.05,74.54,Kochi,UPI,Home Office
ORD103246,2025-06-14,CUST1246,Headphones,Electronics,2,129.39,0.05,245.84,Bengaluru,Credit Card,Consumer
ORD103247,2025-01-23,CUST1247,T-Shirt,Fashion,4,22.29,0.15,75.79,Kochi,Net Banking,Consumer
ORD103248,2025-10-21,CUST1248,Headphones,Electronics,1,230.84,0.05,219.3,Delhi,UPI,Consumer
ORD103249,2025-02-13,CUST1249,Office Chair,Furniture,2,187.33,0.15,318.46,Chennai,Debit Card,Consumer
ORD103250,2025-09-18,CUST1250,T-Shirt,Fashion,3,57.61,0.1,155.55,Delhi,Credit Card,Consumer
ORD103251,2025-06-29,CUST1251,Blender,Home Appliances,3,109.96,0.15,280.4,Mumbai,Debit Card,Corporate
ORD103252,2025-10-23,CUST1252,Book,Books,1,27.1,0.15,23.04,Bengaluru,Cash,Corporate
ORD103253,2025-05-19,CUST1253,Book,Books,4,24.0,0.1,86.4,Coimbatore,Debit Card,Corporate
ORD103254,2025-11-30,CUST1254,Headphones,Electronics,5,54.11,0.05,257.02,Pune,Net Banking,Consumer
ORD103255,2025-09-05,CUST1255,Backpack,Accessories,1,57.58,0.0,57.58,Chennai,UPI,Consumer
ORD103256,2025-08-29,CUST1256,Blender,Home Appliances,5,44.87,0.0,224.35,Coimbatore,Debit Card,Home Office
ORD103257,2025-04-16,CUST1257,Laptop,Electronics,1,1141.81,0.2,913.45,Coimbatore,Cash,Consumer
ORD103258,2025-06-22,CUST1258,Keyboard,Electronics,3,78.09,0.2,187.42,Pune,Cash,Consumer
ORD103259,2025-02-18,CUST1259,Keyboard,Electronics,4,121.14,0.1,436.1,Coimbatore,UPI,Consumer
ORD103260,2025-05-03,CUST1260,Backpack,Accessories,3,42.05,0.15,107.23,Madurai,Cash,Consumer
ORD103261,2025-02-04,CUST1261,Shoes,Fashion,4,54.68,0.15,185.91,Delhi,UPI,Consumer
ORD103262,2025-04-16,CUST1262,Laptop,Electronics,5,936.02,0.05,4446.1,Hyderabad,Net Banking,Corporate
ORD103263,2025-11-24,CUST1263,Office Chair,Furniture,1,376.51,0.1,338.86,Hyderabad,UPI,Home Office
ORD103264,2025-07-15,CUST1264,Backpack,Accessories,2,91.04,0.05,172.98,Mumbai,Credit Card,Consumer
ORD103265,2025-04-19,CUST1265,Blender,Home Appliances,2,92.84,0.05,176.4,Chennai,Cash,Corporate
ORD103266,2025-05-05,CUST1266,Keyboard,Electronics,4,87.25,0.0,349.0,Mumbai,Cash,Consumer
ORD103267,2025-11-23,CUST1267,Air Fryer,Home Appliances,4,76.0,0.05,288.8,Chennai,Debit Card,Consumer
ORD103268,2025-10-22,CUST1268,Keyboard,Electronics,3,147.99,0.1,399.57,Hyderabad,Credit Card,Consumer
ORD103269,2025-12-13,CUST1269,Keyboard,Electronics,2,106.63,0.05,202.6,Salem,Debit Card,Consumer
ORD103270,2025-02-06,CUST1270,Blender,Home Appliances,3,72.81,0.15,185.67,Mumbai,UPI,Consumer
ORD103271,2025-07-07,CUST1271,Desk,Furniture,5,392.9,0.0,1964.5,Delhi,Net Banking,Corporate
ORD103272,2025-12-03,CUST1272,Backpack,Accessories,2,30.95,0.0,61.9,Delhi,Cash,Corporate
ORD103273,2025-01-23,CUST1273,Smartphone,Electronics,5,1167.54,0.15,4962.04,Madurai,Net Banking,Consumer
ORD103274,2025-09-18,CUST1274,Notebook,Stationery,1,4.27,0.1,3.84,Hyderabad,UPI,Consumer
ORD103275,2025-07-13,CUST1275,Office Chair,Furniture,3,287.37,0.0,862.11,Mumbai,UPI,Consumer
ORD103276,2025-06-01,CUST1276,Keyboard,Electronics,4,51.91,0.05,197.26,Delhi,Credit Card,Consumer
ORD103277,2025-01-18,CUST1277,Notebook,Stationery,2,11.33,0.05,21.53,Hyderabad,Debit Card,Consumer
ORD103278,2025-01-27,CUST1278,Book,Books,3,32.19,0.15,82.08,Delhi,Cash,Corporate
ORD103279,2025-01-24,CUST1279,Air Fryer,Home Appliances,4,187.95,0.1,676.62,Chennai,Cash,Corporate
ORD103280,2025-01-29,CUST1280,Headphones,Electronics,1,163.26,0.0,163.26,Pune,Net Banking,Consumer
ORD103281,2025-05-19,CUST1281,Backpack,Accessories,2,109.25,0.05,207.58,Bengaluru,Credit Card,Home Office
ORD103282,2025-05-26,CUST1282,Coffee Maker,Home Appliances,5,56.51,0.15,240.17,Salem,UPI,Consumer
ORD103283,2025-05-03,CUST1283,Blender,Home Appliances,1,79.64,0.1,71.68,Hyderabad,Credit Card,Corporate
ORD103284,2025-05-08,CUST1284,Desk,Furniture,4,224.14,0.15,762.08,Madurai,Cash,Consumer
ORD103285,2025-04-27,CUST1285,Book,Books,2,39.58,0.0,79.16,Mumbai,Debit Card,Consumer
ORD103286,2025-05-12,CUST1286,Backpack,Accessories,2,58.94,0.15,100.2,Madurai,Net Banking,Consumer
ORD103287,2025-10-16,CUST1287,Office Chair,Furniture,1,314.44,0.1,283.0,Salem,UPI,Home Office
ORD103288,2025-07-25,CUST1288,Air Fryer,Home Appliances,2,190.1,0.1,342.18,Salem,UPI,Consumer
ORD103289,2025-08-24,CUST1289,Desk,Furniture,4,206.04,0.0,824.16,Salem,UPI,Consumer
ORD103290,2025-02-11,CUST1290,Office Chair,Furniture,1,156.48,0.15,133.01,Salem,Debit Card,Consumer
ORD103291,2025-06-09,CUST1291,Book,Books,5,14.84,0.1,66.78,Delhi,Cash,Consumer
ORD103292,2025-09-09,CUST1292,Backpack,Accessories,1,61.11,0.15,51.94,Kochi,Cash,Consumer
ORD103293,2025-06-28,CUST1293,Smartphone,Electronics,1,472.61,0.05,448.98,Mumbai,Credit Card,Corporate
ORD103294,2025-05-05,CUST1294,Book,Books,5,5.69,0.0,28.45,Mumbai,Credit Card,Consumer
ORD103295,2025-09-17,CUST1295,Coffee Maker,Home Appliances,4,224.67,0.0,898.68,Bengaluru,Cash,Home Office
ORD103296,2025-10-03,CUST1296,Office Chair,Furniture,3,389.0,0.05,1108.65,Pune,UPI,Consumer
ORD103297,2025-08-01,CUST1297,Desk,Furniture,3,270.79,0.05,771.75,Chennai,Debit Card,Consumer
ORD103298,2025-11-20,CUST1298,Desk,Furniture,5,269.25,0.05,1278.94,Bengaluru,Cash,Consumer
ORD103299,2025-07-09,CUST1299,Notebook,Stationery,4,2.09,0.05,7.94,Chennai,Debit Card,Consumer
ORD103300,2025-02-27,CUST1300,Office Chair,Furniture,2,297.68,0.15,506.06,Kochi,Net Banking,Consumer
ORD103301,2025-07-22,CUST1301,Watch,Fashion,5,254.61,0.0,1273.05,Hyderabad,UPI,Consumer
ORD103302,2025-03-21,CUST1302,Backpack,Accessories,3,34.66,0.0,103.98,Salem,Net Banking,Corporate
ORD103303,2025-08-16,CUST1303,Watch,Fashion,4,81.51,0.15,277.13,Kochi,Cash,Corporate
ORD103304,2025-04-05,CUST1304,Shoes,Fashion,1,148.51,0.05,141.08,Kochi,Credit Card,Corporate
ORD103305,2025-01-04,CUST1305,Backpack,Accessories,4,81.63,0.05,310.19,Kochi,Cash,Home Office
ORD103306,2025-06-14,CUST1306,Office Chair,Furniture,4,94.36,0.05,358.57,Kochi,Net Banking,Consumer
ORD103307,2025-10-27,CUST1307,Laptop,Electronics,3,1141.42,0.05,3253.05,Kochi,Debit Card,Consumer
ORD103308,2025-02-11,CUST1308,Air Fryer,Home Appliances,3,118.69,0.0,356.07,Madurai,Cash,Corporate
ORD103309,2025-10-12,CUST1309,Office Chair,Furniture,2,197.99,0.05,376.18,Chennai,Credit Card,Consumer
ORD103310,2025-08-17,CUST1310,Watch,Fashion,2,240.13,0.2,384.21,Madurai,Net Banking,Consumer
ORD103311,2025-08-31,CUST1311,Smartphone,Electronics,5,1020.39,0.05,4846.85,Kochi,Cash,Corporate
ORD103312,2025-07-31,CUST1312,Air Fryer,Home Appliances,1,136.07,0.0,136.07,Salem,Net Banking,Consumer
ORD103313,2025-10-27,CUST1313,Office Chair,Furniture,2,383.09,0.1,689.56,Coimbatore,Net Banking,Consumer
ORD103314,2025-02-24,CUST1314,Office Chair,Furniture,3,210.07,0.05,598.7,Mumbai,UPI,Corporate
ORD103315,2025-12-02,CUST1315,Smartphone,Electronics,4,983.24,0.0,3932.96,Chennai,Debit Card,Corporate
ORD103316,2025-06-22,CUST1316,Office Chair,Furniture,5,234.84,0.15,998.07,Salem,UPI,Consumer
ORD103317,2025-10-04,CUST1317,Air Fryer,Home Appliances,2,230.53,0.0,461.06,Mumbai,Net Banking,Consumer
ORD103318,2025-11-30,CUST1318,Keyboard,Electronics,4,138.01,0.15,469.23,Kochi,Credit Card,Consumer
ORD103319,2025-08-17,CUST1319,Laptop,Electronics,4,633.05,0.05,2405.59,Madurai,Credit Card,Consumer
ORD103320,2025-01-30,CUST1320,Headphones,Electronics,2,235.71,0.1,424.28,Madurai,UPI,Consumer
ORD103321,2025-01-23,CUST1321,Laptop,Electronics,1,1334.26,0.05,1267.55,Coimbatore,Credit Card,Consumer
ORD103322,2025-01-05,CUST1322,Blender,Home Appliances,1,148.7,0.0,148.7,Pune,Net Banking,Corporate
ORD103323,2025-03-04,CUST1323,Coffee Maker,Home Appliances,5,82.19,0.1,369.86,Kochi,Cash,Consumer
ORD103324,2025-08-09,CUST1324,Notebook,Stationery,1,12.47,0.2,9.98,Salem,Net Banking,Home Office
ORD103325,2025-11-11,CUST1325,Office Chair,Furniture,5,352.04,0.1,1584.18,Bengaluru,Cash,Consumer
ORD103326,2025-03-23,CUST1326,Keyboard,Electronics,3,57.59,0.1,155.49,Delhi,Credit Card,Home Office
ORD103327,2025-08-30,CUST1327,Backpack,Accessories,2,115.23,0.2,184.37,Bengaluru,Debit Card,Consumer
ORD103328,2025-09-10,CUST1328,Office Chair,Furniture,4,95.96,0.0,383.84,Madurai,Debit Card,Consumer
ORD103329,2025-02-21,CUST1329,Watch,Fashion,5,78.98,0.0,394.9,Bengaluru,Net Banking,Consumer
ORD103330,2025-11-17,CUST1330,Book,Books,1,23.82,0.0,23.82,Chennai,Net Banking,Consumer
ORD103331,2025-02-08,CUST1331,Keyboard,Electronics,5,94.85,0.1,426.82,Madurai,Credit Card,Corporate
ORD103332,2025-09-16,CUST1332,Smartphone,Electronics,5,862.89,0.15,3667.28,Kochi,Debit Card,Corporate
ORD103333,2025-11-23,CUST1333,Keyboard,Electronics,1,22.21,0.1,19.99,Kochi,Debit Card,Corporate
ORD103334,2025-09-28,CUST1334,Blender,Home Appliances,1,174.06,0.15,147.95,Chennai,Net Banking,Consumer
ORD103335,2025-03-13,CUST1335,Smartphone,Electronics,2,292.36,0.1,526.25,Delhi,Debit Card,Consumer
ORD103336,2025-03-11,CUST1336,Shoes,Fashion,4,51.46,0.05,195.55,Mumbai,Net Banking,Consumer
ORD103337,2025-08-08,CUST1337,Headphones,Electronics,2,28.15,0.0,56.3,Chennai,UPI,Consumer
ORD103338,2025-01-04,CUST1338,T-Shirt,Fashion,2,38.34,0.15,65.18,Mumbai,Debit Card,Corporate
ORD103339,2025-12-16,CUST1339,Air Fryer,Home Appliances,1,237.13,0.0,237.13,Hyderabad,Cash,Home Office
ORD103340,2025-10-17,CUST1340,Keyboard,Electronics,1,106.57,0.05,101.24,Madurai,Credit Card,Consumer
ORD103341,2025-10-19,CUST1341,Air Fryer,Home Appliances,4,216.3,0.0,865.2,Coimbatore,Net Banking,Corporate
ORD103342,2025-12-21,CUST1342,Desk,Furniture,5,106.64,0.0,533.2,Delhi,Debit Card,Consumer
ORD103343,2025-08-19,CUST1343,Watch,Fashion,2,180.92,0.1,325.66,Pune,Debit Card,Consumer
ORD103344,2025-03-21,CUST1344,Office Chair,Furniture,4,227.06,0.0,908.24,Delhi,Net Banking,Consumer
ORD103345,2025-03-07,CUST1345,Watch,Fashion,2,169.73,0.15,288.54,Mumbai,Cash,Consumer
ORD103346,2025-05-16,CUST1346,Air Fryer,Home Appliances,5,73.72,0.05,350.17,Hyderabad,Debit Card,Consumer
ORD103347,2025-07-10,CUST1347,Laptop,Electronics,2,1200.21,0.1,2160.38,Mumbai,UPI,Consumer
ORD103348,2025-12-13,CUST1348,T-Shirt,Fashion,3,35.16,0.1,94.93,Madurai,Credit Card,Consumer
ORD103349,2025-12-02,CUST1349,Laptop,Electronics,4,1276.89,0.1,4596.8,Mumbai,Net Banking,Consumer
ORD103350,2025-02-28,CUST1350,Shoes,Fashion,1,102.79,0.15,87.37,Salem,Debit Card,Consumer
ORD103351,2025-09-23,CUST1351,T-Shirt,Fashion,2,17.47,0.0,34.94,Kochi,Credit Card,Consumer
ORD103352,2025-01-07,CUST1352,T-Shirt,Fashion,4,42.41,0.0,169.64,Pune,Net Banking,Home Office
ORD103353,2025-07-21,CUST1353,Laptop,Electronics,4,713.77,0.0,2855.08,Hyderabad,Net Banking,Corporate
ORD103354,2025-11-28,CUST1354,Smartphone,Electronics,2,1078.77,0.15,1833.91,Salem,Net Banking,Home Office
ORD103355,2025-08-25,CUST1355,Blender,Home Appliances,1,121.97,0.2,97.58,Mumbai,Cash,Consumer
ORD103356,2025-09-25,CUST1356,Air Fryer,Home Appliances,1,89.87,0.0,89.87,Pune,UPI,Corporate
ORD103357,2025-03-20,CUST1357,Laptop,Electronics,2,1464.22,0.1,2635.6,Delhi,Net Banking,Consumer
ORD103358,2025-02-15,CUST1358,Watch,Fashion,4,174.78,0.0,699.12,Bengaluru,Cash,Corporate
ORD103359,2025-08-31,CUST1359,Smartphone,Electronics,1,319.25,0.0,319.25,Salem,Net Banking,Consumer
ORD103360,2025-10-15,CUST1360,Watch,Fashion,2,202.98,0.1,365.36,Bengaluru,Net Banking,Consumer
ORD103361,2025-06-09,CUST1361,Blender,Home Appliances,2,67.98,0.0,135.96,Chennai,Cash,Consumer
ORD103362,2025-04-25,CUST1362,Shoes,Fashion,2,150.55,0.05,286.04,Bengaluru,UPI,Consumer
ORD103363,2025-04-24,CUST1363,Office Chair,Furniture,4,341.7,0.1,1230.12,Salem,Credit Card,Consumer
ORD103364,2025-05-06,CUST1364,Blender,Home Appliances,1,176.84,0.1,159.16,Coimbatore,Debit Card,Home Office
ORD103365,2025-03-31,CUST1365,Coffee Maker,Home Appliances,4,145.39,0.05,552.48,Madurai,Net Banking,Consumer
ORD103366,2025-03-02,CUST1366,Backpack,Accessories,3,65.5,0.1,176.85,Chennai,UPI,Home Office
ORD103367,2025-11-13,CUST1367,Smartphone,Electronics,1,965.8,0.05,917.51,Bengaluru,Debit Card,Consumer
ORD103368,2025-04-12,CUST1368,Shoes,Fashion,4,49.87,0.0,199.48,Mumbai,Net Banking,Corporate
ORD103369,2025-04-24,CUST1369,Coffee Maker,Home Appliances,1,154.85,0.1,139.36,Salem,Debit Card,Corporate
ORD103370,2025-06-23,CUST1370,Desk,Furniture,3,373.12,0.0,1119.36,Hyderabad,Cash,Consumer
ORD103371,2025-04-02,CUST1371,Shoes,Fashion,5,43.42,0.0,217.1,Mumbai,UPI,Consumer
ORD103372,2025-07-02,CUST1372,Laptop,Electronics,2,947.08,0.05,1799.45,Delhi,UPI,Corporate
ORD103373,2025-07-24,CUST1373,Notebook,Stationery,4,13.09,0.15,44.51,Mumbai,Credit Card,Consumer
ORD103374,2025-12-29,CUST1374,Laptop,Electronics,3,1363.35,0.0,4090.05,Salem,Credit Card,Consumer
ORD103375,2025-07-14,CUST1375,Blender,Home Appliances,3,44.89,0.0,134.67,Coimbatore,Debit Card,Consumer
ORD103376,2025-11-01,CUST1376,Backpack,Accessories,1,29.07,0.0,29.07,Delhi,Cash,Consumer
ORD103377,2025-01-25,CUST1377,Shoes,Fashion,1,69.4,0.05,65.93,Madurai,Debit Card,Consumer
ORD103378,2025-08-22,CUST1378,Air Fryer,Home Appliances,2,226.21,0.05,429.8,Bengaluru,Net Banking,Consumer
ORD103379,2025-01-16,CUST1379,Headphones,Electronics,1,54.0,0.0,54.0,Chennai,UPI,Home Office
ORD103380,2025-05-21,CUST1380,Office Chair,Furniture,4,310.4,0.15,1055.36,Delhi,Debit Card,Corporate
ORD103381,2025-04-18,CUST1381,Blender,Home Appliances,4,45.17,0.1,162.61,Bengaluru,Debit Card,Consumer
ORD103382,2025-10-27,CUST1382,Laptop,Electronics,4,1141.98,0.1,4111.13,Hyderabad,UPI,Consumer
ORD103383,2025-12-05,CUST1383,Backpack,Accessories,5,55.61,0.05,264.15,Delhi,UPI,Consumer
ORD103384,2025-10-30,CUST1384,Office Chair,Furniture,4,332.45,0.05,1263.31,Delhi,Credit Card,Consumer
ORD103385,2025-03-21,CUST1385,Shoes,Fashion,1,65.05,0.05,61.8,Chennai,Credit Card,Corporate
ORD103386,2025-03-17,CUST1386,Air Fryer,Home Appliances,1,181.45,0.05,172.38,Bengaluru,UPI,Corporate
ORD103387,2025-10-03,CUST1387,Shoes,Fashion,4,65.35,0.0,261.4,Madurai,Debit Card,Corporate
ORD103388,2025-09-25,CUST1388,T-Shirt,Fashion,3,45.68,0.1,123.34,Chennai,Net Banking,Home Office
ORD103389,2025-04-22,CUST1389,Backpack,Accessories,3,107.37,0.05,306.0,Bengaluru,Debit Card,Consumer
ORD103390,2025-11-12,CUST1390,Coffee Maker,Home Appliances,3,66.63,0.0,199.89,Madurai,Net Banking,Consumer
ORD103391,2025-03-16,CUST1391,Laptop,Electronics,2,1373.27,0.0,2746.54,Hyderabad,UPI,Corporate
ORD103392,2025-08-02,CUST1392,Air Fryer,Home Appliances,5,172.78,0.0,863.9,Coimbatore,Net Banking,Corporate
ORD103393,2025-02-03,CUST1393,Headphones,Electronics,4,53.6,0.15,182.24,Chennai,Credit Card,Home Office
ORD103394,2025-05-21,CUST1394,Shoes,Fashion,2,94.13,0.0,188.26,Bengaluru,UPI,Corporate
ORD103395,2025-06-15,CUST1395,Headphones,Electronics,3,61.19,0.15,156.03,Madurai,Cash,Consumer
ORD103396,2025-08-19,CUST1396,Shoes,Fashion,4,135.05,0.05,513.19,Madurai,Net Banking,Home Office
ORD103397,2025-10-19,CUST1397,Laptop,Electronics,2,1270.92,0.15,2160.56,Delhi,Net Banking,Corporate
ORD103398,2025-01-28,CUST1398,Office Chair,Furniture,1,113.85,0.05,108.16,Delhi,Cash,Consumer
ORD103399,2025-10-22,CUST1399,Keyboard,Electronics,3,85.8,0.15,218.79,Bengaluru,Cash,Corporate
ORD103400,2025-11-29,CUST1400,Office Chair,Furniture,2,340.68,0.0,681.36,Mumbai,UPI,Consumer
ORD103401,2025-12-26,CUST1401,Shoes,Fashion,1,170.42,0.05,161.9,Hyderabad,Debit Card,Corporate
ORD103402,2025-04-01,CUST1402,Watch,Fashion,3,173.51,0.0,520.53,Salem,Cash,Home Office
ORD103403,2025-04-25,CUST1403,Notebook,Stationery,5,14.35,0.05,68.16,Salem,Net Banking,Consumer
ORD103404,2025-06-08,CUST1404,Book,Books,3,23.75,0.05,67.69,Madurai,Cash,Home Office
ORD103405,2025-09-15,CUST1405,Keyboard,Electronics,5,71.24,0.1,320.58,Madurai,UPI,Corporate
ORD103406,2025-12-04,CUST1406,Coffee Maker,Home Appliances,5,218.12,0.05,1036.07,Coimbatore,UPI,Corporate
ORD103407,2025-03-31,CUST1407,Keyboard,Electronics,5,84.09,0.0,420.45,Kochi,Net Banking,Consumer
ORD103408,2025-09-02,CUST1408,Notebook,Stationery,4,8.13,0.1,29.27,Madurai,Net Banking,Consumer
ORD103409,2025-10-25,CUST1409,Headphones,Electronics,4,135.32,0.05,514.22,Mumbai,Net Banking,Consumer
ORD103410,2025-01-31,CUST1410,Backpack,Accessories,5,104.68,0.0,523.4,Hyderabad,Debit Card,Consumer
ORD103411,2025-11-13,CUST1411,Headphones,Electronics,1,212.19,0.15,180.36,Salem,Net Banking,Consumer
ORD103412,2025-12-24,CUST1412,Blender,Home Appliances,5,90.53,0.2,362.12,Hyderabad,UPI,Corporate
ORD103413,2025-11-08,CUST1413,Headphones,Electronics,2,99.99,0.15,169.98,Chennai,UPI,Home Office
ORD103414,2025-08-16,CUST1414,Coffee Maker,Home Appliances,5,143.3,0.15,609.02,Madurai,Cash,Consumer
ORD103415,2025-12-05,CUST1415,Watch,Fashion,4,188.92,0.0,755.68,Mumbai,Net Banking,Consumer
ORD103416,2025-05-08,CUST1416,Office Chair,Furniture,4,156.27,0.2,500.06,Bengaluru,Debit Card,Corporate
ORD103417,2025-09-27,CUST1417,Office Chair,Furniture,2,334.07,0.05,634.73,Delhi,Credit Card,Consumer
ORD103418,2025-09-27,CUST1418,Book,Books,2,22.03,0.0,44.06,Madurai,Cash,Home Office
ORD103419,2025-07-28,CUST1419,Desk,Furniture,3,267.02,0.15,680.9,Madurai,Debit Card,Corporate
ORD103420,2025-06-27,CUST1420,Shoes,Fashion,1,46.02,0.0,46.02,Mumbai,Net Banking,Corporate
ORD103421,2025-11-02,CUST1421,Watch,Fashion,1,102.1,0.05,96.99,Kochi,Debit Card,Consumer
ORD103422,2025-07-10,CUST1422,Desk,Furniture,1,574.64,0.0,574.64,Hyderabad,Credit Card,Consumer
ORD103423,2025-12-23,CUST1423,Notebook,Stationery,4,5.97,0.05,22.69,Mumbai,Debit Card,Consumer
ORD103424,2025-03-09,CUST1424,Blender,Home Appliances,1,55.33,0.05,52.56,Pune,Credit Card,Consumer
ORD103425,2025-11-23,CUST1425,Laptop,Electronics,3,987.64,0.05,2814.77,Pune,Credit Card,Corporate
ORD103426,2025-09-24,CUST1426,Notebook,Stationery,3,5.99,0.0,17.97,Pune,Credit Card,Consumer
ORD103427,2025-09-27,CUST1427,Shoes,Fashion,1,35.27,0.05,33.51,Kochi,Debit Card,Consumer
ORD103428,2025-12-28,CUST1428,Shoes,Fashion,2,78.47,0.05,149.09,Mumbai,Net Banking,Corporate
ORD103429,2025-12-26,CUST1429,T-Shirt,Fashion,3,37.21,0.0,111.63,Coimbatore,UPI,Consumer
ORD103430,2025-05-08,CUST1430,T-Shirt,Fashion,2,37.59,0.15,63.9,Madurai,UPI,Consumer
ORD103431,2025-09-21,CUST1431,Smartphone,Electronics,4,588.73,0.05,2237.17,Madurai,Debit Card,Corporate
ORD103432,2025-08-09,CUST1432,Notebook,Stationery,3,7.81,0.15,19.92,Pune,Net Banking,Consumer
ORD103433,2025-08-30,CUST1433,Smartphone,Electronics,2,1167.24,0.0,2334.48,Delhi,UPI,Consumer
ORD103434,2025-09-01,CUST1434,Headphones,Electronics,1,109.9,0.0,109.9,Mumbai,Credit Card,Consumer
ORD103435,2025-01-19,CUST1435,Laptop,Electronics,4,795.32,0.0,3181.28,Mumbai,Debit Card,Consumer
ORD103436,2025-06-04,CUST1436,Keyboard,Electronics,5,51.65,0.05,245.34,Bengaluru,Debit Card,Consumer
ORD103437,2025-08-17,CUST1437,Book,Books,5,21.02,0.0,105.1,Salem,Cash,Consumer
ORD103438,2025-02-27,CUST1438,Keyboard,Electronics,1,118.74,0.05,112.8,Coimbatore,Cash,Consumer
ORD103439,2025-10-08,CUST1439,Book,Books,4,12.21,0.05,46.4,Delhi,Cash,Consumer
ORD103440,2025-02-14,CUST1440,T-Shirt,Fashion,4,45.46,0.0,181.84,Kochi,Net Banking,Consumer
ORD103441,2025-04-12,CUST1441,T-Shirt,Fashion,4,11.06,0.1,39.82,Chennai,Debit Card,Corporate
ORD103442,2025-02-17,CUST1442,T-Shirt,Fashion,4,30.95,0.2,99.04,Kochi,Cash,Consumer
ORD103443,2025-02-19,CUST1443,Watch,Fashion,5,241.72,0.0,1208.6,Kochi,Debit Card,Consumer
ORD103444,2025-03-22,CUST1444,Backpack,Accessories,2,53.87,0.1,96.97,Salem,Credit Card,Consumer
ORD103445,2025-10-27,CUST1445,Book,Books,4,24.73,0.1,89.03,Kochi,Cash,Consumer
ORD103446,2025-02-28,CUST1446,Notebook,Stationery,2,4.66,0.05,8.85,Salem,Debit Card,Corporate
ORD103447,2025-06-10,CUST1447,Smartphone,Electronics,4,954.9,0.15,3246.66,Bengaluru,Net Banking,Corporate
ORD103448,2025-04-13,CUST1448,Watch,Fashion,3,53.59,0.2,128.62,Salem,Net Banking,Home Office
ORD103449,2025-11-30,CUST1449,Office Chair,Furniture,3,352.81,0.05,1005.51,Kochi,Net Banking,Consumer
ORD103450,2025-10-01,CUST1450,Keyboard,Electronics,3,45.77,0.1,123.58,Hyderabad,Cash,Consumer
ORD103451,2025-07-02,CUST1451,Blender,Home Appliances,4,161.16,0.1,580.18,Bengaluru,Net Banking,Corporate
ORD103452,2025-04-26,CUST1452,Coffee Maker,Home Appliances,2,114.03,0.05,216.66,Madurai,UPI,Home Office
ORD103453,2025-12-28,CUST1453,Shoes,Fashion,5,138.4,0.0,692.0,Kochi,Credit Card,Home Office
ORD103454,2025-09-24,CUST1454,Smartphone,Electronics,1,553.26,0.15,470.27,Salem,Debit Card,Home Office
ORD103455,2025-06-13,CUST1455,Desk,Furniture,5,552.96,0.1,2488.32,Chennai,UPI,Home Office
ORD103456,2025-05-23,CUST1456,Air Fryer,Home Appliances,4,84.06,0.0,336.24,Kochi,Cash,Consumer
ORD103457,2025-11-14,CUST1457,Office Chair,Furniture,3,137.13,0.0,411.39,Bengaluru,Debit Card,Consumer
ORD103458,2025-10-31,CUST1458,Notebook,Stationery,3,8.41,0.15,21.45,Salem,Debit Card,Corporate
ORD103459,2025-04-04,CUST1459,Blender,Home Appliances,2,42.29,0.0,84.58,Delhi,Net Banking,Consumer
ORD103460,2025-09-07,CUST1460,Smartphone,Electronics,4,436.18,0.1,1570.25,Mumbai,Debit Card,Consumer
ORD103461,2025-12-09,CUST1461,Coffee Maker,Home Appliances,5,238.19,0.0,1190.95,Kochi,Debit Card,Corporate
ORD103462,2025-11-02,CUST1462,Watch,Fashion,4,293.89,0.0,1175.56,Madurai,Credit Card,Corporate
ORD103463,2025-11-12,CUST1463,Notebook,Stationery,4,6.89,0.0,27.56,Pune,Cash,Corporate
ORD103464,2025-08-28,CUST1464,Laptop,Electronics,3,1427.12,0.05,4067.29,Delhi,UPI,Consumer
ORD103465,2025-02-28,CUST1465,Shoes,Fashion,5,111.72,0.0,558.6,Delhi,Net Banking,Consumer
ORD103466,2025-01-15,CUST1466,Smartphone,Electronics,1,506.26,0.05,480.95,Coimbatore,Credit Card,Home Office
ORD103467,2025-10-12,CUST1467,Backpack,Accessories,3,90.24,0.1,243.65,Mumbai,UPI,Corporate
ORD103468,2025-07-22,CUST1468,T-Shirt,Fashion,5,42.95,0.05,204.01,Kochi,UPI,Consumer
ORD103469,2025-08-25,CUST1469,T-Shirt,Fashion,2,59.46,0.1,107.03,Delhi,Credit Card,Consumer
ORD103470,2025-10-23,CUST1470,Shoes,Fashion,3,69.76,0.05,198.82,Coimbatore,Net Banking,Home Office
ORD103471,2025-10-14,CUST1471,Coffee Maker,Home Appliances,2,181.13,0.05,344.15,Mumbai,Cash,Consumer
ORD103472,2025-03-14,CUST1472,Book,Books,3,6.82,0.05,19.44,Mumbai,Credit Card,Consumer
ORD103473,2025-08-02,CUST1473,Blender,Home Appliances,4,47.05,0.05,178.79,Bengaluru,Credit Card,Consumer
ORD103474,2025-01-11,CUST1474,Watch,Fashion,5,41.02,0.2,164.08,Kochi,Credit Card,Consumer
ORD103475,2025-12-03,CUST1475,T-Shirt,Fashion,2,59.97,0.1,107.95,Madurai,Net Banking,Consumer
ORD103476,2025-08-13,CUST1476,Smartphone,Electronics,3,1012.16,0.0,3036.48,Delhi,Credit Card,Consumer
ORD103477,2025-11-14,CUST1477,Desk,Furniture,2,493.36,0.1,888.05,Delhi,Credit Card,Consumer
ORD103478,2025-07-22,CUST1478,Keyboard,Electronics,3,86.26,0.0,258.78,Chennai,Debit Card,Consumer
ORD103479,2025-08-19,CUST1479,Book,Books,3,15.5,0.0,46.5,Salem,Debit Card,Consumer
ORD103480,2025-02-20,CUST1480,Keyboard,Electronics,1,39.66,0.05,37.68,Chennai,Debit Card,Home Office
ORD103481,2025-02-26,CUST1481,Office Chair,Furniture,1,171.1,0.1,153.99,Delhi,Debit Card,Consumer
ORD103482,2025-05-12,CUST1482,Blender,Home Appliances,1,86.4,0.05,82.08,Kochi,Credit Card,Consumer
ORD103483,2025-10-07,CUST1483,Headphones,Electronics,2,195.17,0.15,331.79,Chennai,Debit Card,Consumer
ORD103484,2025-10-24,CUST1484,Book,Books,4,23.89,0.05,90.78,Madurai,UPI,Consumer
ORD103485,2025-11-01,CUST1485,Laptop,Electronics,3,623.61,0.0,1870.83,Madurai,Cash,Corporate
ORD103486,2025-08-13,CUST1486,Shoes,Fashion,5,32.7,0.2,130.8,Hyderabad,Debit Card,Consumer
ORD103487,2025-06-23,CUST1487,Office Chair,Furniture,1,112.75,0.05,107.11,Hyderabad,Net Banking,Home Office
ORD103488,2025-10-19,CUST1488,Headphones,Electronics,2,117.36,0.15,199.51,Hyderabad,Cash,Consumer
ORD103489,2025-09-23,CUST1489,Watch,Fashion,2,282.63,0.15,480.47,Mumbai,UPI,Home Office
ORD103490,2025-09-04,CUST1490,Book,Books,2,27.31,0.15,46.43,Kochi,Cash,Consumer
ORD103491,2025-03-19,CUST1491,Backpack,Accessories,5,100.18,0.0,500.9,Chennai,Cash,Home Office
ORD103492,2025-05-15,CUST1492,Backpack,Accessories,5,66.64,0.0,333.2,Mumbai,UPI,Corporate
ORD103493,2025-05-20,CUST1493,Laptop,Electronics,1,893.58,0.1,804.22,Chennai,Debit Card,Consumer
ORD103494,2025-12-08,CUST1494,Blender,Home Appliances,5,46.26,0.05,219.74,Kochi,UPI,Consumer
ORD103495,2025-09-10,CUST1495,T-Shirt,Fashion,1,53.8,0.05,51.11,Coimbatore,Net Banking,Consumer
ORD103496,2025-06-25,CUST1496,Notebook,Stationery,5,12.18,0.0,60.9,Pune,UPI,Consumer
ORD103497,2025-03-01,CUST1497,Smartphone,Electronics,5,409.71,0.0,2048.55,Bengaluru,Credit Card,Corporate
ORD103498,2025-12-18,CUST1498,Office Chair,Furniture,5,243.92,0.05,1158.62,Hyderabad,Credit Card,Corporate
ORD103499,2025-09-11,CUST1499,Air Fryer,Home Appliances,1,152.6,0.0,152.6,Kochi,Cash,Consumer
ORD103500,2025-01-08,CUST1500,Book,Books,3,26.88,0.0,80.64,Bengaluru,Debit Card,Consumer
ORD103501,2025-04-17,CUST1501,Office Chair,Furniture,1,382.78,0.0,382.78,Pune,Debit Card,Home Office
ORD103502,2025-06-20,CUST1502,Book,Books,3,25.29,0.0,75.87,Coimbatore,Credit Card,Consumer
ORD103503,2025-02-27,CUST1503,Shoes,Fashion,2,111.03,0.1,199.85,Madurai,Net Banking,Consumer
ORD103504,2025-12-03,CUST1504,Book,Books,2,6.76,0.1,12.17,Delhi,UPI,Consumer
ORD103505,2025-12-08,CUST1505,Shoes,Fashion,1,39.44,0.0,39.44,Bengaluru,UPI,Home Office
ORD103506,2025-10-17,CUST1506,Book,Books,3,11.56,0.0,34.68,Pune,UPI,Corporate
ORD103507,2025-03-25,CUST1507,Backpack,Accessories,3,23.25,0.05,66.26,Mumbai,Net Banking,Consumer
ORD103508,2025-04-27,CUST1508,Backpack,Accessories,3,94.34,0.0,283.02,Kochi,Net Banking,Consumer
ORD103509,2025-07-19,CUST1509,Blender,Home Appliances,2,138.5,0.15,235.45,Kochi,UPI,Consumer
ORD103510,2025-01-22,CUST1510,Coffee Maker,Home Appliances,1,68.57,0.1,61.71,Madurai,UPI,Consumer
ORD103511,2025-08-07,CUST1511,Desk,Furniture,4,518.04,0.15,1761.34,Delhi,Net Banking,Corporate
ORD103512,2025-08-14,CUST1512,Desk,Furniture,3,177.39,0.05,505.56,Hyderabad,UPI,Consumer
ORD103513,2025-09-28,CUST1513,Coffee Maker,Home Appliances,3,103.25,0.05,294.26,Chennai,Net Banking,Consumer
ORD103514,2025-04-12,CUST1514,T-Shirt,Fashion,4,22.45,0.1,80.82,Bengaluru,Cash,Consumer
ORD103515,2025-05-25,CUST1515,Desk,Furniture,1,286.15,0.0,286.15,Mumbai,Credit Card,Consumer
ORD103516,2025-05-27,CUST1516,Blender,Home Appliances,3,68.2,0.0,204.6,Kochi,Credit Card,Home Office
ORD103517,2025-09-18,CUST1517,Air Fryer,Home Appliances,1,152.9,0.0,152.9,Salem,Net Banking,Consumer
ORD103518,2025-10-06,CUST1518,Air Fryer,Home Appliances,3,137.41,0.05,391.62,Chennai,UPI,Consumer
ORD103519,2025-12-05,CUST1519,Smartphone,Electronics,5,1187.24,0.0,5936.2,Mumbai,Credit Card,Home Office
ORD103520,2025-01-14,CUST1520,Smartphone,Electronics,3,303.13,0.0,909.39,Madurai,Debit Card,Consumer
ORD103521,2025-09-23,CUST1521,Air Fryer,Home Appliances,5,87.01,0.1,391.54,Chennai,UPI,Consumer
ORD103522,2025-10-14,CUST1522,Office Chair,Furniture,1,96.9,0.2,77.52,Kochi,Net Banking,Consumer
ORD103523,2025-05-21,CUST1523,Notebook,Stationery,3,10.14,0.0,30.42,Bengaluru,Debit Card,Consumer
ORD103524,2025-10-20,CUST1524,Keyboard,Electronics,2,27.09,0.05,51.47,Kochi,Net Banking,Home Office
ORD103525,2025-01-31,CUST1525,Coffee Maker,Home Appliances,2,215.65,0.0,431.3,Hyderabad,UPI,Consumer
ORD103526,2025-06-20,CUST1526,Smartphone,Electronics,4,736.34,0.15,2503.56,Hyderabad,Cash,Consumer
ORD103527,2025-12-21,CUST1527,Notebook,Stationery,2,8.85,0.0,17.7,Pune,Cash,Corporate
ORD103528,2025-07-24,CUST1528,Notebook,Stationery,5,9.3,0.15,39.52,Mumbai,Cash,Consumer
ORD103529,2025-10-18,CUST1529,Headphones,Electronics,2,63.43,0.0,126.86,Hyderabad,UPI,Home Office
ORD103530,2025-04-21,CUST1530,Backpack,Accessories,2,39.77,0.15,67.61,Pune,UPI,Consumer
ORD103531,2025-03-09,CUST1531,Shoes,Fashion,2,77.82,0.0,155.64,Bengaluru,Debit Card,Consumer
ORD103532,2025-07-02,CUST1532,Blender,Home Appliances,3,119.02,0.0,357.06,Madurai,UPI,Consumer
ORD103533,2025-07-15,CUST1533,Air Fryer,Home Appliances,4,99.92,0.0,399.68,Mumbai,UPI,Consumer
ORD103534,2025-05-06,CUST1534,Desk,Furniture,1,158.17,0.0,158.17,Bengaluru,Debit Card,Consumer
ORD103535,2025-06-24,CUST1535,Coffee Maker,Home Appliances,4,243.72,0.15,828.65,Chennai,Debit Card,Consumer
ORD103536,2025-09-19,CUST1536,Office Chair,Furniture,5,87.03,0.1,391.64,Pune,Net Banking,Consumer
ORD103537,2025-10-13,CUST1537,Air Fryer,Home Appliances,3,212.51,0.05,605.65,Pune,Credit Card,Consumer
ORD103538,2025-06-04,CUST1538,Laptop,Electronics,3,1298.63,0.2,3116.71,Mumbai,Credit Card,Consumer
ORD103539,2025-03-10,CUST1539,Shoes,Fashion,2,74.58,0.05,141.7,Hyderabad,Net Banking,Consumer
ORD103540,2025-04-18,CUST1540,Headphones,Electronics,2,55.52,0.2,88.83,Chennai,Cash,Consumer
ORD103541,2025-02-04,CUST1541,Notebook,Stationery,5,3.89,0.0,19.45,Chennai,UPI,Consumer
ORD103542,2025-12-25,CUST1542,Desk,Furniture,3,448.72,0.15,1144.24,Pune,Debit Card,Consumer
ORD103543,2025-02-13,CUST1543,Headphones,Electronics,1,169.63,0.0,169.63,Salem,Debit Card,Home Office
ORD103544,2025-05-23,CUST1544,Backpack,Accessories,4,98.27,0.05,373.43,Pune,Cash,Consumer
ORD103545,2025-07-30,CUST1545,Air Fryer,Home Appliances,3,238.12,0.05,678.64,Hyderabad,Debit Card,Consumer
ORD103546,2025-10-12,CUST1546,Book,Books,1,29.22,0.05,27.76,Hyderabad,Cash,Consumer
ORD103547,2025-01-06,CUST1547,Backpack,Accessories,1,35.59,0.05,33.81,Hyderabad,Net Banking,Consumer
ORD103548,2025-08-06,CUST1548,Blender,Home Appliances,4,66.52,0.05,252.78,Chennai,Cash,Corporate
ORD103549,2025-01-27,CUST1549,Notebook,Stationery,1,12.95,0.2,10.36,Madurai,Credit Card,Consumer
ORD103550,2025-08-15,CUST1550,T-Shirt,Fashion,5,20.47,0.2,81.88,Coimbatore,Cash,Consumer
ORD103551,2025-10-11,CUST1551,Office Chair,Furniture,1,103.21,0.2,82.57,Kochi,Net Banking,Consumer
ORD103552,2025-02-25,CUST1552,Notebook,Stationery,5,11.14,0.2,44.56,Delhi,Cash,Home Office
ORD103553,2025-11-06,CUST1553,Shoes,Fashion,1,90.38,0.1,81.34,Salem,Net Banking,Consumer
ORD103554,2025-12-02,CUST1554,Watch,Fashion,2,279.21,0.2,446.74,Pune,Credit Card,Consumer
ORD103555,2025-04-15,CUST1555,Watch,Fashion,1,209.07,0.15,177.71,Mumbai,UPI,Consumer
ORD103556,2025-01-18,CUST1556,Shoes,Fashion,5,43.56,0.05,206.91,Delhi,Net Banking,Consumer
ORD103557,2025-07-24,CUST1557,Laptop,Electronics,1,1450.46,0.1,1305.41,Delhi,UPI,Consumer
ORD103558,2025-02-12,CUST1558,Blender,Home Appliances,1,68.78,0.15,58.46,Madurai,Net Banking,Consumer
ORD103559,2025-03-30,CUST1559,Office Chair,Furniture,1,187.91,0.1,169.12,Salem,Cash,Consumer
ORD103560,2025-03-15,CUST1560,Headphones,Electronics,5,115.51,0.05,548.67,Hyderabad,UPI,Consumer
ORD103561,2025-06-06,CUST1561,Laptop,Electronics,1,598.66,0.0,598.66,Mumbai,Net Banking,Consumer
ORD103562,2025-09-23,CUST1562,Keyboard,Electronics,4,84.55,0.15,287.47,Hyderabad,Net Banking,Consumer
ORD103563,2025-05-14,CUST1563,Shoes,Fashion,4,48.5,0.2,155.2,Coimbatore,UPI,Consumer
ORD103564,2025-03-30,CUST1564,Headphones,Electronics,5,115.22,0.05,547.29,Salem,Net Banking,Consumer
ORD103565,2025-08-24,CUST1565,Watch,Fashion,2,131.18,0.0,262.36,Delhi,UPI,Consumer
ORD103566,2025-05-12,CUST1566,Smartphone,Electronics,4,984.2,0.0,3936.8,Mumbai,Credit Card,Consumer
ORD103567,2025-08-17,CUST1567,Coffee Maker,Home Appliances,3,208.67,0.05,594.71,Hyderabad,Debit Card,Consumer
ORD103568,2025-02-03,CUST1568,T-Shirt,Fashion,4,17.67,0.0,70.68,Delhi,Credit Card,Consumer
ORD103569,2025-03-24,CUST1569,Watch,Fashion,3,135.3,0.1,365.31,Mumbai,UPI,Corporate
ORD103570,2025-05-12,CUST1570,Office Chair,Furniture,5,199.47,0.2,797.88,Bengaluru,Cash,Consumer
ORD103571,2025-12-20,CUST1571,Book,Books,2,10.3,0.1,18.54,Chennai,Cash,Home Office
ORD103572,2025-07-23,CUST1572,Backpack,Accessories,3,99.85,0.05,284.57,Delhi,Debit Card,Corporate
ORD103573,2025-10-14,CUST1573,Coffee Maker,Home Appliances,3,188.52,0.15,480.73,Hyderabad,UPI,Corporate
ORD103574,2025-12-02,CUST1574,Coffee Maker,Home Appliances,4,79.98,0.05,303.92,Salem,Net Banking,Consumer
ORD103575,2025-11-12,CUST1575,Smartphone,Electronics,3,598.39,0.0,1795.17,Bengaluru,Credit Card,Corporate
ORD103576,2025-09-15,CUST1576,T-Shirt,Fashion,5,15.29,0.05,72.63,Kochi,Credit Card,Corporate
ORD103577,2025-10-19,CUST1577,Air Fryer,Home Appliances,5,179.36,0.1,807.12,Madurai,Debit Card,Corporate
ORD103578,2025-05-05,CUST1578,T-Shirt,Fashion,5,16.07,0.15,68.3,Pune,Debit Card,Consumer
ORD103579,2025-05-31,CUST1579,Keyboard,Electronics,4,148.17,0.15,503.78,Chennai,Debit Card,Consumer
ORD103580,2025-12-25,CUST1580,Keyboard,Electronics,2,121.49,0.0,242.98,Kochi,Debit Card,Consumer
ORD103581,2025-09-04,CUST1581,Desk,Furniture,4,295.12,0.0,1180.48,Mumbai,Debit Card,Consumer
ORD103582,2025-06-24,CUST1582,Watch,Fashion,5,190.43,0.0,952.15,Salem,Debit Card,Corporate
ORD103583,2025-12-23,CUST1583,Watch,Fashion,4,276.95,0.1,997.02,Pune,Net Banking,Consumer
ORD103584,2025-10-29,CUST1584,Watch,Fashion,5,184.07,0.1,828.32,Mumbai,Net Banking,Consumer
ORD103585,2025-03-21,CUST1585,Desk,Furniture,1,187.25,0.05,177.89,Chennai,Credit Card,Consumer
ORD103586,2025-04-17,CUST1586,Blender,Home Appliances,1,86.81,0.05,82.47,Hyderabad,Credit Card,Consumer
ORD103587,2025-10-27,CUST1587,Laptop,Electronics,3,1350.99,0.2,3242.38,Mumbai,Debit Card,Corporate
ORD103588,2025-11-01,CUST1588,Book,Books,2,27.55,0.15,46.84,Delhi,Credit Card,Home Office
ORD103589,2025-12-10,CUST1589,Book,Books,1,27.78,0.0,27.78,Mumbai,Debit Card,Consumer
ORD103590,2025-02-27,CUST1590,T-Shirt,Fashion,5,53.34,0.1,240.03,Salem,Net Banking,Consumer
ORD103591,2025-04-01,CUST1591,Smartphone,Electronics,4,1099.27,0.1,3957.37,Coimbatore,Cash,Consumer
ORD103592,2025-05-15,CUST1592,Office Chair,Furniture,4,374.33,0.0,1497.32,Coimbatore,Net Banking,Consumer
ORD103593,2025-12-16,CUST1593,T-Shirt,Fashion,3,14.74,0.05,42.01,Bengaluru,UPI,Consumer
ORD103594,2025-06-18,CUST1594,Keyboard,Electronics,4,90.74,0.0,362.96,Madurai,Net Banking,Corporate
ORD103595,2025-11-30,CUST1595,Coffee Maker,Home Appliances,1,195.51,0.0,195.51,Chennai,UPI,Home Office
ORD103596,2025-05-02,CUST1596,Headphones,Electronics,4,195.31,0.1,703.12,Salem,Credit Card,Consumer
ORD103597,2025-08-24,CUST1597,Notebook,Stationery,1,9.89,0.05,9.4,Mumbai,Net Banking,Consumer
ORD103598,2025-03-17,CUST1598,Backpack,Accessories,1,36.68,0.05,34.85,Madurai,Cash,Consumer
ORD103599,2025-11-05,CUST1599,Desk,Furniture,2,498.71,0.05,947.55,Pune,Net Banking,Corporate
ORD103600,2025-01-23,CUST1600,Shoes,Fashion,3,138.02,0.0,414.06,Kochi,Net Banking,Corporate
ORD103601,2025-11-29,CUST1601,Headphones,Electronics,5,44.38,0.1,199.71,Chennai,Net Banking,Consumer
ORD103602,2025-03-14,CUST1602,Office Chair,Furniture,1,228.42,0.05,217.0,Mumbai,Debit Card,Consumer
ORD103603,2025-03-29,CUST1603,Watch,Fashion,3,85.23,0.05,242.91,Madurai,Net Banking,Consumer
ORD103604,2025-04-13,CUST1604,Keyboard,Electronics,5,63.87,0.2,255.48,Coimbatore,Net Banking,Corporate
ORD103605,2025-04-04,CUST1605,Notebook,Stationery,4,2.24,0.0,8.96,Coimbatore,Cash,Consumer
ORD103606,2025-11-12,CUST1606,Air Fryer,Home Appliances,3,136.06,0.1,367.36,Salem,UPI,Home Office
ORD103607,2025-09-23,CUST1607,Keyboard,Electronics,3,91.48,0.05,260.72,Kochi,UPI,Consumer
ORD103608,2025-09-10,CUST1608,Keyboard,Electronics,3,100.55,0.15,256.4,Chennai,Cash,Home Office
ORD103609,2025-12-24,CUST1609,Watch,Fashion,4,212.51,0.15,722.53,Madurai,Credit Card,Consumer
ORD103610,2025-02-27,CUST1610,Shoes,Fashion,4,155.44,0.0,621.76,Salem,Net Banking,Corporate
ORD103611,2025-01-09,CUST1611,Desk,Furniture,3,207.73,0.1,560.87,Madurai,Credit Card,Home Office
ORD103612,2025-01-13,CUST1612,Headphones,Electronics,2,52.11,0.0,104.22,Hyderabad,Cash,Home Office
ORD103613,2025-05-11,CUST1613,Watch,Fashion,1,261.4,0.2,209.12,Chennai,Credit Card,Home Office
ORD103614,2025-08-10,CUST1614,Office Chair,Furniture,4,130.12,0.0,520.48,Bengaluru,UPI,Consumer
ORD103615,2025-11-25,CUST1615,Desk,Furniture,2,587.38,0.15,998.55,Salem,Debit Card,Consumer
ORD103616,2025-06-02,CUST1616,Office Chair,Furniture,4,349.61,0.0,1398.44,Coimbatore,Credit Card,Consumer
ORD103617,2025-03-12,CUST1617,Desk,Furniture,3,350.44,0.1,946.19,Bengaluru,Debit Card,Consumer
ORD103618,2025-12-11,CUST1618,Shoes,Fashion,2,177.21,0.2,283.54,Mumbai,Credit Card,Consumer
ORD103619,2025-01-20,CUST1619,Backpack,Accessories,5,29.74,0.15,126.39,Bengaluru,Cash,Consumer
ORD103620,2025-03-22,CUST1620,Office Chair,Furniture,1,176.98,0.0,176.98,Bengaluru,Debit Card,Corporate
ORD103621,2025-08-16,CUST1621,Watch,Fashion,1,205.94,0.05,195.64,Salem,Credit Card,Consumer
ORD103622,2025-12-12,CUST1622,Desk,Furniture,4,275.0,0.0,1100.0,Delhi,Cash,Corporate
ORD103623,2025-01-19,CUST1623,Book,Books,1,37.49,0.05,35.62,Bengaluru,UPI,Consumer
ORD103624,2025-06-14,CUST1624,Keyboard,Electronics,5,28.53,0.0,142.65,Bengaluru,Net Banking,Corporate
ORD103625,2025-04-17,CUST1625,Blender,Home Appliances,2,112.41,0.0,224.82,Madurai,Cash,Consumer
ORD103626,2025-12-14,CUST1626,T-Shirt,Fashion,2,39.54,0.05,75.13,Chennai,Cash,Consumer
ORD103627,2025-08-02,CUST1627,Air Fryer,Home Appliances,3,184.02,0.0,552.06,Coimbatore,UPI,Consumer
ORD103628,2025-08-27,CUST1628,Keyboard,Electronics,2,53.24,0.05,101.16,Salem,Debit Card,Home Office
ORD103629,2025-05-27,CUST1629,Laptop,Electronics,4,896.34,0.0,3585.36,Kochi,Credit Card,Home Office
ORD103630,2025-06-30,CUST1630,Backpack,Accessories,5,104.37,0.0,521.85,Bengaluru,Debit Card,Consumer
ORD103631,2025-12-02,CUST1631,Backpack,Accessories,3,39.49,0.1,106.62,Pune,Cash,Consumer
ORD103632,2025-07-17,CUST1632,Keyboard,Electronics,4,127.49,0.0,509.96,Chennai,Credit Card,Corporate
ORD103633,2025-10-14,CUST1633,Air Fryer,Home Appliances,4,166.9,0.05,634.22,Kochi,Net Banking,Consumer
ORD103634,2025-02-22,CUST1634,Book,Books,4,31.68,0.05,120.38,Madurai,Net Banking,Consumer
ORD103635,2025-08-28,CUST1635,Headphones,Electronics,1,185.56,0.05,176.28,Kochi,Credit Card,Consumer
ORD103636,2025-10-17,CUST1636,Shoes,Fashion,4,61.13,0.1,220.07,Kochi,Cash,Corporate
ORD103637,2025-10-14,CUST1637,Office Chair,Furniture,1,262.02,0.05,248.92,Kochi,UPI,Consumer
ORD103638,2025-07-07,CUST1638,Watch,Fashion,2,265.61,0.0,531.22,Pune,Debit Card,Consumer
ORD103639,2025-01-06,CUST1639,Backpack,Accessories,1,63.21,0.15,53.73,Chennai,Debit Card,Consumer
ORD103640,2025-10-10,CUST1640,Keyboard,Electronics,4,145.66,0.2,466.11,Kochi,UPI,Home Office
ORD103641,2025-09-20,CUST1641,Keyboard,Electronics,5,78.79,0.0,393.95,Mumbai,UPI,Consumer
ORD103642,2025-02-18,CUST1642,Shoes,Fashion,5,51.42,0.05,244.24,Delhi,Net Banking,Corporate
ORD103643,2025-12-18,CUST1643,Book,Books,2,18.63,0.0,37.26,Hyderabad,UPI,Consumer
ORD103644,2025-07-19,CUST1644,Shoes,Fashion,4,172.76,0.0,691.04,Coimbatore,Credit Card,Consumer
ORD103645,2025-03-01,CUST1645,Smartphone,Electronics,1,553.73,0.0,553.73,Mumbai,Net Banking,Home Office
ORD103646,2025-02-02,CUST1646,Book,Books,5,35.38,0.1,159.21,Bengaluru,Cash,Consumer
ORD103647,2025-10-30,CUST1647,Smartphone,Electronics,3,1087.19,0.0,3261.57,Madurai,Net Banking,Home Office
ORD103648,2025-09-01,CUST1648,Headphones,Electronics,4,103.79,0.15,352.89,Hyderabad,Net Banking,Home Office
ORD103649,2025-06-21,CUST1649,Notebook,Stationery,4,3.08,0.05,11.7,Salem,Debit Card,Corporate
ORD103650,2025-07-26,CUST1650,Blender,Home Appliances,3,138.68,0.0,416.04,Chennai,UPI,Consumer
ORD103651,2025-10-10,CUST1651,Blender,Home Appliances,5,76.73,0.1,345.28,Hyderabad,Credit Card,Corporate
ORD103652,2025-01-22,CUST1652,Headphones,Electronics,3,201.16,0.0,603.48,Bengaluru,UPI,Home Office
ORD103653,2025-02-16,CUST1653,Laptop,Electronics,2,970.52,0.05,1843.99,Bengaluru,Debit Card,Home Office
ORD103654,2025-12-15,CUST1654,Notebook,Stationery,1,8.31,0.05,7.89,Mumbai,UPI,Corporate
ORD103655,2025-06-07,CUST1655,Book,Books,1,32.23,0.0,32.23,Coimbatore,Credit Card,Consumer
ORD103656,2025-09-15,CUST1656,Headphones,Electronics,5,111.03,0.0,555.15,Mumbai,UPI,Corporate
ORD103657,2025-05-23,CUST1657,Desk,Furniture,3,321.56,0.0,964.68,Kochi,Debit Card,Consumer
ORD103658,2025-02-16,CUST1658,Shoes,Fashion,4,86.43,0.0,345.72,Salem,Credit Card,Consumer
ORD103659,2025-01-27,CUST1659,Air Fryer,Home Appliances,4,129.79,0.0,519.16,Madurai,UPI,Consumer
ORD103660,2025-01-27,CUST1660,Blender,Home Appliances,4,108.89,0.2,348.45,Coimbatore,Debit Card,Corporate
ORD103661,2025-05-25,CUST1661,Book,Books,2,33.31,0.0,66.62,Chennai,Debit Card,Consumer
ORD103662,2025-03-16,CUST1662,Watch,Fashion,2,134.06,0.0,268.12,Chennai,Net Banking,Corporate
ORD103663,2025-07-06,CUST1663,Desk,Furniture,4,362.13,0.2,1158.82,Delhi,Credit Card,Consumer
ORD103664,2025-01-10,CUST1664,Office Chair,Furniture,5,294.63,0.1,1325.84,Coimbatore,Credit Card,Consumer
ORD103665,2025-05-01,CUST1665,Notebook,Stationery,2,5.5,0.05,10.45,Coimbatore,UPI,Consumer
ORD103666,2025-10-16,CUST1666,Keyboard,Electronics,2,56.08,0.0,112.16,Chennai,Net Banking,Consumer
ORD103667,2025-06-14,CUST1667,Headphones,Electronics,1,235.02,0.1,211.52,Hyderabad,Credit Card,Consumer
ORD103668,2025-09-21,CUST1668,Air Fryer,Home Appliances,1,197.47,0.0,197.47,Chennai,Debit Card,Home Office
ORD103669,2025-06-10,CUST1669,Keyboard,Electronics,5,95.03,0.1,427.64,Hyderabad,Credit Card,Consumer
ORD103670,2025-11-23,CUST1670,Book,Books,2,27.67,0.2,44.27,Bengaluru,Net Banking,Consumer
ORD103671,2025-10-24,CUST1671,Backpack,Accessories,2,22.93,0.05,43.57,Bengaluru,Cash,Consumer
ORD103672,2025-04-28,CUST1672,Laptop,Electronics,3,1137.2,0.0,3411.6,Madurai,Debit Card,Consumer
ORD103673,2025-11-07,CUST1673,Backpack,Accessories,5,70.95,0.1,319.28,Kochi,Credit Card,Consumer
ORD103674,2025-09-20,CUST1674,Laptop,Electronics,5,1068.46,0.05,5075.18,Salem,Debit Card,Consumer
ORD103675,2025-03-25,CUST1675,Smartphone,Electronics,3,591.45,0.05,1685.63,Madurai,UPI,Consumer
ORD103676,2025-05-26,CUST1676,Notebook,Stationery,3,3.06,0.05,8.72,Coimbatore,Debit Card,Consumer
ORD103677,2025-06-20,CUST1677,Keyboard,Electronics,1,45.13,0.1,40.62,Mumbai,Credit Card,Corporate
ORD103678,2025-11-30,CUST1678,Laptop,Electronics,5,1453.21,0.05,6902.75,Hyderabad,UPI,Consumer
ORD103679,2025-11-05,CUST1679,Coffee Maker,Home Appliances,5,125.83,0.2,503.32,Madurai,UPI,Consumer
ORD103680,2025-01-14,CUST1680,Blender,Home Appliances,3,100.0,0.15,255.0,Bengaluru,UPI,Home Office
ORD103681,2025-05-29,CUST1681,Coffee Maker,Home Appliances,4,51.07,0.0,204.28,Mumbai,Cash,Consumer
ORD103682,2025-09-08,CUST1682,Notebook,Stationery,4,2.49,0.1,8.96,Kochi,Cash,Consumer
ORD103683,2025-02-26,CUST1683,Coffee Maker,Home Appliances,1,190.61,0.0,190.61,Salem,UPI,Corporate
ORD103684,2025-12-13,CUST1684,T-Shirt,Fashion,4,36.9,0.1,132.84,Mumbai,Credit Card,Corporate
ORD103685,2025-10-29,CUST1685,Blender,Home Appliances,4,106.31,0.0,425.24,Madurai,UPI,Consumer
ORD103686,2025-12-13,CUST1686,Desk,Furniture,4,221.56,0.05,841.93,Chennai,UPI,Consumer
ORD103687,2025-05-13,CUST1687,Air Fryer,Home Appliances,2,201.5,0.1,362.7,Delhi,Debit Card,Consumer
ORD103688,2025-06-19,CUST1688,Laptop,Electronics,1,709.82,0.0,709.82,Mumbai,Debit Card,Home Office
ORD103689,2025-04-12,CUST1689,Laptop,Electronics,3,730.44,0.15,1862.62,Madurai,Debit Card,Corporate
ORD103690,2025-04-16,CUST1690,Desk,Furniture,4,330.36,0.1,1189.3,Pune,Net Banking,Consumer
ORD103691,2025-06-20,CUST1691,Keyboard,Electronics,2,57.22,0.05,108.72,Kochi,Debit Card,Consumer
ORD103692,2025-05-08,CUST1692,Keyboard,Electronics,4,52.17,0.05,198.25,Pune,Debit Card,Consumer
ORD103693,2025-09-07,CUST1693,Notebook,Stationery,2,10.39,0.15,17.66,Salem,Credit Card,Consumer
ORD103694,2025-02-01,CUST1694,Coffee Maker,Home Appliances,1,176.7,0.0,176.7,Salem,Cash,Corporate
ORD103695,2025-08-04,CUST1695,Notebook,Stationery,4,12.72,0.1,45.79,Mumbai,Cash,Home Office
ORD103696,2025-09-19,CUST1696,Desk,Furniture,2,308.85,0.1,555.93,Mumbai,Cash,Consumer
ORD103697,2025-11-26,CUST1697,Notebook,Stationery,5,2.95,0.15,12.54,Hyderabad,Net Banking,Corporate
ORD103698,2025-09-01,CUST1698,Book,Books,5,14.58,0.1,65.61,Chennai,UPI,Consumer
ORD103699,2025-10-12,CUST1699,Blender,Home Appliances,2,177.0,0.05,336.3,Madurai,Debit Card,Consumer
ORD103700,2025-10-17,CUST1700,Coffee Maker,Home Appliances,4,165.21,0.15,561.71,Salem,Credit Card,Corporate
ORD103701,2025-09-20,CUST1701,Backpack,Accessories,4,90.97,0.15,309.3,Salem,Net Banking,Consumer
ORD103702,2025-12-03,CUST1702,T-Shirt,Fashion,1,10.37,0.1,9.33,Salem,Cash,Consumer
ORD103703,2025-11-29,CUST1703,Watch,Fashion,1,174.73,0.0,174.73,Salem,Net Banking,Corporate
ORD103704,2025-11-10,CUST1704,Office Chair,Furniture,3,92.01,0.05,262.23,Bengaluru,Credit Card,Consumer
ORD103705,2025-03-26,CUST1705,T-Shirt,Fashion,1,38.46,0.1,34.61,Bengaluru,Net Banking,Home Office
ORD103706,2025-11-25,CUST1706,Keyboard,Electronics,4,139.7,0.05,530.86,Bengaluru,Cash,Consumer
ORD103707,2025-02-14,CUST1707,Air Fryer,Home Appliances,3,244.0,0.0,732.0,Kochi,UPI,Consumer
ORD103708,2025-10-30,CUST1708,Watch,Fashion,1,180.54,0.0,180.54,Delhi,Cash,Consumer
ORD103709,2025-11-29,CUST1709,Smartphone,Electronics,2,685.29,0.05,1302.05,Coimbatore,Cash,Consumer
ORD103710,2025-07-19,CUST1710,Headphones,Electronics,5,237.63,0.0,1188.15,Bengaluru,Cash,Home Office
ORD103711,2025-07-20,CUST1711,Air Fryer,Home Appliances,1,187.99,0.0,187.99,Hyderabad,Net Banking,Consumer
ORD103712,2025-11-25,CUST1712,Coffee Maker,Home Appliances,1,53.63,0.05,50.95,Chennai,Credit Card,Consumer
ORD103713,2025-06-17,CUST1713,Laptop,Electronics,2,992.44,0.1,1786.39,Delhi,Cash,Consumer
ORD103714,2025-08-28,CUST1714,Book,Books,4,13.41,0.05,50.96,Salem,Net Banking,Corporate
ORD103715,2025-10-13,CUST1715,Book,Books,2,21.44,0.0,42.88,Coimbatore,Credit Card,Consumer
ORD103716,2025-07-09,CUST1716,Desk,Furniture,1,327.73,0.0,327.73,Coimbatore,UPI,Consumer
ORD103717,2025-03-12,CUST1717,Air Fryer,Home Appliances,4,170.61,0.05,648.32,Kochi,Cash,Corporate
ORD103718,2025-05-25,CUST1718,Desk,Furniture,3,278.39,0.1,751.65,Hyderabad,Debit Card,Consumer
ORD103719,2025-12-25,CUST1719,Laptop,Electronics,1,706.06,0.1,635.45,Coimbatore,Net Banking,Home Office
ORD103720,2025-07-28,CUST1720,Coffee Maker,Home Appliances,2,145.78,0.0,291.56,Pune,UPI,Corporate
ORD103721,2025-12-26,CUST1721,Air Fryer,Home Appliances,3,217.74,0.05,620.56,Madurai,UPI,Consumer
ORD103722,2025-07-27,CUST1722,Headphones,Electronics,5,174.4,0.15,741.2,Salem,UPI,Corporate
ORD103723,2025-08-10,CUST1723,Office Chair,Furniture,3,188.28,0.0,564.84,Pune,Net Banking,Corporate
ORD103724,2025-10-14,CUST1724,Headphones,Electronics,2,235.49,0.05,447.43,Coimbatore,Credit Card,Home Office
ORD103725,2025-06-12,CUST1725,Watch,Fashion,3,277.17,0.05,789.93,Coimbatore,Debit Card,Consumer
ORD103726,2025-12-31,CUST1726,Headphones,Electronics,2,72.1,0.0,144.2,Coimbatore,Credit Card,Corporate
ORD103727,2025-03-13,CUST1727,Book,Books,1,6.38,0.0,6.38,Kochi,Cash,Consumer
ORD103728,2025-08-28,CUST1728,Watch,Fashion,4,232.74,0.05,884.41,Pune,Debit Card,Consumer
ORD103729,2025-05-07,CUST1729,Headphones,Electronics,5,211.21,0.0,1056.05,Bengaluru,Credit Card,Corporate
ORD103730,2025-03-26,CUST1730,Office Chair,Furniture,4,389.72,0.0,1558.88,Bengaluru,Cash,Corporate
ORD103731,2025-01-15,CUST1731,Air Fryer,Home Appliances,4,229.07,0.0,916.28,Bengaluru,Debit Card,Consumer
ORD103732,2025-09-05,CUST1732,Office Chair,Furniture,4,272.17,0.0,1088.68,Chennai,Net Banking,Consumer
ORD103733,2025-11-08,CUST1733,Keyboard,Electronics,2,88.91,0.05,168.93,Hyderabad,Cash,Corporate
ORD103734,2025-10-10,CUST1734,Laptop,Electronics,2,576.45,0.0,1152.9,Pune,Credit Card,Home Office
ORD103735,2025-01-02,CUST1735,Office Chair,Furniture,5,158.93,0.0,794.65,Madurai,Debit Card,Consumer
ORD103736,2025-03-15,CUST1736,Watch,Fashion,2,159.5,0.1,287.1,Bengaluru,Cash,Consumer
ORD103737,2025-03-05,CUST1737,Office Chair,Furniture,2,281.12,0.1,506.02,Salem,Cash,Corporate
ORD103738,2025-09-18,CUST1738,Keyboard,Electronics,2,92.44,0.05,175.64,Pune,Net Banking,Consumer
ORD103739,2025-12-13,CUST1739,Desk,Furniture,2,471.32,0.0,942.64,Hyderabad,Cash,Consumer
ORD103740,2025-11-20,CUST1740,Watch,Fashion,1,112.74,0.1,101.47,Coimbatore,Debit Card,Consumer
ORD103741,2025-08-27,CUST1741,Keyboard,Electronics,5,93.44,0.0,467.2,Mumbai,UPI,Consumer
ORD103742,2025-12-03,CUST1742,Book,Books,2,8.08,0.0,16.16,Kochi,Debit Card,Consumer
ORD103743,2025-12-07,CUST1743,Backpack,Accessories,5,61.37,0.1,276.16,Bengaluru,Debit Card,Home Office
ORD103744,2025-10-06,CUST1744,Backpack,Accessories,3,95.02,0.15,242.3,Salem,Net Banking,Consumer
ORD103745,2025-12-19,CUST1745,Smartphone,Electronics,1,908.73,0.05,863.29,Hyderabad,Net Banking,Consumer
ORD103746,2025-07-20,CUST1746,Headphones,Electronics,2,247.89,0.0,495.78,Bengaluru,Cash,Consumer
ORD103747,2025-10-20,CUST1747,Laptop,Electronics,1,814.0,0.15,691.9,Salem,Net Banking,Consumer
ORD103748,2025-10-13,CUST1748,Shoes,Fashion,1,104.73,0.0,104.73,Kochi,Cash,Consumer
ORD103749,2025-08-09,CUST1749,T-Shirt,Fashion,3,26.48,0.15,67.52,Salem,UPI,Consumer
ORD103750,2025-06-11,CUST1750,Keyboard,Electronics,5,77.28,0.05,367.08,Kochi,Credit Card,Corporate
ORD103751,2025-07-02,CUST1751,Desk,Furniture,1,528.48,0.05,502.06,Hyderabad,Net Banking,Corporate
ORD103752,2025-09-22,CUST1752,T-Shirt,Fashion,4,44.21,0.05,168.0,Chennai,Net Banking,Consumer
ORD103753,2025-05-12,CUST1753,Desk,Furniture,3,541.22,0.2,1298.93,Bengaluru,UPI,Consumer
ORD103754,2025-11-18,CUST1754,Book,Books,4,12.12,0.15,41.21,Bengaluru,Net Banking,Consumer
ORD103755,2025-04-30,CUST1755,Blender,Home Appliances,3,161.0,0.05,458.85,Hyderabad,UPI,Consumer
ORD103756,2025-08-07,CUST1756,Blender,Home Appliances,4,38.96,0.1,140.26,Chennai,Cash,Consumer
ORD103757,2025-06-09,CUST1757,Blender,Home Appliances,4,163.29,0.05,620.5,Chennai,Net Banking,Corporate
ORD103758,2025-10-27,CUST1758,T-Shirt,Fashion,1,26.45,0.1,23.8,Bengaluru,Net Banking,Consumer
ORD103759,2025-04-19,CUST1759,Notebook,Stationery,1,6.09,0.15,5.18,Coimbatore,Cash,Home Office
ORD103760,2025-08-26,CUST1760,Keyboard,Electronics,3,86.57,0.0,259.71,Kochi,Net Banking,Consumer
ORD103761,2025-10-20,CUST1761,Shoes,Fashion,5,171.1,0.0,855.5,Delhi,Debit Card,Corporate
ORD103762,2025-03-08,CUST1762,T-Shirt,Fashion,1,12.39,0.2,9.91,Bengaluru,UPI,Consumer
ORD103763,2025-11-12,CUST1763,Keyboard,Electronics,1,65.79,0.15,55.92,Coimbatore,Credit Card,Consumer
ORD103764,2025-07-06,CUST1764,Office Chair,Furniture,2,354.1,0.0,708.2,Bengaluru,Debit Card,Corporate
ORD103765,2025-02-05,CUST1765,Book,Books,1,18.86,0.0,18.86,Coimbatore,Credit Card,Corporate
ORD103766,2025-02-18,CUST1766,Shoes,Fashion,5,59.87,0.2,239.48,Bengaluru,Debit Card,Consumer
ORD103767,2025-09-13,CUST1767,Blender,Home Appliances,2,93.72,0.05,178.07,Hyderabad,Debit Card,Corporate
ORD103768,2025-04-17,CUST1768,Watch,Fashion,4,140.24,0.05,532.91,Delhi,Debit Card,Consumer
ORD103769,2025-01-08,CUST1769,Book,Books,4,37.04,0.0,148.16,Pune,UPI,Consumer
ORD103770,2025-08-24,CUST1770,Desk,Furniture,2,480.97,0.15,817.65,Pune,Credit Card,Consumer
ORD103771,2025-06-27,CUST1771,Blender,Home Appliances,2,105.77,0.0,211.54,Madurai,Cash,Corporate
ORD103772,2025-08-30,CUST1772,Backpack,Accessories,2,118.84,0.0,237.68,Kochi,Cash,Consumer
ORD103773,2025-02-10,CUST1773,Headphones,Electronics,3,129.69,0.0,389.07,Hyderabad,Net Banking,Corporate
ORD103774,2025-12-23,CUST1774,Backpack,Accessories,5,25.82,0.15,109.73,Delhi,UPI,Consumer
ORD103775,2025-09-02,CUST1775,Blender,Home Appliances,5,69.34,0.1,312.03,Coimbatore,UPI,Consumer
ORD103776,2025-04-23,CUST1776,Book,Books,4,20.26,0.1,72.94,Kochi,UPI,Consumer
ORD103777,2025-12-31,CUST1777,Shoes,Fashion,4,53.54,0.05,203.45,Delhi,Debit Card,Consumer
ORD103778,2025-09-13,CUST1778,Watch,Fashion,4,286.37,0.15,973.66,Chennai,UPI,Consumer
ORD103779,2025-06-15,CUST1779,Desk,Furniture,1,483.42,0.1,435.08,Kochi,Cash,Consumer
ORD103780,2025-12-08,CUST1780,Notebook,Stationery,4,5.49,0.1,19.76,Hyderabad,UPI,Consumer
ORD103781,2025-03-19,CUST1781,Watch,Fashion,2,193.61,0.2,309.78,Madurai,Debit Card,Home Office
ORD103782,2025-07-26,CUST1782,T-Shirt,Fashion,4,46.07,0.05,175.07,Hyderabad,Credit Card,Consumer
ORD103783,2025-11-07,CUST1783,Air Fryer,Home Appliances,2,238.84,0.1,429.91,Coimbatore,UPI,Consumer
ORD103784,2025-07-15,CUST1784,Desk,Furniture,3,540.82,0.15,1379.09,Pune,Credit Card,Corporate
ORD103785,2025-11-17,CUST1785,Blender,Home Appliances,1,107.28,0.1,96.55,Salem,Net Banking,Consumer
ORD103786,2025-03-05,CUST1786,T-Shirt,Fashion,1,48.73,0.05,46.29,Mumbai,Debit Card,Consumer
ORD103787,2025-05-20,CUST1787,Air Fryer,Home Appliances,5,166.81,0.0,834.05,Salem,UPI,Consumer
ORD103788,2025-02-11,CUST1788,Keyboard,Electronics,3,91.85,0.1,247.99,Mumbai,Net Banking,Consumer
ORD103789,2025-11-02,CUST1789,Shoes,Fashion,2,47.21,0.05,89.7,Hyderabad,Net Banking,Consumer
ORD103790,2025-07-28,CUST1790,Coffee Maker,Home Appliances,3,66.49,0.0,199.47,Delhi,Credit Card,Consumer
ORD103791,2025-10-31,CUST1791,Keyboard,Electronics,1,88.84,0.15,75.51,Coimbatore,Cash,Consumer
ORD103792,2025-03-14,CUST1792,Smartphone,Electronics,2,505.42,0.0,1010.84,Bengaluru,Cash,Consumer
ORD103793,2025-06-02,CUST1793,Watch,Fashion,3,45.47,0.05,129.59,Pune,Cash,Consumer
ORD103794,2025-05-15,CUST1794,Coffee Maker,Home Appliances,1,191.8,0.1,172.62,Kochi,Cash,Consumer
ORD103795,2025-12-28,CUST1795,T-Shirt,Fashion,2,11.62,0.05,22.08,Madurai,Debit Card,Consumer
ORD103796,2025-09-21,CUST1796,Office Chair,Furniture,2,270.49,0.0,540.98,Coimbatore,UPI,Consumer
ORD103797,2025-08-04,CUST1797,Keyboard,Electronics,1,90.1,0.05,85.59,Hyderabad,UPI,Corporate
ORD103798,2025-07-28,CUST1798,Smartphone,Electronics,2,1170.37,0.0,2340.74,Chennai,Debit Card,Home Office
ORD103799,2025-07-23,CUST1799,Laptop,Electronics,1,1010.0,0.0,1010.0,Chennai,Credit Card,Corporate
ORD103800,2025-04-20,CUST1800,Coffee Maker,Home Appliances,4,53.36,0.0,213.44,Coimbatore,UPI,Corporate
ORD103801,2025-01-31,CUST1801,Backpack,Accessories,4,75.17,0.0,300.68,Mumbai,Net Banking,Consumer
ORD103802,2025-01-12,CUST1802,Desk,Furniture,2,520.55,0.0,1041.1,Chennai,UPI,Consumer
ORD103803,2025-05-07,CUST1803,Notebook,Stationery,2,14.96,0.05,28.42,Hyderabad,Debit Card,Consumer
ORD103804,2025-11-09,CUST1804,Notebook,Stationery,1,7.59,0.15,6.45,Madurai,Credit Card,Consumer
ORD103805,2025-07-13,CUST1805,Smartphone,Electronics,2,554.28,0.05,1053.13,Bengaluru,UPI,Consumer
ORD103806,2025-05-20,CUST1806,Shoes,Fashion,5,166.0,0.1,747.0,Kochi,Debit Card,Consumer
ORD103807,2025-01-27,CUST1807,Coffee Maker,Home Appliances,4,80.16,0.05,304.61,Salem,Net Banking,Home Office
ORD103808,2025-02-15,CUST1808,Keyboard,Electronics,2,100.01,0.1,180.02,Delhi,Cash,Home Office
ORD103809,2025-05-15,CUST1809,Shoes,Fashion,2,90.86,0.1,163.55,Salem,Net Banking,Consumer
ORD103810,2025-11-13,CUST1810,Notebook,Stationery,3,2.53,0.05,7.21,Mumbai,Net Banking,Consumer
ORD103811,2025-02-27,CUST1811,Backpack,Accessories,2,54.73,0.0,109.46,Chennai,Credit Card,Consumer
ORD103812,2025-01-13,CUST1812,Office Chair,Furniture,5,164.87,0.0,824.35,Bengaluru,UPI,Corporate
ORD103813,2025-04-10,CUST1813,Watch,Fashion,4,218.38,0.1,786.17,Kochi,Cash,Consumer
ORD103814,2025-02-18,CUST1814,Watch,Fashion,3,286.69,0.05,817.07,Madurai,Debit Card,Consumer
ORD103815,2025-10-18,CUST1815,Blender,Home Appliances,1,70.21,0.15,59.68,Pune,Cash,Corporate
ORD103816,2025-04-04,CUST1816,Shoes,Fashion,1,151.72,0.0,151.72,Coimbatore,UPI,Consumer
ORD103817,2025-04-05,CUST1817,Book,Books,4,6.94,0.0,27.76,Delhi,Credit Card,Consumer
ORD103818,2025-05-25,CUST1818,T-Shirt,Fashion,1,36.91,0.05,35.06,Pune,UPI,Consumer
ORD103819,2025-03-13,CUST1819,Office Chair,Furniture,5,102.58,0.15,435.96,Delhi,Debit Card,Home Office
ORD103820,2025-01-10,CUST1820,Watch,Fashion,2,282.85,0.05,537.42,Salem,Cash,Corporate
ORD103821,2025-06-11,CUST1821,Office Chair,Furniture,4,325.23,0.1,1170.83,Chennai,Net Banking,Consumer
ORD103822,2025-08-02,CUST1822,Smartphone,Electronics,3,875.05,0.0,2625.15,Madurai,UPI,Consumer
ORD103823,2025-01-04,CUST1823,Office Chair,Furniture,2,343.65,0.05,652.93,Bengaluru,Credit Card,Consumer
ORD103824,2025-08-12,CUST1824,Headphones,Electronics,1,170.69,0.1,153.62,Delhi,Credit Card,Corporate
ORD103825,2025-01-29,CUST1825,Backpack,Accessories,1,116.89,0.15,99.36,Delhi,Cash,Consumer
ORD103826,2025-10-29,CUST1826,Watch,Fashion,3,225.63,0.0,676.89,Kochi,Net Banking,Consumer
ORD103827,2025-07-22,CUST1827,Office Chair,Furniture,5,375.89,0.05,1785.48,Hyderabad,Debit Card,Consumer
ORD103828,2025-03-18,CUST1828,Shoes,Fashion,3,107.57,0.1,290.44,Delhi,Net Banking,Consumer
ORD103829,2025-02-28,CUST1829,Laptop,Electronics,4,661.21,0.0,2644.84,Coimbatore,Cash,Consumer
ORD103830,2025-07-15,CUST1830,Headphones,Electronics,3,143.84,0.1,388.37,Madurai,Net Banking,Consumer
ORD103831,2025-11-18,CUST1831,Headphones,Electronics,1,53.55,0.05,50.87,Madurai,Cash,Consumer
ORD103832,2025-04-17,CUST1832,T-Shirt,Fashion,5,39.62,0.0,198.1,Pune,Net Banking,Home Office
ORD103833,2025-12-08,CUST1833,Office Chair,Furniture,5,234.4,0.15,996.2,Coimbatore,UPI,Consumer
ORD103834,2025-01-09,CUST1834,Blender,Home Appliances,3,123.39,0.0,370.17,Bengaluru,Credit Card,Consumer
ORD103835,2025-01-20,CUST1835,T-Shirt,Fashion,4,10.5,0.2,33.6,Mumbai,Cash,Corporate
ORD103836,2025-05-29,CUST1836,Air Fryer,Home Appliances,1,97.02,0.15,82.47,Hyderabad,Cash,Consumer
ORD103837,2025-01-17,CUST1837,T-Shirt,Fashion,2,34.57,0.1,62.23,Mumbai,Credit Card,Consumer
ORD103838,2025-01-12,CUST1838,Laptop,Electronics,5,1452.98,0.0,7264.9,Pune,Debit Card,Consumer
ORD103839,2025-03-23,CUST1839,Smartphone,Electronics,3,614.43,0.15,1566.8,Madurai,Cash,Corporate
ORD103840,2025-03-08,CUST1840,Office Chair,Furniture,4,215.8,0.1,776.88,Coimbatore,UPI,Corporate
ORD103841,2025-05-13,CUST1841,Keyboard,Electronics,4,112.91,0.0,451.64,Mumbai,Net Banking,Consumer
ORD103842,2025-02-22,CUST1842,Notebook,Stationery,1,9.85,0.05,9.36,Bengaluru,UPI,Corporate
ORD103843,2025-07-25,CUST1843,Watch,Fashion,5,117.72,0.0,588.6,Bengaluru,Cash,Home Office
ORD103844,2025-08-21,CUST1844,T-Shirt,Fashion,1,30.54,0.2,24.43,Chennai,Debit Card,Consumer
ORD103845,2025-02-23,CUST1845,Backpack,Accessories,2,41.77,0.15,71.01,Delhi,Cash,Consumer
ORD103846,2025-03-09,CUST1846,Desk,Furniture,2,583.01,0.15,991.12,Delhi,Debit Card,Consumer
ORD103847,2025-10-18,CUST1847,Backpack,Accessories,2,33.06,0.1,59.51,Bengaluru,Credit Card,Consumer
ORD103848,2025-12-10,CUST1848,Laptop,Electronics,4,903.24,0.05,3432.31,Coimbatore,Net Banking,Consumer
ORD103849,2025-06-18,CUST1849,Laptop,Electronics,5,574.55,0.0,2872.75,Pune,UPI,Corporate
ORD103850,2025-06-10,CUST1850,Shoes,Fashion,1,63.27,0.0,63.27,Chennai,Debit Card,Consumer
ORD103851,2025-01-15,CUST1851,Air Fryer,Home Appliances,1,208.29,0.0,208.29,Kochi,UPI,Consumer
ORD103852,2025-07-10,CUST1852,Air Fryer,Home Appliances,2,98.22,0.05,186.62,Bengaluru,Credit Card,Consumer
ORD103853,2025-01-15,CUST1853,Smartphone,Electronics,5,326.06,0.15,1385.76,Coimbatore,Cash,Consumer
ORD103854,2025-10-14,CUST1854,Blender,Home Appliances,5,101.17,0.2,404.68,Salem,Debit Card,Corporate
ORD103855,2025-12-29,CUST1855,Watch,Fashion,3,42.59,0.0,127.77,Madurai,Net Banking,Consumer
ORD103856,2025-01-10,CUST1856,Coffee Maker,Home Appliances,5,57.8,0.1,260.1,Mumbai,Debit Card,Consumer
ORD103857,2025-02-26,CUST1857,T-Shirt,Fashion,5,50.38,0.05,239.3,Coimbatore,Cash,Consumer
ORD103858,2025-07-18,CUST1858,Backpack,Accessories,1,97.15,0.05,92.29,Salem,Cash,Consumer
ORD103859,2025-06-10,CUST1859,Desk,Furniture,5,557.57,0.1,2509.07,Delhi,Net Banking,Consumer
ORD103860,2025-09-20,CUST1860,Laptop,Electronics,5,1361.79,0.05,6468.5,Salem,Net Banking,Corporate
ORD103861,2025-09-10,CUST1861,Laptop,Electronics,1,1199.02,0.15,1019.17,Bengaluru,Credit Card,Consumer
ORD103862,2025-04-29,CUST1862,Smartphone,Electronics,5,299.72,0.1,1348.74,Hyderabad,UPI,Consumer
ORD103863,2025-03-21,CUST1863,Desk,Furniture,1,491.42,0.1,442.28,Kochi,Debit Card,Consumer
ORD103864,2025-05-04,CUST1864,Book,Books,3,34.59,0.0,103.77,Mumbai,Credit Card,Corporate
ORD103865,2025-11-09,CUST1865,Desk,Furniture,4,499.54,0.0,1998.16,Delhi,UPI,Consumer
ORD103866,2025-03-13,CUST1866,Smartphone,Electronics,1,733.06,0.05,696.41,Salem,Credit Card,Home Office
ORD103867,2025-06-17,CUST1867,Laptop,Electronics,1,771.26,0.1,694.13,Hyderabad,Net Banking,Consumer
ORD103868,2025-10-11,CUST1868,Watch,Fashion,5,259.79,0.15,1104.11,Delhi,Net Banking,Consumer
ORD103869,2025-02-05,CUST1869,Office Chair,Furniture,1,312.69,0.05,297.06,Bengaluru,Cash,Consumer
ORD103870,2025-11-08,CUST1870,Office Chair,Furniture,2,393.84,0.1,708.91,Salem,Debit Card,Corporate
ORD103871,2025-06-24,CUST1871,Smartphone,Electronics,2,397.91,0.05,756.03,Coimbatore,Debit Card,Consumer
ORD103872,2025-07-18,CUST1872,Desk,Furniture,3,212.83,0.0,638.49,Delhi,Debit Card,Consumer
ORD103873,2025-04-26,CUST1873,T-Shirt,Fashion,1,20.59,0.1,18.53,Coimbatore,Credit Card,Consumer
ORD103874,2025-11-11,CUST1874,Smartphone,Electronics,5,1002.91,0.1,4513.1,Salem,Credit Card,Corporate
ORD103875,2025-08-08,CUST1875,Watch,Fashion,5,88.6,0.0,443.0,Bengaluru,Debit Card,Consumer
ORD103876,2025-03-07,CUST1876,Smartphone,Electronics,4,313.33,0.0,1253.32,Kochi,Cash,Corporate
ORD103877,2025-09-22,CUST1877,Headphones,Electronics,3,249.68,0.05,711.59,Pune,UPI,Home Office
ORD103878,2025-05-14,CUST1878,Air Fryer,Home Appliances,5,64.72,0.0,323.6,Kochi,Credit Card,Consumer
ORD103879,2025-04-29,CUST1879,Backpack,Accessories,4,103.52,0.15,351.97,Salem,Debit Card,Home Office
ORD103880,2025-05-02,CUST1880,Desk,Furniture,5,282.68,0.05,1342.73,Salem,Net Banking,Consumer
ORD103881,2025-11-17,CUST1881,Blender,Home Appliances,4,156.24,0.0,624.96,Chennai,Credit Card,Corporate
ORD103882,2025-03-28,CUST1882,Shoes,Fashion,2,113.19,0.0,226.38,Salem,UPI,Home Office
ORD103883,2025-10-16,CUST1883,Notebook,Stationery,2,13.72,0.2,21.95,Pune,Credit Card,Home Office
ORD103884,2025-05-17,CUST1884,Shoes,Fashion,5,168.93,0.1,760.18,Hyderabad,UPI,Consumer
ORD103885,2025-02-22,CUST1885,Desk,Furniture,3,104.55,0.1,282.28,Coimbatore,UPI,Home Office
ORD103886,2025-07-24,CUST1886,Blender,Home Appliances,1,41.31,0.0,41.31,Bengaluru,Credit Card,Consumer
ORD103887,2025-12-14,CUST1887,Coffee Maker,Home Appliances,3,92.58,0.15,236.08,Mumbai,UPI,Consumer
ORD103888,2025-02-20,CUST1888,Watch,Fashion,3,214.02,0.05,609.96,Salem,Credit Card,Consumer
ORD103889,2025-11-23,CUST1889,Headphones,Electronics,1,224.86,0.1,202.37,Kochi,Credit Card,Consumer
ORD103890,2025-02-09,CUST1890,Headphones,Electronics,2,128.49,0.2,205.58,Chennai,Cash,Corporate
ORD103891,2025-09-07,CUST1891,Notebook,Stationery,2,9.89,0.0,19.78,Chennai,Net Banking,Consumer
ORD103892,2025-08-06,CUST1892,Laptop,Electronics,1,729.07,0.05,692.62,Kochi,UPI,Home Office
ORD103893,2025-06-28,CUST1893,Backpack,Accessories,4,100.5,0.0,402.0,Madurai,Credit Card,Consumer
ORD103894,2025-02-08,CUST1894,Office Chair,Furniture,3,389.54,0.05,1110.19,Salem,UPI,Home Office
ORD103895,2025-07-02,CUST1895,Keyboard,Electronics,5,54.92,0.0,274.6,Coimbatore,Credit Card,Corporate
ORD103896,2025-08-12,CUST1896,Watch,Fashion,2,168.65,0.15,286.7,Chennai,Credit Card,Corporate
ORD103897,2025-06-13,CUST1897,Notebook,Stationery,5,3.12,0.05,14.82,Hyderabad,Credit Card,Consumer
ORD103898,2025-08-22,CUST1898,Keyboard,Electronics,1,92.69,0.1,83.42,Bengaluru,Net Banking,Consumer
ORD103899,2025-07-12,CUST1899,Book,Books,5,22.6,0.15,96.05,Coimbatore,UPI,Consumer
ORD103900,2025-03-26,CUST1900,Keyboard,Electronics,5,38.78,0.2,155.12,Hyderabad,Net Banking,Consumer
ORD103901,2025-08-31,CUST1901,Desk,Furniture,3,321.03,0.05,914.94,Chennai,Net Banking,Consumer
ORD103902,2025-06-22,CUST1902,Notebook,Stationery,1,6.34,0.05,6.02,Salem,Net Banking,Consumer
ORD103903,2025-02-06,CUST1903,Shoes,Fashion,5,108.27,0.0,541.35,Mumbai,Net Banking,Consumer
ORD103904,2025-03-28,CUST1904,Shoes,Fashion,2,117.85,0.0,235.7,Coimbatore,Cash,Consumer
ORD103905,2025-05-09,CUST1905,Office Chair,Furniture,1,82.72,0.1,74.45,Kochi,UPI,Consumer
ORD103906,2025-07-13,CUST1906,Notebook,Stationery,2,11.89,0.0,23.78,Salem,UPI,Consumer
ORD103907,2025-11-15,CUST1907,Desk,Furniture,4,456.51,0.05,1734.74,Chennai,Credit Card,Consumer
ORD103908,2025-02-12,CUST1908,Keyboard,Electronics,5,67.62,0.0,338.1,Bengaluru,UPI,Consumer
ORD103909,2025-12-22,CUST1909,Blender,Home Appliances,1,37.94,0.1,34.15,Bengaluru,Net Banking,Home Office
ORD103910,2025-06-08,CUST1910,Book,Books,2,31.42,0.05,59.7,Hyderabad,Debit Card,Consumer
ORD103911,2025-04-15,CUST1911,Coffee Maker,Home Appliances,5,240.59,0.0,1202.95,Pune,UPI,Consumer
ORD103912,2025-08-17,CUST1912,Air Fryer,Home Appliances,3,105.63,0.0,316.89,Madurai,Debit Card,Consumer
ORD103913,2025-08-05,CUST1913,T-Shirt,Fashion,2,26.18,0.05,49.74,Bengaluru,Cash,Home Office
ORD103914,2025-09-21,CUST1914,Shoes,Fashion,2,57.57,0.1,103.63,Coimbatore,Credit Card,Consumer
ORD103915,2025-02-18,CUST1915,Watch,Fashion,4,190.0,0.05,722.0,Salem,Credit Card,Consumer
ORD103916,2025-12-18,CUST1916,Blender,Home Appliances,3,53.23,0.15,135.74,Coimbatore,Credit Card,Consumer
ORD103917,2025-05-03,CUST1917,Watch,Fashion,4,132.61,0.0,530.44,Delhi,Cash,Consumer
ORD103918,2025-10-30,CUST1918,Laptop,Electronics,3,1212.16,0.0,3636.48,Mumbai,Net Banking,Consumer
ORD103919,2025-01-25,CUST1919,Notebook,Stationery,2,9.28,0.0,18.56,Salem,Debit Card,Corporate
ORD103920,2025-05-11,CUST1920,Smartphone,Electronics,4,617.14,0.05,2345.13,Pune,UPI,Corporate
ORD103921,2025-08-12,CUST1921,T-Shirt,Fashion,5,31.01,0.1,139.55,Pune,Net Banking,Consumer
ORD103922,2025-04-09,CUST1922,Shoes,Fashion,3,114.32,0.0,342.96,Bengaluru,Credit Card,Consumer
ORD103923,2025-12-18,CUST1923,Book,Books,2,5.21,0.1,9.38,Pune,Credit Card,Consumer
ORD103924,2025-10-17,CUST1924,Headphones,Electronics,1,42.66,0.05,40.53,Madurai,Net Banking,Corporate
ORD103925,2025-07-16,CUST1925,Shoes,Fashion,3,162.19,0.2,389.26,Kochi,Debit Card,Corporate
ORD103926,2025-04-19,CUST1926,Blender,Home Appliances,3,41.68,0.1,112.54,Bengaluru,Net Banking,Home Office
ORD103927,2025-12-14,CUST1927,Laptop,Electronics,5,1221.46,0.1,5496.57,Salem,Cash,Consumer
ORD103928,2025-08-08,CUST1928,Watch,Fashion,3,279.21,0.05,795.75,Mumbai,Credit Card,Corporate
ORD103929,2025-09-21,CUST1929,Keyboard,Electronics,3,55.19,0.2,132.46,Kochi,Debit Card,Home Office
ORD103930,2025-07-27,CUST1930,Headphones,Electronics,5,108.36,0.2,433.44,Chennai,UPI,Corporate
ORD103931,2025-11-15,CUST1931,Desk,Furniture,5,384.46,0.05,1826.18,Pune,Credit Card,Consumer
ORD103932,2025-03-23,CUST1932,Backpack,Accessories,4,108.17,0.05,411.05,Salem,Net Banking,Consumer
ORD103933,2025-01-25,CUST1933,Keyboard,Electronics,2,142.45,0.05,270.65,Salem,Debit Card,Corporate
ORD103934,2025-07-05,CUST1934,Backpack,Accessories,2,93.96,0.05,178.52,Pune,Credit Card,Consumer
ORD103935,2025-01-08,CUST1935,T-Shirt,Fashion,4,14.33,0.05,54.45,Kochi,UPI,Consumer
ORD103936,2025-05-04,CUST1936,Coffee Maker,Home Appliances,2,180.52,0.0,361.04,Coimbatore,UPI,Consumer
ORD103937,2025-05-29,CUST1937,Smartphone,Electronics,3,639.79,0.15,1631.46,Kochi,Net Banking,Corporate
ORD103938,2025-04-08,CUST1938,Coffee Maker,Home Appliances,4,138.85,0.05,527.63,Coimbatore,Cash,Home Office
ORD103939,2025-08-04,CUST1939,Headphones,Electronics,4,36.06,0.15,122.6,Bengaluru,Net Banking,Consumer
ORD103940,2025-04-11,CUST1940,Office Chair,Furniture,2,141.14,0.05,268.17,Madurai,Debit Card,Corporate
ORD103941,2025-08-06,CUST1941,Headphones,Electronics,1,202.87,0.1,182.58,Hyderabad,Net Banking,Consumer
ORD103942,2025-09-16,CUST1942,Coffee Maker,Home Appliances,2,135.33,0.0,270.66,Salem,Debit Card,Home Office
ORD103943,2025-12-22,CUST1943,Shoes,Fashion,1,75.25,0.1,67.73,Madurai,Cash,Consumer
ORD103944,2025-01-11,CUST1944,Blender,Home Appliances,4,87.6,0.05,332.88,Coimbatore,Net Banking,Consumer
ORD103945,2025-02-28,CUST1945,Watch,Fashion,1,262.14,0.05,249.03,Kochi,UPI,Consumer
ORD103946,2025-09-07,CUST1946,Shoes,Fashion,3,142.35,0.15,362.99,Bengaluru,Debit Card,Consumer
ORD103947,2025-05-20,CUST1947,Shoes,Fashion,5,70.85,0.0,354.25,Pune,Debit Card,Consumer
ORD103948,2025-12-01,CUST1948,Blender,Home Appliances,1,47.63,0.05,45.25,Chennai,UPI,Corporate
ORD103949,2025-02-07,CUST1949,Blender,Home Appliances,5,67.8,0.0,339.0,Pune,Net Banking,Consumer
ORD103950,2025-05-02,CUST1950,T-Shirt,Fashion,3,56.04,0.15,142.9,Pune,Cash,Consumer
ORD103951,2025-03-06,CUST1951,Keyboard,Electronics,5,95.61,0.0,478.05,Madurai,Credit Card,Consumer
ORD103952,2025-05-26,CUST1952,Office Chair,Furniture,3,250.71,0.1,676.92,Chennai,Net Banking,Consumer
ORD103953,2025-10-29,CUST1953,Office Chair,Furniture,5,270.85,0.0,1354.25,Kochi,Net Banking,Consumer
ORD103954,2025-05-05,CUST1954,Shoes,Fashion,5,84.9,0.05,403.28,Mumbai,Debit Card,Consumer
ORD103955,2025-11-08,CUST1955,Backpack,Accessories,2,100.71,0.15,171.21,Salem,Debit Card,Consumer
ORD103956,2025-07-10,CUST1956,T-Shirt,Fashion,1,36.16,0.0,36.16,Madurai,Cash,Consumer
ORD103957,2025-09-20,CUST1957,Notebook,Stationery,5,3.52,0.1,15.84,Kochi,Cash,Consumer
ORD103958,2025-12-27,CUST1958,Notebook,Stationery,4,3.68,0.0,14.72,Bengaluru,Cash,Consumer
ORD103959,2025-10-23,CUST1959,Book,Books,2,23.79,0.05,45.2,Bengaluru,UPI,Consumer
ORD103960,2025-07-01,CUST1960,Shoes,Fashion,1,170.49,0.05,161.97,Salem,Credit Card,Home Office
ORD103961,2025-06-08,CUST1961,Smartphone,Electronics,2,542.93,0.05,1031.57,Kochi,Credit Card,Consumer
ORD103962,2025-12-19,CUST1962,Watch,Fashion,1,266.08,0.1,239.47,Madurai,Cash,Corporate
ORD103963,2025-11-04,CUST1963,Blender,Home Appliances,3,144.61,0.1,390.45,Chennai,Debit Card,Corporate
ORD103964,2025-10-14,CUST1964,Keyboard,Electronics,5,52.22,0.0,261.1,Bengaluru,Credit Card,Consumer
ORD103965,2025-06-11,CUST1965,Desk,Furniture,4,118.17,0.05,449.05,Kochi,Net Banking,Consumer
ORD103966,2025-09-20,CUST1966,Blender,Home Appliances,2,45.28,0.0,90.56,Chennai,UPI,Consumer
ORD103967,2025-08-05,CUST1967,Smartphone,Electronics,2,942.07,0.1,1695.73,Kochi,Debit Card,Consumer
ORD103968,2025-06-30,CUST1968,Backpack,Accessories,2,39.97,0.15,67.95,Mumbai,UPI,Corporate
ORD103969,2025-04-01,CUST1969,Headphones,Electronics,2,108.54,0.0,217.08,Delhi,Net Banking,Corporate
ORD103970,2025-01-17,CUST1970,Air Fryer,Home Appliances,5,155.32,0.0,776.6,Salem,Credit Card,Home Office
ORD103971,2025-05-05,CUST1971,Headphones,Electronics,1,188.23,0.0,188.23,Hyderabad,UPI,Consumer
ORD103972,2025-09-17,CUST1972,Coffee Maker,Home Appliances,5,63.78,0.2,255.12,Bengaluru,UPI,Consumer
ORD103973,2025-12-21,CUST1973,Smartphone,Electronics,3,636.05,0.15,1621.93,Kochi,UPI,Corporate
ORD103974,2025-08-02,CUST1974,Coffee Maker,Home Appliances,5,141.87,0.05,673.88,Madurai,Net Banking,Consumer
ORD103975,2025-08-27,CUST1975,Shoes,Fashion,5,111.12,0.05,527.82,Kochi,Debit Card,Consumer
ORD103976,2025-06-29,CUST1976,Desk,Furniture,3,509.18,0.0,1527.54,Madurai,Debit Card,Corporate
ORD103977,2025-06-21,CUST1977,Laptop,Electronics,5,713.09,0.05,3387.18,Coimbatore,Net Banking,Home Office
ORD103978,2025-05-23,CUST1978,Blender,Home Appliances,1,151.17,0.1,136.05,Mumbai,UPI,Consumer
ORD103979,2025-11-13,CUST1979,Laptop,Electronics,4,1208.23,0.05,4591.27,Pune,UPI,Consumer
ORD103980,2025-09-01,CUST1980,Backpack,Accessories,3,75.59,0.15,192.75,Kochi,Cash,Corporate
ORD103981,2025-08-20,CUST1981,Shoes,Fashion,2,134.93,0.05,256.37,Chennai,Credit Card,Consumer
ORD103982,2025-06-21,CUST1982,Office Chair,Furniture,1,211.85,0.0,211.85,Hyderabad,Credit Card,Corporate
ORD103983,2025-10-04,CUST1983,Blender,Home Appliances,4,50.76,0.1,182.74,Pune,Debit Card,Consumer
ORD103984,2025-03-18,CUST1984,Coffee Maker,Home Appliances,1,179.81,0.05,170.82,Mumbai,Net Banking,Consumer
ORD103985,2025-10-30,CUST1985,Office Chair,Furniture,1,247.9,0.15,210.72,Coimbatore,UPI,Consumer
ORD103986,2025-11-27,CUST1986,Keyboard,Electronics,2,103.12,0.05,195.93,Chennai,Credit Card,Consumer
ORD103987,2025-02-18,CUST1987,Book,Books,4,16.83,0.05,63.95,Mumbai,Net Banking,Consumer
ORD103988,2025-09-05,CUST1988,Desk,Furniture,1,553.43,0.1,498.09,Delhi,Net Banking,Corporate
ORD103989,2025-10-10,CUST1989,Book,Books,2,25.56,0.05,48.56,Coimbatore,UPI,Home Office
ORD103990,2025-10-14,CUST1990,Desk,Furniture,3,142.7,0.05,406.69,Bengaluru,Net Banking,Consumer
ORD103991,2025-02-01,CUST1991,Headphones,Electronics,2,126.21,0.2,201.94,Delhi,Credit Card,Consumer
ORD103992,2025-06-07,CUST1992,T-Shirt,Fashion,5,47.82,0.0,239.1,Delhi,Cash,Consumer
ORD103993,2025-01-18,CUST1993,Blender,Home Appliances,2,149.12,0.0,298.24,Pune,Credit Card,Consumer
ORD103994,2025-03-04,CUST1994,Coffee Maker,Home Appliances,2,143.87,0.15,244.58,Salem,Cash,Consumer
ORD103995,2025-05-08,CUST1995,Book,Books,2,36.32,0.0,72.64,Bengaluru,Net Banking,Consumer
ORD103996,2025-01-16,CUST1996,Backpack,Accessories,1,46.77,0.0,46.77,Coimbatore,Credit Card,Consumer
ORD103997,2025-06-12,CUST1997,Laptop,Electronics,4,940.07,0.05,3572.27,Pune,UPI,Consumer
ORD103998,2025-09-08,CUST1998,Notebook,Stationery,2,13.68,0.0,27.36,Bengaluru,Net Banking,Corporate
ORD103999,2025-05-17,CUST1999,Air Fryer,Home Appliances,2,230.29,0.2,368.46,Mumbai,UPI,Home Office
ORD104000,2025-11-14,CUST2000,Backpack,Accessories,5,88.57,0.05,420.71,Hyderabad,Cash,Consumer
ORD104001,2025-10-22,CUST1001,Office Chair,Furniture,5,354.87,0.05,1685.63,Coimbatore,Debit Card,Corporate
ORD104002,2025-06-28,CUST1002,Office Chair,Furniture,3,108.41,0.0,325.23,Pune,Debit Card,Consumer
ORD104003,2025-08-17,CUST1003,Book,Books,3,35.27,0.0,105.81,Hyderabad,Cash,Consumer
ORD104004,2025-06-29,CUST1004,Air Fryer,Home Appliances,5,120.92,0.1,544.14,Coimbatore,Debit Card,Consumer
ORD104005,2025-03-13,CUST1005,Smartphone,Electronics,4,419.41,0.05,1593.76,Delhi,Net Banking,Consumer
ORD104006,2025-11-14,CUST1006,Keyboard,Electronics,3,51.12,0.1,138.02,Hyderabad,Net Banking,Consumer
ORD104007,2025-03-24,CUST1007,Blender,Home Appliances,4,92.7,0.0,370.8,Hyderabad,Credit Card,Consumer
ORD104008,2025-05-16,CUST1008,Desk,Furniture,5,225.6,0.1,1015.2,Chennai,Net Banking,Home Office
ORD104009,2025-08-06,CUST1009,Watch,Fashion,3,123.35,0.0,370.05,Coimbatore,Debit Card,Consumer
ORD104010,2025-04-19,CUST1010,Notebook,Stationery,2,3.75,0.05,7.12,Bengaluru,UPI,Corporate
ORD104011,2025-04-29,CUST1011,Coffee Maker,Home Appliances,5,102.2,0.1,459.9,Salem,Credit Card,Corporate
ORD104012,2025-01-18,CUST1012,Backpack,Accessories,3,77.23,0.0,231.69,Mumbai,UPI,Consumer
ORD104013,2025-11-28,CUST1013,Coffee Maker,Home Appliances,4,132.79,0.05,504.6,Madurai,Debit Card,Consumer
ORD104014,2025-06-03,CUST1014,Office Chair,Furniture,4,190.95,0.0,763.8,Pune,UPI,Consumer
ORD104015,2025-01-11,CUST1015,T-Shirt,Fashion,3,47.32,0.05,134.86,Hyderabad,Debit Card,Consumer
ORD104016,2025-05-18,CUST1016,Headphones,Electronics,4,226.04,0.1,813.74,Kochi,Net Banking,Consumer
ORD104017,2025-03-03,CUST1017,Laptop,Electronics,3,1268.95,0.0,3806.85,Hyderabad,Credit Card,Consumer
ORD104018,2025-03-12,CUST1018,Keyboard,Electronics,3,63.16,0.15,161.06,Delhi,Cash,Consumer
ORD104019,2025-03-02,CUST1019,T-Shirt,Fashion,4,47.22,0.05,179.44,Coimbatore,Debit Card,Consumer
ORD104020,2025-05-12,CUST1020,Keyboard,Electronics,1,39.76,0.15,33.8,Delhi,Net Banking,Consumer
ORD104021,2025-03-02,CUST1021,Smartphone,Electronics,2,373.8,0.0,747.6,Salem,UPI,Consumer
ORD104022,2025-12-24,CUST1022,Watch,Fashion,5,129.86,0.15,551.91,Mumbai,Net Banking,Home Office
ORD104023,2025-09-26,CUST1023,Book,Books,2,33.27,0.0,66.54,Chennai,UPI,Consumer
ORD104024,2025-01-12,CUST1024,Book,Books,5,13.62,0.05,64.69,Coimbatore,UPI,Consumer
ORD104025,2025-02-04,CUST1025,Office Chair,Furniture,5,100.24,0.15,426.02,Delhi,UPI,Home Office
ORD104026,2025-02-20,CUST1026,Headphones,Electronics,2,54.63,0.0,109.26,Chennai,UPI,Consumer
ORD104027,2025-02-12,CUST1027,Air Fryer,Home Appliances,3,223.16,0.0,669.48,Madurai,Credit Card,Consumer
ORD104028,2025-08-16,CUST1028,Blender,Home Appliances,4,125.07,0.1,450.25,Madurai,UPI,Consumer
ORD104029,2025-04-21,CUST1029,Air Fryer,Home Appliances,1,108.11,0.05,102.7,Coimbatore,Credit Card,Home Office
ORD104030,2025-11-18,CUST1030,T-Shirt,Fashion,1,37.76,0.05,35.87,Mumbai,Cash,Corporate
ORD104031,2025-01-15,CUST1031,Keyboard,Electronics,1,88.59,0.0,88.59,Kochi,Credit Card,Consumer
ORD104032,2025-06-26,CUST1032,Desk,Furniture,2,427.72,0.1,769.9,Hyderabad,UPI,Corporate
ORD104033,2025-06-11,CUST1033,Smartphone,Electronics,2,471.53,0.0,943.06,Bengaluru,Cash,Consumer
ORD104034,2025-02-08,CUST1034,Desk,Furniture,3,532.2,0.15,1357.11,Mumbai,Net Banking,Consumer
ORD104035,2025-01-26,CUST1035,Headphones,Electronics,1,94.61,0.1,85.15,Mumbai,Credit Card,Corporate
ORD104036,2025-04-22,CUST1036,Blender,Home Appliances,3,134.12,0.1,362.12,Kochi,Net Banking,Corporate
ORD104037,2025-02-20,CUST1037,Blender,Home Appliances,1,32.42,0.0,32.42,Delhi,Cash,Consumer
ORD104038,2025-04-08,CUST1038,T-Shirt,Fashion,2,28.63,0.15,48.67,Chennai,Credit Card,Home Office
ORD104039,2025-06-19,CUST1039,Coffee Maker,Home Appliances,4,113.86,0.05,432.67,Coimbatore,UPI,Consumer
ORD104040,2025-02-25,CUST1040,Smartphone,Electronics,4,766.31,0.15,2605.45,Bengaluru,Credit Card,Consumer
ORD104041,2025-08-09,CUST1041,Notebook,Stationery,4,2.95,0.0,11.8,Chennai,UPI,Consumer
ORD104042,2025-11-21,CUST1042,Blender,Home Appliances,4,148.52,0.1,534.67,Hyderabad,Debit Card,Home Office
ORD104043,2025-05-26,CUST1043,Blender,Home Appliances,5,62.67,0.05,297.68,Bengaluru,Credit Card,Corporate
ORD104044,2025-09-17,CUST1044,T-Shirt,Fashion,1,43.85,0.0,43.85,Madurai,Credit Card,Consumer
ORD104045,2025-05-09,CUST1045,Office Chair,Furniture,4,337.03,0.05,1280.71,Mumbai,Net Banking,Home Office
ORD104046,2025-02-19,CUST1046,Shoes,Fashion,5,114.28,0.0,571.4,Hyderabad,Net Banking,Consumer
ORD104047,2025-12-06,CUST1047,Smartphone,Electronics,5,953.84,0.05,4530.74,Salem,Cash,Consumer
ORD104048,2025-11-22,CUST1048,Desk,Furniture,5,430.93,0.05,2046.92,Madurai,UPI,Consumer
ORD104049,2025-01-20,CUST1049,Headphones,Electronics,3,104.99,0.05,299.22,Hyderabad,Net Banking,Consumer
ORD104050,2025-06-23,CUST1050,Blender,Home Appliances,3,151.33,0.1,408.59,Delhi,Cash,Consumer
ORD104051,2025-10-10,CUST1051,Blender,Home Appliances,5,74.21,0.05,352.5,Salem,UPI,Consumer
ORD104052,2025-01-26,CUST1052,Book,Books,4,24.99,0.0,99.96,Coimbatore,UPI,Consumer
ORD104053,2025-06-09,CUST1053,Watch,Fashion,1,233.8,0.1,210.42,Chennai,UPI,Consumer
ORD104054,2025-01-10,CUST1054,Office Chair,Furniture,2,201.27,0.15,342.16,Hyderabad,Debit Card,Home Office
ORD104055,2025-03-23,CUST1055,Blender,Home Appliances,3,75.42,0.0,226.26,Madurai,UPI,Corporate
ORD104056,2025-09-13,CUST1056,Shoes,Fashion,4,98.9,0.0,395.6,Delhi,Cash,Home Office
ORD104057,2025-04-15,CUST1057,Watch,Fashion,4,252.67,0.05,960.15,Delhi,UPI,Home Office
ORD104058,2025-05-20,CUST1058,Book,Books,2,37.55,0.1,67.59,Madurai,UPI,Consumer
ORD104059,2025-07-21,CUST1059,Laptop,Electronics,2,1067.83,0.1,1922.09,Hyderabad,Cash,Corporate
ORD104060,2025-12-10,CUST1060,Office Chair,Furniture,4,291.67,0.1,1050.01,Bengaluru,Credit Card,Consumer
ORD104061,2025-01-24,CUST1061,Headphones,Electronics,2,228.24,0.0,456.48,Pune,UPI,Corporate
ORD104062,2025-02-15,CUST1062,Keyboard,Electronics,4,32.81,0.15,111.55,Pune,Cash,Corporate
ORD104063,2025-08-05,CUST1063,Smartphone,Electronics,2,470.47,0.05,893.89,Madurai,Net Banking,Consumer
ORD104064,2025-02-24,CUST1064,T-Shirt,Fashion,2,45.45,0.0,90.9,Delhi,Cash,Home Office
ORD104065,2025-03-19,CUST1065,Headphones,Electronics,4,210.34,0.0,841.36,Chennai,Debit Card,Corporate
ORD104066,2025-06-08,CUST1066,Notebook,Stationery,5,13.14,0.05,62.42,Delhi,Net Banking,Home Office
ORD104067,2025-12-10,CUST1067,Smartphone,Electronics,4,644.35,0.1,2319.66,Kochi,Credit Card,Consumer
ORD104068,2025-09-29,CUST1068,Watch,Fashion,1,63.23,0.1,56.91,Delhi,Credit Card,Home Office
ORD104069,2025-05-28,CUST1069,Coffee Maker,Home Appliances,2,131.93,0.2,211.09,Madurai,Cash,Corporate
ORD104070,2025-02-07,CUST1070,T-Shirt,Fashion,3,21.54,0.0,64.62,Hyderabad,Cash,Consumer
ORD104071,2025-04-21,CUST1071,Backpack,Accessories,2,49.12,0.2,78.59,Bengaluru,UPI,Corporate
ORD104072,2025-01-15,CUST1072,Desk,Furniture,1,486.13,0.1,437.52,Mumbai,UPI,Consumer
ORD104073,2025-03-19,CUST1073,Laptop,Electronics,3,621.75,0.05,1771.99,Bengaluru,Debit Card,Corporate
ORD104074,2025-03-17,CUST1074,Office Chair,Furniture,3,344.83,0.15,879.32,Chennai,UPI,Consumer
ORD104075,2025-11-24,CUST1075,Blender,Home Appliances,4,94.15,0.1,338.94,Chennai,Cash,Corporate
ORD104076,2025-10-02,CUST1076,Coffee Maker,Home Appliances,5,165.17,0.0,825.85,Hyderabad,Cash,Corporate
ORD104077,2025-07-16,CUST1077,Book,Books,4,8.14,0.15,27.68,Bengaluru,UPI,Corporate
ORD104078,2025-08-07,CUST1078,Notebook,Stationery,3,6.39,0.1,17.25,Madurai,Debit Card,Consumer
ORD104079,2025-03-04,CUST1079,Coffee Maker,Home Appliances,3,58.84,0.1,158.87,Pune,Cash,Consumer
ORD104080,2025-12-27,CUST1080,Headphones,Electronics,5,241.35,0.15,1025.74,Delhi,Debit Card,Consumer
ORD104081,2025-02-01,CUST1081,Laptop,Electronics,2,1316.9,0.05,2502.11,Salem,Cash,Corporate
ORD104082,2025-08-21,CUST1082,Keyboard,Electronics,5,79.75,0.1,358.88,Kochi,Debit Card,Consumer
ORD104083,2025-04-20,CUST1083,Air Fryer,Home Appliances,4,102.48,0.1,368.93,Madurai,Debit Card,Consumer
ORD104084,2025-06-14,CUST1084,Smartphone,Electronics,2,1136.78,0.05,2159.88,Bengaluru,Debit Card,Corporate
ORD104085,2025-07-13,CUST1085,Smartphone,Electronics,4,577.37,0.0,2309.48,Salem,UPI,Consumer
ORD104086,2025-01-07,CUST1086,Headphones,Electronics,5,61.22,0.1,275.49,Pune,Credit Card,Home Office
ORD104087,2025-05-19,CUST1087,Shoes,Fashion,2,114.47,0.0,228.94,Madurai,Debit Card,Consumer
ORD104088,2025-12-09,CUST1088,Shoes,Fashion,5,171.57,0.1,772.06,Coimbatore,Debit Card,Home Office
ORD104089,2025-10-14,CUST1089,Blender,Home Appliances,1,30.57,0.15,25.98,Salem,Cash,Consumer
ORD104090,2025-10-28,CUST1090,Notebook,Stationery,3,5.1,0.0,15.3,Madurai,Credit Card,Consumer
ORD104091,2025-02-25,CUST1091,Backpack,Accessories,2,113.84,0.0,227.68,Pune,Cash,Consumer
ORD104092,2025-06-09,CUST1092,Desk,Furniture,3,185.54,0.0,556.62,Salem,Cash,Corporate
ORD104093,2025-05-29,CUST1093,T-Shirt,Fashion,1,15.66,0.05,14.88,Hyderabad,Debit Card,Consumer
ORD104094,2025-10-14,CUST1094,Keyboard,Electronics,2,94.12,0.15,160.0,Delhi,Net Banking,Consumer
ORD104095,2025-09-14,CUST1095,Blender,Home Appliances,3,159.28,0.05,453.95,Delhi,Credit Card,Home Office
ORD104096,2025-05-19,CUST1096,Laptop,Electronics,3,1003.25,0.0,3009.75,Delhi,Cash,Consumer
ORD104097,2025-12-15,CUST1097,Shoes,Fashion,2,179.18,0.1,322.52,Chennai,Net Banking,Corporate
ORD104098,2025-11-20,CUST1098,Backpack,Accessories,3,87.92,0.1,237.38,Mumbai,Net Banking,Corporate
ORD104099,2025-10-19,CUST1099,Backpack,Accessories,3,27.41,0.05,78.12,Pune,Cash,Consumer
ORD104100,2025-12-01,CUST1100,Notebook,Stationery,2,14.91,0.1,26.84,Delhi,Debit Card,Corporate
ORD104101,2025-07-06,CUST1101,Headphones,Electronics,3,116.78,0.0,350.34,Bengaluru,UPI,Consumer
ORD104102,2025-11-19,CUST1102,Keyboard,Electronics,3,57.36,0.1,154.87,Mumbai,Cash,Consumer
ORD104103,2025-07-03,CUST1103,Watch,Fashion,4,185.05,0.0,740.2,Kochi,Debit Card,Consumer
ORD104104,2025-11-03,CUST1104,T-Shirt,Fashion,4,25.22,0.0,100.88,Mumbai,Credit Card,Corporate
ORD104105,2025-09-19,CUST1105,Notebook,Stationery,1,3.12,0.15,2.65,Salem,Debit Card,Consumer
ORD104106,2025-11-06,CUST1106,Desk,Furniture,4,100.71,0.05,382.7,Bengaluru,Net Banking,Consumer
ORD104107,2025-12-10,CUST1107,Notebook,Stationery,4,7.84,0.0,31.36,Madurai,Credit Card,Corporate
ORD104108,2025-05-25,CUST1108,Notebook,Stationery,1,12.88,0.15,10.95,Bengaluru,Credit Card,Consumer
ORD104109,2025-09-18,CUST1109,Office Chair,Furniture,3,263.14,0.1,710.48,Chennai,UPI,Home Office
ORD104110,2025-01-02,CUST1110,Headphones,Electronics,3,249.82,0.0,749.46,Delhi,UPI,Consumer
ORD104111,2025-11-10,CUST1111,T-Shirt,Fashion,4,24.34,0.1,87.62,Kochi,Cash,Consumer
ORD104112,2025-01-12,CUST1112,Office Chair,Furniture,1,169.75,0.15,144.29,Delhi,Debit Card,Corporate
ORD104113,2025-09-18,CUST1113,Office Chair,Furniture,3,131.12,0.1,354.02,Coimbatore,Cash,Consumer
ORD104114,2025-12-28,CUST1114,Book,Books,5,10.74,0.0,53.7,Kochi,UPI,Consumer
ORD104115,2025-06-18,CUST1115,Keyboard,Electronics,2,57.07,0.1,102.73,Coimbatore,Net Banking,Home Office
ORD104116,2025-05-28,CUST1116,Book,Books,2,32.75,0.1,58.95,Madurai,UPI,Consumer
ORD104117,2025-07-19,CUST1117,Keyboard,Electronics,2,137.75,0.15,234.18,Kochi,Debit Card,Consumer
ORD104118,2025-11-08,CUST1118,Blender,Home Appliances,4,176.26,0.0,705.04,Delhi,Net Banking,Consumer
ORD104119,2025-03-11,CUST1119,Laptop,Electronics,2,770.68,0.1,1387.22,Chennai,Cash,Corporate
ORD104120,2025-11-08,CUST1120,Backpack,Accessories,2,108.13,0.0,216.26,Madurai,Cash,Consumer
ORD104121,2025-02-23,CUST1121,T-Shirt,Fashion,5,26.41,0.1,118.85,Kochi,UPI,Consumer
ORD104122,2025-09-16,CUST1122,Headphones,Electronics,3,50.39,0.2,120.94,Hyderabad,UPI,Consumer
ORD104123,2025-12-17,CUST1123,Blender,Home Appliances,5,160.5,0.0,802.5,Chennai,Cash,Consumer
ORD104124,2025-01-28,CUST1124,Air Fryer,Home Appliances,4,180.86,0.0,723.44,Delhi,Cash,Consumer
ORD104125,2025-12-29,CUST1125,Notebook,Stationery,2,4.14,0.05,7.87,Coimbatore,Credit Card,Home Office
ORD104126,2025-04-30,CUST1126,Smartphone,Electronics,3,658.34,0.1,1777.52,Pune,Debit Card,Consumer
ORD104127,2025-05-13,CUST1127,Headphones,Electronics,2,89.63,0.0,179.26,Coimbatore,Credit Card,Consumer
ORD104128,2025-03-31,CUST1128,Laptop,Electronics,2,1249.95,0.1,2249.91,Delhi,Credit Card,Consumer
ORD104129,2025-01-16,CUST1129,Desk,Furniture,4,326.71,0.15,1110.81,Mumbai,Cash,Home Office
ORD104130,2025-10-14,CUST1130,Coffee Maker,Home Appliances,2,247.75,0.1,445.95,Salem,Debit Card,Consumer
ORD104131,2025-10-11,CUST1131,Coffee Maker,Home Appliances,1,51.5,0.1,46.35,Bengaluru,Cash,Consumer
ORD104132,2025-08-18,CUST1132,Backpack,Accessories,3,55.5,0.05,158.17,Delhi,Credit Card,Consumer
ORD104133,2025-05-17,CUST1133,Coffee Maker,Home Appliances,3,141.2,0.15,360.06,Hyderabad,Credit Card,Home Office
ORD104134,2025-10-22,CUST1134,Coffee Maker,Home Appliances,1,145.66,0.0,145.66,Delhi,Cash,Consumer
ORD104135,2025-08-15,CUST1135,Smartphone,Electronics,4,550.14,0.0,2200.56,Hyderabad,UPI,Consumer
ORD104136,2025-01-27,CUST1136,Shoes,Fashion,2,139.39,0.05,264.84,Coimbatore,UPI,Consumer
ORD104137,2025-11-28,CUST1137,Book,Books,2,35.62,0.1,64.12,Mumbai,Cash,Consumer
ORD104138,2025-04-27,CUST1138,Desk,Furniture,3,569.36,0.15,1451.87,Kochi,Net Banking,Corporate
ORD104139,2025-03-30,CUST1139,Book,Books,4,33.18,0.0,132.72,Delhi,Net Banking,Corporate
ORD104140,2025-04-17,CUST1140,Keyboard,Electronics,4,130.58,0.15,443.97,Salem,UPI,Consumer
ORD104141,2025-08-09,CUST1141,Office Chair,Furniture,4,256.17,0.15,870.98,Madurai,Debit Card,Consumer
ORD104142,2025-08-11,CUST1142,Shoes,Fashion,2,153.88,0.05,292.37,Hyderabad,Credit Card,Consumer
ORD104143,2025-05-02,CUST1143,Book,Books,4,15.62,0.1,56.23,Salem,Debit Card,Consumer
ORD104144,2025-12-20,CUST1144,Headphones,Electronics,1,114.66,0.0,114.66,Madurai,UPI,Corporate
ORD104145,2025-02-02,CUST1145,Headphones,Electronics,5,96.31,0.0,481.55,Kochi,Cash,Consumer
ORD104146,2025-04-01,CUST1146,Book,Books,4,21.36,0.15,72.62,Bengaluru,Net Banking,Consumer
ORD104147,2025-07-03,CUST1147,Notebook,Stationery,5,5.71,0.05,27.12,Delhi,UPI,Consumer
ORD104148,2025-09-15,CUST1148,Book,Books,2,38.66,0.0,77.32,Hyderabad,Debit Card,Home Office
ORD104149,2025-01-13,CUST1149,Coffee Maker,Home Appliances,4,105.7,0.1,380.52,Coimbatore,Debit Card,Home Office
ORD104150,2025-01-24,CUST1150,Keyboard,Electronics,3,32.75,0.15,83.51,Madurai,UPI,Consumer
ORD104151,2025-11-21,CUST1151,Laptop,Electronics,2,1050.48,0.1,1890.86,Hyderabad,Credit Card,Consumer
ORD104152,2025-02-03,CUST1152,T-Shirt,Fashion,1,12.85,0.0,12.85,Mumbai,Debit Card,Home Office
ORD104153,2025-09-04,CUST1153,Shoes,Fashion,1,46.58,0.05,44.25,Bengaluru,Credit Card,Consumer
ORD104154,2025-12-09,CUST1154,Shoes,Fashion,5,62.91,0.1,283.09,Hyderabad,Credit Card,Consumer
ORD104155,2025-01-19,CUST1155,Book,Books,5,21.25,0.0,106.25,Madurai,Cash,Corporate
ORD104156,2025-01-30,CUST1156,Watch,Fashion,3,152.65,0.0,457.95,Pune,UPI,Consumer
ORD104157,2025-02-18,CUST1157,Desk,Furniture,3,499.85,0.05,1424.57,Kochi,UPI,Consumer
ORD104158,2025-06-29,CUST1158,Backpack,Accessories,1,93.95,0.1,84.56,Bengaluru,Credit Card,Home Office
ORD104159,2025-08-14,CUST1159,Desk,Furniture,4,313.16,0.0,1252.64,Bengaluru,Cash,Consumer
ORD104160,2025-03-19,CUST1160,T-Shirt,Fashion,1,26.69,0.0,26.69,Pune,Debit Card,Corporate
ORD104161,2025-07-26,CUST1161,Headphones,Electronics,1,96.21,0.0,96.21,Kochi,Debit Card,Consumer
ORD104162,2025-02-04,CUST1162,Book,Books,3,32.09,0.0,96.27,Mumbai,UPI,Home Office
ORD104163,2025-09-07,CUST1163,Headphones,Electronics,5,36.72,0.0,183.6,Coimbatore,Credit Card,Consumer
ORD104164,2025-03-12,CUST1164,Headphones,Electronics,3,27.88,0.05,79.46,Bengaluru,Cash,Home Office
ORD104165,2025-12-30,CUST1165,Watch,Fashion,3,246.84,0.05,703.49,Mumbai,Cash,Consumer
ORD104166,2025-11-06,CUST1166,Headphones,Electronics,3,132.36,0.05,377.23,Bengaluru,Debit Card,Consumer
ORD104167,2025-10-06,CUST1167,T-Shirt,Fashion,1,16.54,0.05,15.71,Coimbatore,Debit Card,Consumer
ORD104168,2025-06-01,CUST1168,Blender,Home Appliances,4,65.33,0.0,261.32,Pune,Net Banking,Home Office
ORD104169,2025-08-15,CUST1169,Keyboard,Electronics,1,141.23,0.05,134.17,Coimbatore,Net Banking,Consumer
ORD104170,2025-08-31,CUST1170,Air Fryer,Home Appliances,2,223.31,0.0,446.62,Salem,Credit Card,Home Office
ORD104171,2025-01-10,CUST1171,Backpack,Accessories,3,90.98,0.0,272.94,Delhi,Net Banking,Consumer
ORD104172,2025-11-13,CUST1172,Book,Books,3,21.88,0.0,65.64,Delhi,Cash,Corporate
ORD104173,2025-02-17,CUST1173,Notebook,Stationery,2,8.76,0.2,14.02,Pune,Net Banking,Consumer
ORD104174,2025-04-22,CUST1174,T-Shirt,Fashion,3,58.76,0.0,176.28,Coimbatore,UPI,Consumer
ORD104175,2025-07-23,CUST1175,Coffee Maker,Home Appliances,3,242.81,0.15,619.17,Bengaluru,UPI,Consumer
ORD104176,2025-06-06,CUST1176,Blender,Home Appliances,3,62.29,0.05,177.53,Madurai,Debit Card,Consumer
ORD104177,2025-12-09,CUST1177,Backpack,Accessories,2,101.11,0.05,192.11,Chennai,Debit Card,Consumer
ORD104178,2025-01-26,CUST1178,T-Shirt,Fashion,1,19.86,0.1,17.87,Mumbai,Credit Card,Corporate
ORD104179,2025-11-04,CUST1179,Blender,Home Appliances,3,62.03,0.0,186.09,Bengaluru,UPI,Consumer
ORD104180,2025-06-15,CUST1180,Headphones,Electronics,4,177.12,0.0,708.48,Mumbai,Credit Card,Consumer
ORD104181,2025-09-06,CUST1181,Notebook,Stationery,2,7.27,0.2,11.63,Pune,Credit Card,Consumer
ORD104182,2025-09-19,CUST1182,Keyboard,Electronics,5,141.1,0.05,670.22,Coimbatore,Net Banking,Consumer
ORD104183,2025-09-21,CUST1183,Book,Books,2,8.12,0.0,16.24,Bengaluru,Debit Card,Home Office
ORD104184,2025-01-17,CUST1184,Shoes,Fashion,1,106.73,0.0,106.73,Delhi,Credit Card,Consumer
ORD104185,2025-03-17,CUST1185,Desk,Furniture,2,559.26,0.15,950.74,Pune,Credit Card,Corporate
ORD104186,2025-09-11,CUST1186,Office Chair,Furniture,5,369.32,0.15,1569.61,Salem,Debit Card,Consumer
ORD104187,2025-07-25,CUST1187,Air Fryer,Home Appliances,4,89.74,0.05,341.01,Bengaluru,Debit Card,Consumer
ORD104188,2025-02-03,CUST1188,Keyboard,Electronics,5,67.66,0.0,338.3,Hyderabad,UPI,Consumer
ORD104189,2025-05-27,CUST1189,Shoes,Fashion,2,122.87,0.15,208.88,Delhi,Debit Card,Consumer
ORD104190,2025-11-22,CUST1190,Laptop,Electronics,5,701.43,0.0,3507.15,Mumbai,Net Banking,Consumer
ORD104191,2025-12-04,CUST1191,Book,Books,2,38.88,0.05,73.87,Madurai,UPI,Consumer
ORD104192,2025-08-16,CUST1192,T-Shirt,Fashion,4,55.74,0.1,200.66,Coimbatore,Credit Card,Consumer
ORD104193,2025-04-28,CUST1193,Laptop,Electronics,4,708.6,0.05,2692.68,Mumbai,Net Banking,Consumer
ORD104194,2025-06-14,CUST1194,Shoes,Fashion,1,48.17,0.1,43.35,Coimbatore,Net Banking,Home Office
ORD104195,2025-02-07,CUST1195,Keyboard,Electronics,4,31.1,0.15,105.74,Kochi,UPI,Consumer
ORD104196,2025-12-24,CUST1196,T-Shirt,Fashion,3,55.47,0.1,149.77,Pune,Credit Card,Corporate
ORD104197,2025-10-23,CUST1197,Book,Books,5,11.78,0.05,55.96,Mumbai,UPI,Consumer
ORD104198,2025-05-17,CUST1198,Coffee Maker,Home Appliances,5,127.42,0.0,637.1,Delhi,Cash,Corporate
ORD104199,2025-11-05,CUST1199,Office Chair,Furniture,2,223.63,0.0,447.26,Hyderabad,Cash,Consumer
ORD104200,2025-09-03,CUST1200,Headphones,Electronics,4,159.78,0.0,639.12,Madurai,UPI,Consumer
ORD104201,2025-07-17,CUST1201,T-Shirt,Fashion,1,13.59,0.05,12.91,Bengaluru,Credit Card,Consumer
ORD104202,2025-03-07,CUST1202,Coffee Maker,Home Appliances,1,87.62,0.05,83.24,Chennai,Credit Card,Consumer
ORD104203,2025-03-21,CUST1203,Book,Books,1,37.6,0.0,37.6,Pune,Debit Card,Home Office
ORD104204,2025-02-21,CUST1204,Book,Books,3,36.79,0.0,110.37,Chennai,Net Banking,Consumer
ORD104205,2025-05-09,CUST1205,T-Shirt,Fashion,4,49.06,0.0,196.24,Delhi,UPI,Home Office
ORD104206,2025-01-01,CUST1206,Keyboard,Electronics,1,22.52,0.05,21.39,Kochi,Net Banking,Home Office
ORD104207,2025-06-16,CUST1207,Coffee Maker,Home Appliances,3,108.67,0.05,309.71,Bengaluru,Net Banking,Consumer
ORD104208,2025-01-16,CUST1208,Keyboard,Electronics,5,101.63,0.05,482.74,Bengaluru,Cash,Consumer
ORD104209,2025-05-25,CUST1209,Blender,Home Appliances,2,71.28,0.1,128.3,Bengaluru,Cash,Home Office
ORD104210,2025-04-22,CUST1210,Shoes,Fashion,4,166.44,0.1,599.18,Coimbatore,UPI,Consumer
ORD104211,2025-04-12,CUST1211,Smartphone,Electronics,4,852.19,0.05,3238.32,Madurai,UPI,Corporate
ORD104212,2025-03-23,CUST1212,T-Shirt,Fashion,5,13.6,0.0,68.0,Mumbai,Credit Card,Home Office
ORD104213,2025-04-09,CUST1213,Air Fryer,Home Appliances,4,232.71,0.05,884.3,Madurai,UPI,Corporate
ORD104214,2025-06-08,CUST1214,Book,Books,4,38.52,0.05,146.38,Mumbai,Credit Card,Corporate
ORD104215,2025-02-09,CUST1215,Desk,Furniture,4,138.86,0.0,555.44,Pune,Credit Card,Corporate
ORD104216,2025-06-04,CUST1216,T-Shirt,Fashion,4,36.62,0.2,117.18,Coimbatore,UPI,Corporate
ORD104217,2025-02-05,CUST1217,Shoes,Fashion,3,75.5,0.05,215.18,Madurai,Credit Card,Consumer
ORD104218,2025-09-04,CUST1218,Notebook,Stationery,3,7.11,0.1,19.2,Coimbatore,Net Banking,Consumer
ORD104219,2025-01-04,CUST1219,Notebook,Stationery,2,4.34,0.05,8.25,Hyderabad,Credit Card,Corporate
ORD104220,2025-10-08,CUST1220,Backpack,Accessories,4,77.81,0.0,311.24,Pune,Net Banking,Home Office
ORD104221,2025-12-17,CUST1221,Air Fryer,Home Appliances,5,242.02,0.0,1210.1,Madurai,Net Banking,Consumer
ORD104222,2025-11-30,CUST1222,Book,Books,1,22.61,0.1,20.35,Coimbatore,Net Banking,Consumer
ORD104223,2025-09-06,CUST1223,Laptop,Electronics,2,628.77,0.0,1257.54,Delhi,Debit Card,Consumer
ORD104224,2025-01-12,CUST1224,Book,Books,1,26.7,0.0,26.7,Salem,Debit Card,Home Office
ORD104225,2025-10-10,CUST1225,Blender,Home Appliances,1,81.03,0.2,64.82,Mumbai,Credit Card,Consumer
ORD104226,2025-08-04,CUST1226,Headphones,Electronics,4,217.58,0.05,826.8,Bengaluru,UPI,Consumer
ORD104227,2025-11-15,CUST1227,Coffee Maker,Home Appliances,5,131.28,0.0,656.4,Salem,Credit Card,Home Office
ORD104228,2025-11-07,CUST1228,Book,Books,1,11.75,0.0,11.75,Chennai,Debit Card,Consumer
ORD104229,2025-03-23,CUST1229,Smartphone,Electronics,1,431.55,0.05,409.97,Coimbatore,Cash,Home Office
ORD104230,2025-01-14,CUST1230,Office Chair,Furniture,2,326.0,0.0,652.0,Chennai,Cash,Home Office
ORD104231,2025-02-25,CUST1231,Notebook,Stationery,5,5.45,0.0,27.25,Hyderabad,Credit Card,Home Office
ORD104232,2025-12-08,CUST1232,Office Chair,Furniture,5,325.51,0.05,1546.17,Delhi,Debit Card,Consumer
ORD104233,2025-10-09,CUST1233,Office Chair,Furniture,1,145.88,0.0,145.88,Mumbai,Net Banking,Consumer
ORD104234,2025-07-18,CUST1234,Keyboard,Electronics,5,61.82,0.1,278.19,Hyderabad,Debit Card,Corporate
ORD104235,2025-12-14,CUST1235,Office Chair,Furniture,2,228.96,0.1,412.13,Kochi,Credit Card,Consumer
ORD104236,2025-06-15,CUST1236,Headphones,Electronics,2,237.22,0.0,474.44,Pune,Debit Card,Consumer
ORD104237,2025-10-19,CUST1237,Blender,Home Appliances,2,169.76,0.0,339.52,Hyderabad,Cash,Home Office
ORD104238,2025-05-26,CUST1238,Laptop,Electronics,4,746.53,0.05,2836.81,Salem,Net Banking,Consumer
ORD104239,2025-03-19,CUST1239,Office Chair,Furniture,1,194.63,0.05,184.9,Mumbai,Credit Card,Consumer
ORD104240,2025-04-22,CUST1240,Air Fryer,Home Appliances,5,88.39,0.0,441.95,Salem,Credit Card,Consumer
ORD104241,2025-01-23,CUST1241,T-Shirt,Fashion,2,35.5,0.0,71.0,Mumbai,UPI,Corporate
ORD104242,2025-04-26,CUST1242,Air Fryer,Home Appliances,1,147.51,0.2,118.01,Bengaluru,Net Banking,Home Office
ORD104243,2025-05-22,CUST1243,T-Shirt,Fashion,1,55.04,0.0,55.04,Madurai,Credit Card,Consumer
ORD104244,2025-07-16,CUST1244,Keyboard,Electronics,4,140.9,0.2,450.88,Mumbai,Debit Card,Consumer
ORD104245,2025-10-05,CUST1245,Headphones,Electronics,5,111.3,0.0,556.5,Salem,Debit Card,Consumer
ORD104246,2025-01-28,CUST1246,Laptop,Electronics,5,1017.15,0.0,5085.75,Chennai,Debit Card,Consumer
ORD104247,2025-10-26,CUST1247,Smartphone,Electronics,2,1101.42,0.05,2092.7,Hyderabad,Debit Card,Consumer
ORD104248,2025-03-17,CUST1248,Shoes,Fashion,2,151.01,0.0,302.02,Hyderabad,Credit Card,Consumer
ORD104249,2025-01-18,CUST1249,Laptop,Electronics,1,553.47,0.0,553.47,Mumbai,Cash,Consumer
ORD104250,2025-04-10,CUST1250,Shoes,Fashion,5,78.01,0.0,390.05,Kochi,Net Banking,Consumer
ORD104251,2025-05-04,CUST1251,Air Fryer,Home Appliances,5,140.14,0.2,560.56,Mumbai,Debit Card,Corporate
ORD104252,2025-12-31,CUST1252,Backpack,Accessories,2,42.97,0.05,81.64,Coimbatore,Credit Card,Consumer
ORD104253,2025-10-19,CUST1253,Notebook,Stationery,3,4.59,0.05,13.08,Chennai,Credit Card,Home Office
ORD104254,2025-05-05,CUST1254,Shoes,Fashion,1,35.67,0.1,32.1,Bengaluru,Debit Card,Corporate
ORD104255,2025-01-07,CUST1255,Blender,Home Appliances,5,126.51,0.1,569.3,Bengaluru,UPI,Corporate
ORD104256,2025-01-23,CUST1256,Desk,Furniture,4,231.26,0.1,832.54,Salem,Credit Card,Consumer
ORD104257,2025-06-11,CUST1257,Blender,Home Appliances,4,37.85,0.0,151.4,Delhi,Net Banking,Home Office
ORD104258,2025-04-27,CUST1258,Book,Books,3,13.08,0.0,39.24,Madurai,Net Banking,Home Office
ORD104259,2025-12-18,CUST1259,Notebook,Stationery,2,12.42,0.0,24.84,Salem,UPI,Consumer
ORD104260,2025-01-21,CUST1260,Notebook,Stationery,2,13.07,0.0,26.14,Coimbatore,Credit Card,Consumer
ORD104261,2025-09-09,CUST1261,T-Shirt,Fashion,2,34.15,0.0,68.3,Delhi,UPI,Consumer
ORD104262,2025-11-22,CUST1262,Headphones,Electronics,4,118.62,0.0,474.48,Madurai,Credit Card,Consumer
ORD104263,2025-11-05,CUST1263,Watch,Fashion,2,294.24,0.15,500.21,Hyderabad,Credit Card,Consumer
ORD104264,2025-03-25,CUST1264,Keyboard,Electronics,4,46.07,0.15,156.64,Salem,UPI,Consumer
ORD104265,2025-12-28,CUST1265,Air Fryer,Home Appliances,3,100.92,0.0,302.76,Bengaluru,Cash,Consumer
ORD104266,2025-02-10,CUST1266,Desk,Furniture,1,245.93,0.0,245.93,Delhi,Debit Card,Consumer
ORD104267,2025-07-22,CUST1267,Shoes,Fashion,5,55.91,0.0,279.55,Delhi,Debit Card,Home Office
ORD104268,2025-05-08,CUST1268,Office Chair,Furniture,3,201.4,0.0,604.2,Chennai,Debit Card,Corporate
ORD104269,2025-05-22,CUST1269,Headphones,Electronics,4,229.94,0.0,919.76,Mumbai,UPI,Home Office
ORD104270,2025-12-10,CUST1270,Desk,Furniture,3,407.67,0.15,1039.56,Coimbatore,Credit Card,Consumer
ORD104271,2025-04-13,CUST1271,Keyboard,Electronics,5,73.55,0.0,367.75,Madurai,Credit Card,Consumer
ORD104272,2025-04-17,CUST1272,T-Shirt,Fashion,1,56.72,0.0,56.72,Madurai,Net Banking,Corporate
ORD104273,2025-01-17,CUST1273,Air Fryer,Home Appliances,5,69.21,0.0,346.05,Bengaluru,Credit Card,Corporate
ORD104274,2025-01-25,CUST1274,Headphones,Electronics,4,72.31,0.2,231.39,Mumbai,Cash,Consumer
ORD104275,2025-03-05,CUST1275,Keyboard,Electronics,5,93.57,0.15,397.67,Bengaluru,Debit Card,Consumer
ORD104276,2025-12-08,CUST1276,Backpack,Accessories,3,81.56,0.1,220.21,Pune,Cash,Home Office
ORD104277,2025-08-25,CUST1277,Backpack,Accessories,2,23.96,0.05,45.52,Coimbatore,Debit Card,Consumer
ORD104278,2025-06-25,CUST1278,Blender,Home Appliances,3,90.46,0.0,271.38,Mumbai,UPI,Consumer
ORD104279,2025-10-18,CUST1279,Blender,Home Appliances,4,127.37,0.0,509.48,Delhi,Cash,Consumer
ORD104280,2025-10-20,CUST1280,Keyboard,Electronics,1,110.75,0.05,105.21,Pune,Credit Card,Home Office
ORD104281,2025-11-07,CUST1281,Desk,Furniture,5,419.07,0.1,1885.82,Bengaluru,Debit Card,Consumer
ORD104282,2025-06-05,CUST1282,Blender,Home Appliances,1,78.08,0.0,78.08,Pune,Net Banking,Corporate
ORD104283,2025-02-22,CUST1283,Air Fryer,Home Appliances,4,77.77,0.0,311.08,Hyderabad,Cash,Consumer
ORD104284,2025-03-14,CUST1284,Headphones,Electronics,5,121.1,0.05,575.22,Salem,UPI,Consumer
ORD104285,2025-07-02,CUST1285,Desk,Furniture,3,164.38,0.0,493.14,Delhi,Net Banking,Consumer
ORD104286,2025-07-08,CUST1286,Blender,Home Appliances,3,172.14,0.05,490.6,Mumbai,UPI,Consumer
ORD104287,2025-01-13,CUST1287,Smartphone,Electronics,4,701.41,0.05,2665.36,Hyderabad,Debit Card,Home Office
ORD104288,2025-02-16,CUST1288,Shoes,Fashion,5,77.59,0.0,387.95,Delhi,Cash,Corporate
ORD104289,2025-06-09,CUST1289,Smartphone,Electronics,3,977.99,0.05,2787.27,Bengaluru,UPI,Consumer
ORD104290,2025-10-11,CUST1290,Coffee Maker,Home Appliances,4,144.57,0.15,491.54,Bengaluru,Net Banking,Consumer
ORD104291,2025-02-22,CUST1291,Backpack,Accessories,4,51.0,0.0,204.0,Mumbai,Net Banking,Consumer
ORD104292,2025-10-14,CUST1292,T-Shirt,Fashion,1,50.6,0.0,50.6,Mumbai,Credit Card,Home Office
ORD104293,2025-01-08,CUST1293,Laptop,Electronics,3,1373.79,0.0,4121.37,Madurai,UPI,Consumer
ORD104294,2025-03-13,CUST1294,Shoes,Fashion,5,130.95,0.1,589.28,Hyderabad,Cash,Consumer
ORD104295,2025-04-08,CUST1295,Backpack,Accessories,3,24.7,0.15,62.98,Mumbai,Cash,Consumer
ORD104296,2025-03-28,CUST1296,Desk,Furniture,3,383.16,0.05,1092.01,Madurai,Credit Card,Consumer
ORD104297,2025-11-26,CUST1297,Desk,Furniture,3,481.65,0.0,1444.95,Hyderabad,Net Banking,Consumer
ORD104298,2025-04-11,CUST1298,Desk,Furniture,4,168.25,0.2,538.4,Bengaluru,UPI,Consumer
ORD104299,2025-10-08,CUST1299,T-Shirt,Fashion,2,21.43,0.1,38.57,Pune,Net Banking,Consumer
ORD104300,2025-10-16,CUST1300,Smartphone,Electronics,2,1088.37,0.05,2067.9,Pune,UPI,Home Office
ORD104301,2025-08-25,CUST1301,Laptop,Electronics,1,569.12,0.0,569.12,Kochi,UPI,Home Office
ORD104302,2025-07-15,CUST1302,Air Fryer,Home Appliances,3,203.02,0.0,609.06,Hyderabad,UPI,Consumer
ORD104303,2025-04-07,CUST1303,Blender,Home Appliances,2,101.07,0.1,181.93,Hyderabad,Net Banking,Consumer
ORD104304,2025-04-06,CUST1304,Desk,Furniture,1,323.39,0.05,307.22,Madurai,Net Banking,Consumer
ORD104305,2025-09-18,CUST1305,Watch,Fashion,4,41.85,0.05,159.03,Salem,Net Banking,Corporate
ORD104306,2025-05-01,CUST1306,Coffee Maker,Home Appliances,3,212.07,0.0,636.21,Pune,Debit Card,Consumer
ORD104307,2025-09-30,CUST1307,Shoes,Fashion,5,83.97,0.05,398.86,Bengaluru,Net Banking,Consumer
ORD104308,2025-11-28,CUST1308,Headphones,Electronics,4,146.67,0.15,498.68,Madurai,Credit Card,Home Office
ORD104309,2025-02-21,CUST1309,Blender,Home Appliances,1,131.6,0.15,111.86,Mumbai,Debit Card,Consumer
ORD104310,2025-11-14,CUST1310,Watch,Fashion,4,222.68,0.0,890.72,Hyderabad,UPI,Consumer
ORD104311,2025-06-12,CUST1311,Laptop,Electronics,5,1458.18,0.1,6561.81,Coimbatore,Cash,Consumer
ORD104312,2025-07-09,CUST1312,T-Shirt,Fashion,4,36.57,0.05,138.97,Madurai,Debit Card,Consumer
ORD104313,2025-10-04,CUST1313,Air Fryer,Home Appliances,1,135.95,0.15,115.56,Delhi,Debit Card,Corporate
ORD104314,2025-03-26,CUST1314,Air Fryer,Home Appliances,5,241.2,0.1,1085.4,Chennai,UPI,Home Office
ORD104315,2025-07-13,CUST1315,Laptop,Electronics,5,1160.0,0.2,4640.0,Pune,Net Banking,Consumer
ORD104316,2025-06-30,CUST1316,Headphones,Electronics,4,92.08,0.2,294.66,Bengaluru,Net Banking,Home Office
ORD104317,2025-01-21,CUST1317,Shoes,Fashion,5,48.97,0.0,244.85,Delhi,Debit Card,Consumer
ORD104318,2025-07-22,CUST1318,Book,Books,4,34.49,0.1,124.16,Kochi,Net Banking,Corporate
ORD104319,2025-07-21,CUST1319,Headphones,Electronics,3,106.49,0.05,303.5,Bengaluru,Debit Card,Consumer
ORD104320,2025-05-31,CUST1320,Air Fryer,Home Appliances,5,185.49,0.0,927.45,Mumbai,Cash,Consumer
ORD104321,2025-06-08,CUST1321,Keyboard,Electronics,4,81.21,0.0,324.84,Delhi,Cash,Consumer
ORD104322,2025-11-06,CUST1322,Shoes,Fashion,3,59.84,0.0,179.52,Coimbatore,UPI,Consumer
ORD104323,2025-01-26,CUST1323,Laptop,Electronics,5,1121.6,0.1,5047.2,Salem,Credit Card,Home Office
ORD104324,2025-11-05,CUST1324,Air Fryer,Home Appliances,3,71.53,0.0,214.59,Pune,Credit Card,Consumer
ORD104325,2025-03-07,CUST1325,Air Fryer,Home Appliances,5,138.54,0.15,588.79,Hyderabad,Net Banking,Consumer
ORD104326,2025-09-20,CUST1326,Desk,Furniture,1,373.31,0.1,335.98,Salem,Credit Card,Home Office
ORD104327,2025-06-16,CUST1327,Laptop,Electronics,1,964.24,0.1,867.82,Pune,Cash,Consumer
ORD104328,2025-10-15,CUST1328,Book,Books,4,31.2,0.0,124.8,Pune,UPI,Consumer
ORD104329,2025-06-03,CUST1329,Laptop,Electronics,2,1336.53,0.05,2539.41,Mumbai,Cash,Home Office
ORD104330,2025-12-09,CUST1330,Book,Books,1,31.99,0.05,30.39,Kochi,Debit Card,Home Office
ORD104331,2025-07-25,CUST1331,Shoes,Fashion,2,35.82,0.0,71.64,Kochi,Net Banking,Consumer
ORD104332,2025-06-02,CUST1332,Coffee Maker,Home Appliances,3,80.77,0.15,205.96,Mumbai,Net Banking,Consumer
ORD104333,2025-07-03,CUST1333,Keyboard,Electronics,3,89.76,0.1,242.35,Mumbai,Credit Card,Home Office
ORD104334,2025-06-08,CUST1334,Blender,Home Appliances,2,170.22,0.0,340.44,Pune,Debit Card,Consumer
ORD104335,2025-07-13,CUST1335,Laptop,Electronics,4,1343.21,0.15,4566.91,Delhi,Credit Card,Consumer
ORD104336,2025-01-02,CUST1336,Watch,Fashion,5,259.06,0.0,1295.3,Hyderabad,Credit Card,Consumer
ORD104337,2025-08-03,CUST1337,Backpack,Accessories,2,50.32,0.05,95.61,Chennai,Credit Card,Consumer
ORD104338,2025-06-24,CUST1338,Office Chair,Furniture,2,217.42,0.05,413.1,Kochi,Debit Card,Consumer
ORD104339,2025-03-16,CUST1339,Office Chair,Furniture,2,230.63,0.0,461.26,Bengaluru,Credit Card,Corporate
ORD104340,2025-10-12,CUST1340,Laptop,Electronics,2,699.5,0.1,1259.1,Chennai,Net Banking,Consumer
ORD104341,2025-05-07,CUST1341,Book,Books,2,6.09,0.1,10.96,Salem,Credit Card,Home Office
ORD104342,2025-02-18,CUST1342,Watch,Fashion,4,286.19,0.1,1030.28,Pune,Debit Card,Consumer
ORD104343,2025-02-01,CUST1343,Coffee Maker,Home Appliances,1,90.55,0.0,90.55,Salem,Debit Card,Consumer
ORD104344,2025-06-07,CUST1344,Desk,Furniture,5,219.97,0.0,1099.85,Delhi,Cash,Consumer
ORD104345,2025-01-15,CUST1345,Book,Books,1,7.92,0.0,7.92,Kochi,Credit Card,Corporate
ORD104346,2025-11-14,CUST1346,T-Shirt,Fashion,2,56.43,0.2,90.29,Delhi,Debit Card,Consumer
ORD104347,2025-11-30,CUST1347,T-Shirt,Fashion,1,38.99,0.0,38.99,Pune,Credit Card,Consumer
ORD104348,2025-08-31,CUST1348,Shoes,Fashion,4,130.06,0.05,494.23,Chennai,UPI,Home Office
ORD104349,2025-01-17,CUST1349,Office Chair,Furniture,3,371.7,0.15,947.83,Salem,Net Banking,Home Office
ORD104350,2025-01-22,CUST1350,Laptop,Electronics,1,878.34,0.1,790.51,Chennai,Net Banking,Consumer
ORD104351,2025-09-01,CUST1351,T-Shirt,Fashion,5,41.08,0.15,174.59,Delhi,Credit Card,Consumer
ORD104352,2025-03-22,CUST1352,Laptop,Electronics,4,586.86,0.2,1877.95,Madurai,Net Banking,Consumer
ORD104353,2025-05-24,CUST1353,Shoes,Fashion,3,58.02,0.05,165.36,Bengaluru,Net Banking,Consumer
ORD104354,2025-01-08,CUST1354,Office Chair,Furniture,4,346.0,0.0,1384.0,Salem,UPI,Home Office
ORD104355,2025-06-16,CUST1355,Headphones,Electronics,2,197.52,0.0,395.04,Kochi,Net Banking,Consumer
ORD104356,2025-10-14,CUST1356,Coffee Maker,Home Appliances,3,113.63,0.0,340.89,Mumbai,Net Banking,Consumer
ORD104357,2025-09-25,CUST1357,Backpack,Accessories,5,57.68,0.05,273.98,Delhi,Debit Card,Consumer
ORD104358,2025-10-16,CUST1358,Backpack,Accessories,3,73.36,0.0,220.08,Delhi,Net Banking,Consumer
ORD104359,2025-07-05,CUST1359,T-Shirt,Fashion,5,10.01,0.1,45.04,Salem,Credit Card,Corporate
ORD104360,2025-01-12,CUST1360,Backpack,Accessories,2,44.12,0.0,88.24,Bengaluru,Net Banking,Home Office
ORD104361,2025-10-08,CUST1361,Air Fryer,Home Appliances,5,99.56,0.0,497.8,Mumbai,Credit Card,Consumer
ORD104362,2025-10-31,CUST1362,Coffee Maker,Home Appliances,4,92.6,0.1,333.36,Coimbatore,Net Banking,Consumer
ORD104363,2025-03-24,CUST1363,Book,Books,1,33.21,0.0,33.21,Chennai,Credit Card,Consumer
ORD104364,2025-02-24,CUST1364,Headphones,Electronics,4,87.93,0.1,316.55,Salem,Net Banking,Consumer
ORD104365,2025-05-11,CUST1365,Coffee Maker,Home Appliances,4,80.22,0.2,256.7,Bengaluru,Credit Card,Consumer
ORD104366,2025-05-05,CUST1366,Air Fryer,Home Appliances,3,155.81,0.1,420.69,Hyderabad,Net Banking,Home Office
ORD104367,2025-11-21,CUST1367,Notebook,Stationery,2,13.25,0.0,26.5,Madurai,UPI,Consumer
ORD104368,2025-02-20,CUST1368,Book,Books,1,13.45,0.15,11.43,Coimbatore,Debit Card,Consumer
ORD104369,2025-01-27,CUST1369,Air Fryer,Home Appliances,5,74.92,0.0,374.6,Bengaluru,Debit Card,Consumer
ORD104370,2025-06-14,CUST1370,Laptop,Electronics,3,888.58,0.1,2399.17,Bengaluru,Debit Card,Consumer
ORD104371,2025-10-08,CUST1371,Shoes,Fashion,2,142.15,0.0,284.3,Delhi,Debit Card,Consumer
ORD104372,2025-02-02,CUST1372,Blender,Home Appliances,1,112.6,0.0,112.6,Mumbai,UPI,Corporate
ORD104373,2025-03-03,CUST1373,Headphones,Electronics,4,208.78,0.2,668.1,Bengaluru,UPI,Consumer
ORD104374,2025-05-25,CUST1374,Blender,Home Appliances,2,173.94,0.05,330.49,Hyderabad,Net Banking,Consumer
ORD104375,2025-06-20,CUST1375,Shoes,Fashion,2,148.9,0.15,253.13,Pune,UPI,Consumer
ORD104376,2025-10-13,CUST1376,Shoes,Fashion,2,120.57,0.05,229.08,Bengaluru,Debit Card,Consumer
ORD104377,2025-10-24,CUST1377,Air Fryer,Home Appliances,4,153.73,0.15,522.68,Madurai,Cash,Consumer
ORD104378,2025-04-27,CUST1378,Office Chair,Furniture,5,92.82,0.2,371.28,Kochi,Net Banking,Consumer
ORD104379,2025-01-04,CUST1379,Air Fryer,Home Appliances,3,247.02,0.05,704.01,Chennai,Credit Card,Corporate
ORD104380,2025-03-07,CUST1380,Blender,Home Appliances,5,87.52,0.05,415.72,Mumbai,Debit Card,Corporate
ORD104381,2025-03-01,CUST1381,Air Fryer,Home Appliances,1,88.92,0.1,80.03,Hyderabad,Debit Card,Home Office
ORD104382,2025-10-14,CUST1382,Laptop,Electronics,3,1183.37,0.15,3017.59,Mumbai,Debit Card,Corporate
ORD104383,2025-12-11,CUST1383,Air Fryer,Home Appliances,1,114.01,0.0,114.01,Bengaluru,UPI,Consumer
ORD104384,2025-08-17,CUST1384,Watch,Fashion,4,192.3,0.1,692.28,Salem,Credit Card,Consumer
ORD104385,2025-04-10,CUST1385,Backpack,Accessories,5,78.68,0.0,393.4,Coimbatore,Net Banking,Consumer
ORD104386,2025-04-29,CUST1386,Blender,Home Appliances,2,96.86,0.0,193.72,Kochi,Debit Card,Consumer
ORD104387,2025-03-10,CUST1387,Watch,Fashion,3,257.39,0.0,772.17,Madurai,Credit Card,Consumer
ORD104388,2025-06-01,CUST1388,Office Chair,Furniture,2,164.79,0.1,296.62,Kochi,Cash,Corporate
ORD104389,2025-10-07,CUST1389,Shoes,Fashion,1,97.29,0.15,82.7,Hyderabad,UPI,Consumer
ORD104390,2025-08-09,CUST1390,T-Shirt,Fashion,2,36.88,0.05,70.07,Chennai,Debit Card,Home Office
ORD104391,2025-08-11,CUST1391,Coffee Maker,Home Appliances,2,179.36,0.05,340.78,Hyderabad,Credit Card,Consumer
ORD104392,2025-06-14,CUST1392,Book,Books,4,32.44,0.1,116.78,Madurai,Credit Card,Consumer
ORD104393,2025-07-30,CUST1393,Backpack,Accessories,4,59.48,0.05,226.02,Salem,Debit Card,Home Office
ORD104394,2025-10-06,CUST1394,Book,Books,5,27.61,0.15,117.34,Madurai,Credit Card,Consumer
ORD104395,2025-03-04,CUST1395,Air Fryer,Home Appliances,1,88.62,0.05,84.19,Mumbai,Credit Card,Home Office
ORD104396,2025-09-19,CUST1396,Notebook,Stationery,4,14.12,0.0,56.48,Mumbai,Net Banking,Consumer
ORD104397,2025-01-06,CUST1397,Backpack,Accessories,4,58.31,0.0,233.24,Salem,UPI,Corporate
ORD104398,2025-09-05,CUST1398,Laptop,Electronics,5,1243.05,0.15,5282.96,Bengaluru,Net Banking,Consumer
ORD104399,2025-08-17,CUST1399,Notebook,Stationery,3,2.26,0.2,5.42,Delhi,UPI,Consumer
ORD104400,2025-10-13,CUST1400,Keyboard,Electronics,5,46.67,0.0,233.35,Pune,UPI,Corporate
ORD104401,2025-09-14,CUST1401,Smartphone,Electronics,2,712.73,0.0,1425.46,Salem,Net Banking,Consumer
ORD104402,2025-03-04,CUST1402,Smartphone,Electronics,2,1084.34,0.05,2060.25,Madurai,Debit Card,Consumer
ORD104403,2025-01-28,CUST1403,Smartphone,Electronics,4,750.89,0.1,2703.2,Pune,Credit Card,Corporate
ORD104404,2025-12-11,CUST1404,Keyboard,Electronics,4,140.88,0.1,507.17,Bengaluru,Cash,Home Office
ORD104405,2025-02-22,CUST1405,Book,Books,5,21.93,0.2,87.72,Pune,Net Banking,Consumer
ORD104406,2025-09-09,CUST1406,Laptop,Electronics,5,1015.93,0.15,4317.7,Coimbatore,Net Banking,Consumer
ORD104407,2025-02-07,CUST1407,Notebook,Stationery,1,3.56,0.15,3.03,Chennai,Debit Card,Corporate
ORD104408,2025-11-04,CUST1408,Keyboard,Electronics,2,124.35,0.05,236.26,Hyderabad,Credit Card,Corporate
ORD104409,2025-11-30,CUST1409,Smartphone,Electronics,5,484.62,0.0,2423.1,Pune,Net Banking,Home Office
ORD104410,2025-05-19,CUST1410,Office Chair,Furniture,3,367.88,0.1,993.28,Madurai,Cash,Consumer
ORD104411,2025-02-22,CUST1411,Headphones,Electronics,1,229.94,0.05,218.44,Mumbai,Credit Card,Consumer
ORD104412,2025-04-04,CUST1412,Notebook,Stationery,5,14.26,0.0,71.3,Kochi,Net Banking,Consumer
ORD104413,2025-04-04,CUST1413,Blender,Home Appliances,4,108.03,0.0,432.12,Pune,Net Banking,Consumer
ORD104414,2025-09-20,CUST1414,Shoes,Fashion,5,131.56,0.05,624.91,Mumbai,UPI,Consumer
ORD104415,2025-11-19,CUST1415,Keyboard,Electronics,4,121.21,0.05,460.6,Bengaluru,UPI,Consumer
ORD104416,2025-05-17,CUST1416,Laptop,Electronics,4,674.46,0.05,2562.95,Bengaluru,Net Banking,Consumer
ORD104417,2025-09-13,CUST1417,Laptop,Electronics,2,1120.91,0.0,2241.82,Delhi,Debit Card,Consumer
ORD104418,2025-02-06,CUST1418,Blender,Home Appliances,2,35.14,0.05,66.77,Salem,UPI,Home Office
ORD104419,2025-05-22,CUST1419,Watch,Fashion,5,169.37,0.0,846.85,Hyderabad,Net Banking,Corporate
ORD104420,2025-05-27,CUST1420,Headphones,Electronics,5,59.84,0.1,269.28,Bengaluru,Credit Card,Consumer
ORD104421,2025-01-08,CUST1421,Notebook,Stationery,3,4.38,0.05,12.48,Hyderabad,Cash,Home Office
ORD104422,2025-09-08,CUST1422,T-Shirt,Fashion,1,28.25,0.15,24.01,Bengaluru,UPI,Home Office
ORD104423,2025-05-15,CUST1423,Backpack,Accessories,1,63.24,0.1,56.92,Salem,Net Banking,Consumer
ORD104424,2025-02-28,CUST1424,Smartphone,Electronics,5,842.01,0.1,3789.04,Delhi,UPI,Consumer
ORD104425,2025-05-03,CUST1425,Notebook,Stationery,2,2.97,0.1,5.35,Pune,Credit Card,Consumer
ORD104426,2025-09-20,CUST1426,Air Fryer,Home Appliances,3,155.7,0.05,443.74,Hyderabad,Debit Card,Consumer
ORD104427,2025-04-30,CUST1427,T-Shirt,Fashion,1,19.13,0.0,19.13,Bengaluru,Net Banking,Consumer
ORD104428,2025-09-16,CUST1428,Watch,Fashion,5,189.23,0.1,851.54,Bengaluru,Credit Card,Consumer
ORD104429,2025-11-19,CUST1429,Smartphone,Electronics,2,855.53,0.05,1625.51,Bengaluru,Cash,Consumer
ORD104430,2025-01-18,CUST1430,Headphones,Electronics,2,150.26,0.05,285.49,Madurai,Net Banking,Consumer
ORD104431,2025-10-28,CUST1431,Coffee Maker,Home Appliances,2,195.04,0.05,370.58,Bengaluru,Cash,Consumer
ORD104432,2025-12-19,CUST1432,Air Fryer,Home Appliances,4,123.77,0.15,420.82,Bengaluru,Debit Card,Consumer
ORD104433,2025-04-02,CUST1433,Watch,Fashion,2,238.93,0.0,477.86,Kochi,Net Banking,Consumer
ORD104434,2025-06-13,CUST1434,Book,Books,5,20.15,0.0,100.75,Hyderabad,Net Banking,Consumer
ORD104435,2025-05-24,CUST1435,Smartphone,Electronics,3,709.98,0.2,1703.95,Pune,Credit Card,Consumer
ORD104436,2025-12-01,CUST1436,Headphones,Electronics,5,170.82,0.15,725.98,Bengaluru,UPI,Corporate
ORD104437,2025-11-11,CUST1437,Desk,Furniture,2,109.18,0.0,218.36,Kochi,Net Banking,Corporate
ORD104438,2025-08-26,CUST1438,T-Shirt,Fashion,3,42.7,0.15,108.89,Bengaluru,Debit Card,Consumer
ORD104439,2025-06-23,CUST1439,T-Shirt,Fashion,1,40.93,0.0,40.93,Mumbai,Net Banking,Home Office
ORD104440,2025-03-24,CUST1440,Backpack,Accessories,1,50.98,0.1,45.88,Coimbatore,Net Banking,Corporate
ORD104441,2025-06-06,CUST1441,Blender,Home Appliances,5,42.87,0.05,203.63,Mumbai,Net Banking,Consumer
ORD104442,2025-04-19,CUST1442,Headphones,Electronics,3,45.46,0.05,129.56,Delhi,Net Banking,Consumer
ORD104443,2025-06-27,CUST1443,Keyboard,Electronics,5,140.02,0.1,630.09,Pune,Debit Card,Consumer
ORD104444,2025-09-07,CUST1444,Desk,Furniture,3,444.64,0.0,1333.92,Chennai,Credit Card,Consumer
ORD104445,2025-09-10,CUST1445,Coffee Maker,Home Appliances,3,66.69,0.0,200.07,Chennai,UPI,Consumer
ORD104446,2025-02-24,CUST1446,Office Chair,Furniture,5,194.15,0.1,873.68,Madurai,Debit Card,Consumer
ORD104447,2025-06-04,CUST1447,Smartphone,Electronics,3,812.86,0.0,2438.58,Salem,Debit Card,Home Office
ORD104448,2025-04-01,CUST1448,Air Fryer,Home Appliances,2,218.76,0.2,350.02,Coimbatore,Cash,Consumer
ORD104449,2025-12-05,CUST1449,Desk,Furniture,3,121.83,0.05,347.22,Chennai,UPI,Consumer
ORD104450,2025-05-06,CUST1450,Headphones,Electronics,3,78.24,0.0,234.72,Chennai,Credit Card,Consumer
ORD104451,2025-12-03,CUST1451,Book,Books,5,36.14,0.1,162.63,Salem,Credit Card,Home Office
ORD104452,2025-06-18,CUST1452,Shoes,Fashion,1,31.37,0.0,31.37,Pune,Cash,Consumer
ORD104453,2025-05-19,CUST1453,Smartphone,Electronics,4,441.33,0.0,1765.32,Delhi,Cash,Consumer
ORD104454,2025-01-05,CUST1454,Laptop,Electronics,3,1461.07,0.05,4164.05,Madurai,Debit Card,Consumer
ORD104455,2025-03-07,CUST1455,T-Shirt,Fashion,4,40.67,0.2,130.14,Pune,Credit Card,Consumer
ORD104456,2025-04-21,CUST1456,Book,Books,3,14.16,0.05,40.36,Bengaluru,Credit Card,Consumer
ORD104457,2025-07-03,CUST1457,Blender,Home Appliances,5,40.05,0.0,200.25,Bengaluru,Credit Card,Corporate
ORD104458,2025-09-25,CUST1458,Headphones,Electronics,5,31.34,0.05,148.86,Coimbatore,Debit Card,Consumer
ORD104459,2025-06-19,CUST1459,Coffee Maker,Home Appliances,3,91.4,0.0,274.2,Kochi,Credit Card,Consumer
ORD104460,2025-12-28,CUST1460,Laptop,Electronics,5,1387.41,0.0,6937.05,Coimbatore,Net Banking,Consumer
ORD104461,2025-09-01,CUST1461,Backpack,Accessories,5,61.59,0.15,261.76,Chennai,Cash,Home Office
ORD104462,2025-11-27,CUST1462,Air Fryer,Home Appliances,3,196.86,0.2,472.46,Pune,Cash,Consumer
ORD104463,2025-05-18,CUST1463,Notebook,Stationery,1,13.94,0.0,13.94,Coimbatore,Cash,Corporate
ORD104464,2025-01-28,CUST1464,Watch,Fashion,3,146.09,0.05,416.36,Hyderabad,Cash,Consumer
ORD104465,2025-01-07,CUST1465,Office Chair,Furniture,1,141.21,0.2,112.97,Madurai,Net Banking,Consumer
ORD104466,2025-11-29,CUST1466,Office Chair,Furniture,5,245.48,0.0,1227.4,Kochi,UPI,Corporate
ORD104467,2025-11-13,CUST1467,Book,Books,1,36.78,0.0,36.78,Kochi,Credit Card,Consumer
ORD104468,2025-02-20,CUST1468,Laptop,Electronics,5,1314.16,0.15,5585.18,Bengaluru,Cash,Consumer
ORD104469,2025-05-16,CUST1469,Notebook,Stationery,1,2.86,0.1,2.57,Mumbai,Credit Card,Consumer
ORD104470,2025-06-27,CUST1470,Notebook,Stationery,1,11.0,0.0,11.0,Hyderabad,Credit Card,Consumer
ORD104471,2025-05-09,CUST1471,T-Shirt,Fashion,3,38.59,0.05,109.98,Kochi,Net Banking,Consumer
ORD104472,2025-07-16,CUST1472,Backpack,Accessories,1,110.75,0.0,110.75,Pune,Credit Card,Consumer
ORD104473,2025-09-24,CUST1473,Shoes,Fashion,5,48.37,0.05,229.76,Pune,Cash,Consumer
ORD104474,2025-04-17,CUST1474,T-Shirt,Fashion,3,36.7,0.1,99.09,Salem,Credit Card,Consumer
ORD104475,2025-02-17,CUST1475,Desk,Furniture,1,539.73,0.05,512.74,Salem,Net Banking,Consumer
ORD104476,2025-05-18,CUST1476,Blender,Home Appliances,3,91.5,0.1,247.05,Pune,Cash,Consumer
ORD104477,2025-04-13,CUST1477,Office Chair,Furniture,4,234.24,0.0,936.96,Coimbatore,Net Banking,Consumer
ORD104478,2025-02-16,CUST1478,Desk,Furniture,3,135.23,0.0,405.69,Pune,Debit Card,Consumer
ORD104479,2025-06-02,CUST1479,Coffee Maker,Home Appliances,4,98.41,0.0,393.64,Hyderabad,UPI,Corporate
ORD104480,2025-01-06,CUST1480,Smartphone,Electronics,4,558.28,0.15,1898.15,Bengaluru,Credit Card,Consumer
ORD104481,2025-01-11,CUST1481,Keyboard,Electronics,3,142.87,0.1,385.75,Mumbai,Credit Card,Consumer
ORD104482,2025-01-17,CUST1482,Headphones,Electronics,5,88.6,0.0,443.0,Chennai,Credit Card,Corporate
ORD104483,2025-05-23,CUST1483,Air Fryer,Home Appliances,5,147.57,0.05,700.96,Kochi,Debit Card,Consumer
ORD104484,2025-09-29,CUST1484,Backpack,Accessories,5,87.13,0.15,370.3,Madurai,UPI,Consumer
ORD104485,2025-11-08,CUST1485,T-Shirt,Fashion,2,18.11,0.05,34.41,Mumbai,Net Banking,Consumer
ORD104486,2025-03-07,CUST1486,Office Chair,Furniture,4,235.66,0.0,942.64,Bengaluru,Debit Card,Consumer
ORD104487,2025-12-05,CUST1487,Desk,Furniture,3,469.27,0.0,1407.81,Salem,Debit Card,Consumer
ORD104488,2025-11-27,CUST1488,Watch,Fashion,5,265.38,0.0,1326.9,Pune,Cash,Consumer
ORD104489,2025-09-13,CUST1489,Book,Books,5,26.92,0.15,114.41,Coimbatore,Debit Card,Consumer
ORD104490,2025-05-07,CUST1490,Blender,Home Appliances,3,130.36,0.05,371.53,Salem,Debit Card,Corporate
ORD104491,2025-05-11,CUST1491,Blender,Home Appliances,4,48.94,0.1,176.18,Bengaluru,Credit Card,Consumer
ORD104492,2025-01-18,CUST1492,Smartphone,Electronics,3,1148.49,0.15,2928.65,Madurai,Cash,Consumer
ORD104493,2025-07-26,CUST1493,Headphones,Electronics,2,54.83,0.2,87.73,Chennai,Net Banking,Home Office
ORD104494,2025-03-30,CUST1494,Headphones,Electronics,2,199.3,0.0,398.6,Madurai,UPI,Consumer
ORD104495,2025-08-31,CUST1495,Blender,Home Appliances,3,69.72,0.0,209.16,Coimbatore,Net Banking,Consumer
ORD104496,2025-12-16,CUST1496,Blender,Home Appliances,4,170.04,0.05,646.15,Hyderabad,Cash,Corporate
ORD104497,2025-01-17,CUST1497,Notebook,Stationery,5,11.36,0.0,56.8,Salem,Credit Card,Consumer
ORD104498,2025-08-11,CUST1498,T-Shirt,Fashion,2,47.69,0.1,85.84,Delhi,UPI,Home Office
ORD104499,2025-12-29,CUST1499,Notebook,Stationery,2,4.85,0.15,8.24,Pune,Net Banking,Consumer
ORD104500,2025-07-29,CUST1500,Backpack,Accessories,4,64.3,0.1,231.48,Bengaluru,UPI,Consumer
ORD104501,2025-04-09,CUST1501,Shoes,Fashion,2,122.67,0.0,245.34,Madurai,UPI,Consumer
ORD104502,2025-01-13,CUST1502,Coffee Maker,Home Appliances,2,201.69,0.0,403.38,Hyderabad,UPI,Consumer
ORD104503,2025-11-15,CUST1503,Watch,Fashion,4,67.03,0.05,254.71,Mumbai,Debit Card,Home Office
ORD104504,2025-09-27,CUST1504,Coffee Maker,Home Appliances,3,242.1,0.15,617.35,Kochi,Cash,Corporate
ORD104505,2025-07-06,CUST1505,T-Shirt,Fashion,5,54.51,0.0,272.55,Bengaluru,Cash,Consumer
ORD104506,2025-10-01,CUST1506,Desk,Furniture,5,235.17,0.0,1175.85,Kochi,Credit Card,Consumer
ORD104507,2025-05-13,CUST1507,Keyboard,Electronics,2,126.96,0.0,253.92,Coimbatore,Net Banking,Home Office
ORD104508,2025-01-14,CUST1508,Blender,Home Appliances,5,107.75,0.2,431.0,Kochi,Credit Card,Corporate
ORD104509,2025-10-08,CUST1509,Laptop,Electronics,3,988.72,0.1,2669.54,Salem,Net Banking,Consumer
ORD104510,2025-02-13,CUST1510,Shoes,Fashion,2,77.17,0.15,131.19,Kochi,UPI,Corporate
ORD104511,2025-10-22,CUST1511,Backpack,Accessories,5,78.1,0.1,351.45,Delhi,Net Banking,Home Office
ORD104512,2025-04-14,CUST1512,Smartphone,Electronics,1,943.39,0.05,896.22,Mumbai,Net Banking,Corporate
ORD104513,2025-03-03,CUST1513,Shoes,Fashion,1,91.64,0.0,91.64,Madurai,UPI,Consumer
ORD104514,2025-02-22,CUST1514,Blender,Home Appliances,1,124.38,0.0,124.38,Delhi,Credit Card,Home Office
ORD104515,2025-11-05,CUST1515,Office Chair,Furniture,1,303.78,0.05,288.59,Coimbatore,Net Banking,Consumer
ORD104516,2025-04-28,CUST1516,Backpack,Accessories,1,91.11,0.15,77.44,Delhi,Credit Card,Corporate
ORD104517,2025-11-17,CUST1517,Keyboard,Electronics,2,26.76,0.0,53.52,Coimbatore,Credit Card,Consumer
ORD104518,2025-05-11,CUST1518,Office Chair,Furniture,4,355.12,0.0,1420.48,Delhi,Cash,Home Office
ORD104519,2025-10-26,CUST1519,Shoes,Fashion,4,98.74,0.05,375.21,Bengaluru,UPI,Consumer
ORD104520,2025-11-02,CUST1520,Laptop,Electronics,2,799.3,0.0,1598.6,Delhi,UPI,Consumer
ORD104521,2025-07-18,CUST1521,Laptop,Electronics,2,779.68,0.1,1403.42,Delhi,Debit Card,Consumer
ORD104522,2025-02-05,CUST1522,Notebook,Stationery,3,8.28,0.0,24.84,Coimbatore,Credit Card,Consumer
ORD104523,2025-10-06,CUST1523,Keyboard,Electronics,4,135.29,0.0,541.16,Madurai,Debit Card,Home Office
ORD104524,2025-08-04,CUST1524,Headphones,Electronics,1,110.13,0.05,104.62,Kochi,UPI,Home Office
ORD104525,2025-03-15,CUST1525,Air Fryer,Home Appliances,2,202.45,0.05,384.66,Chennai,UPI,Consumer
ORD104526,2025-11-02,CUST1526,Watch,Fashion,1,65.17,0.05,61.91,Chennai,Debit Card,Consumer
ORD104527,2025-02-24,CUST1527,Blender,Home Appliances,4,101.41,0.0,405.64,Mumbai,UPI,Consumer
ORD104528,2025-01-12,CUST1528,Smartphone,Electronics,5,1192.1,0.15,5066.42,Salem,UPI,Consumer
ORD104529,2025-03-24,CUST1529,Blender,Home Appliances,5,145.57,0.0,727.85,Chennai,Cash,Corporate
ORD104530,2025-02-01,CUST1530,Headphones,Electronics,2,72.37,0.0,144.74,Coimbatore,Net Banking,Corporate
ORD104531,2025-03-27,CUST1531,Coffee Maker,Home Appliances,3,145.3,0.1,392.31,Chennai,Cash,Consumer
ORD104532,2025-08-20,CUST1532,Notebook,Stationery,1,5.04,0.0,5.04,Mumbai,Net Banking,Consumer
ORD104533,2025-10-02,CUST1533,Notebook,Stationery,2,7.32,0.05,13.91,Salem,Cash,Corporate
ORD104534,2025-07-20,CUST1534,Coffee Maker,Home Appliances,3,203.82,0.2,489.17,Pune,Cash,Consumer
ORD104535,2025-02-20,CUST1535,Book,Books,1,31.99,0.1,28.79,Mumbai,Credit Card,Consumer
ORD104536,2025-11-16,CUST1536,Coffee Maker,Home Appliances,4,87.9,0.1,316.44,Coimbatore,Debit Card,Consumer
ORD104537,2025-09-13,CUST1537,Laptop,Electronics,5,1426.11,0.05,6774.02,Pune,Cash,Consumer
ORD104538,2025-08-29,CUST1538,Laptop,Electronics,3,1112.94,0.0,3338.82,Delhi,Credit Card,Consumer
ORD104539,2025-07-24,CUST1539,Desk,Furniture,1,289.96,0.05,275.46,Pune,Cash,Home Office
ORD104540,2025-07-15,CUST1540,Office Chair,Furniture,2,240.62,0.0,481.24,Chennai,Debit Card,Consumer
ORD104541,2025-09-01,CUST1541,Shoes,Fashion,1,120.76,0.2,96.61,Mumbai,Credit Card,Corporate
ORD104542,2025-11-16,CUST1542,Smartphone,Electronics,2,781.9,0.0,1563.8,Kochi,Net Banking,Consumer
ORD104543,2025-01-01,CUST1543,Keyboard,Electronics,5,83.23,0.05,395.34,Pune,Debit Card,Consumer
ORD104544,2025-03-30,CUST1544,Shoes,Fashion,5,105.74,0.15,449.39,Delhi,UPI,Consumer
ORD104545,2025-10-09,CUST1545,Blender,Home Appliances,1,56.46,0.1,50.81,Delhi,Credit Card,Consumer
ORD104546,2025-05-19,CUST1546,Desk,Furniture,1,506.37,0.2,405.1,Coimbatore,UPI,Consumer
ORD104547,2025-03-28,CUST1547,Laptop,Electronics,2,1064.67,0.1,1916.41,Coimbatore,Credit Card,Corporate
ORD104548,2025-01-02,CUST1548,Notebook,Stationery,2,3.7,0.0,7.4,Pune,Net Banking,Corporate
ORD104549,2025-12-15,CUST1549,Keyboard,Electronics,3,119.6,0.15,304.98,Bengaluru,Credit Card,Home Office
ORD104550,2025-06-17,CUST1550,Laptop,Electronics,3,1435.82,0.0,4307.46,Delhi,Cash,Consumer
ORD104551,2025-04-29,CUST1551,Air Fryer,Home Appliances,3,239.99,0.0,719.97,Mumbai,UPI,Consumer
ORD104552,2025-03-21,CUST1552,Smartphone,Electronics,1,600.57,0.1,540.51,Bengaluru,UPI,Consumer
ORD104553,2025-04-21,CUST1553,Office Chair,Furniture,3,123.37,0.1,333.1,Delhi,Credit Card,Consumer
ORD104554,2025-06-14,CUST1554,Book,Books,1,23.14,0.15,19.67,Bengaluru,Cash,Consumer
ORD104555,2025-08-07,CUST1555,Shoes,Fashion,5,46.89,0.2,187.56,Kochi,Cash,Corporate
ORD104556,2025-01-05,CUST1556,Shoes,Fashion,4,170.1,0.15,578.34,Pune,Credit Card,Consumer
ORD104557,2025-08-03,CUST1557,Coffee Maker,Home Appliances,5,78.55,0.0,392.75,Madurai,Debit Card,Home Office
ORD104558,2025-07-14,CUST1558,Headphones,Electronics,1,81.87,0.1,73.68,Mumbai,Net Banking,Consumer
ORD104559,2025-10-09,CUST1559,Coffee Maker,Home Appliances,1,125.39,0.1,112.85,Coimbatore,Credit Card,Consumer
ORD104560,2025-01-06,CUST1560,Air Fryer,Home Appliances,4,132.8,0.2,424.96,Salem,Cash,Consumer
ORD104561,2025-10-27,CUST1561,Keyboard,Electronics,2,123.31,0.05,234.29,Kochi,Net Banking,Consumer
ORD104562,2025-02-27,CUST1562,Watch,Fashion,2,158.64,0.0,317.28,Chennai,Credit Card,Home Office
ORD104563,2025-12-03,CUST1563,Coffee Maker,Home Appliances,2,75.86,0.15,128.96,Delhi,Net Banking,Corporate
ORD104564,2025-10-29,CUST1564,Book,Books,3,14.35,0.0,43.05,Coimbatore,Debit Card,Corporate
ORD104565,2025-04-12,CUST1565,Desk,Furniture,2,354.56,0.05,673.66,Delhi,Cash,Home Office
ORD104566,2025-02-17,CUST1566,Coffee Maker,Home Appliances,3,70.97,0.05,202.26,Hyderabad,Debit Card,Consumer
ORD104567,2025-10-03,CUST1567,Coffee Maker,Home Appliances,3,168.45,0.05,480.08,Mumbai,Debit Card,Consumer
ORD104568,2025-06-12,CUST1568,Watch,Fashion,2,187.09,0.1,336.76,Salem,Cash,Home Office
ORD104569,2025-11-28,CUST1569,Headphones,Electronics,2,185.81,0.05,353.04,Pune,Debit Card,Consumer
ORD104570,2025-07-15,CUST1570,Smartphone,Electronics,4,1140.82,0.1,4106.95,Delhi,Credit Card,Consumer
ORD104571,2025-12-31,CUST1571,Desk,Furniture,4,556.13,0.0,2224.52,Coimbatore,Credit Card,Consumer
ORD104572,2025-11-20,CUST1572,Coffee Maker,Home Appliances,3,238.68,0.0,716.04,Madurai,Net Banking,Consumer
ORD104573,2025-05-12,CUST1573,Air Fryer,Home Appliances,4,106.5,0.0,426.0,Delhi,Credit Card,Corporate
ORD104574,2025-03-07,CUST1574,Notebook,Stationery,3,3.71,0.1,10.02,Delhi,Credit Card,Consumer
ORD104575,2025-03-24,CUST1575,Office Chair,Furniture,1,176.73,0.0,176.73,Madurai,Net Banking,Consumer
ORD104576,2025-09-22,CUST1576,Book,Books,3,36.33,0.1,98.09,Salem,UPI,Consumer
ORD104577,2025-08-17,CUST1577,Watch,Fashion,3,292.73,0.1,790.37,Mumbai,Cash,Consumer
ORD104578,2025-09-30,CUST1578,Office Chair,Furniture,4,354.98,0.1,1277.93,Delhi,Credit Card,Home Office
ORD104579,2025-08-07,CUST1579,Watch,Fashion,1,68.6,0.1,61.74,Delhi,Net Banking,Consumer
ORD104580,2025-08-13,CUST1580,Air Fryer,Home Appliances,5,240.01,0.05,1140.05,Pune,Debit Card,Consumer
ORD104581,2025-04-23,CUST1581,Office Chair,Furniture,5,215.47,0.05,1023.48,Madurai,Debit Card,Consumer
ORD104582,2025-05-20,CUST1582,Watch,Fashion,5,42.42,0.05,201.5,Mumbai,Credit Card,Consumer
ORD104583,2025-07-04,CUST1583,Blender,Home Appliances,1,96.36,0.0,96.36,Mumbai,Cash,Consumer
ORD104584,2025-06-22,CUST1584,Office Chair,Furniture,2,94.74,0.15,161.06,Hyderabad,Net Banking,Corporate
ORD104585,2025-01-11,CUST1585,Headphones,Electronics,1,147.37,0.15,125.26,Salem,Net Banking,Consumer
ORD104586,2025-06-08,CUST1586,Backpack,Accessories,4,53.86,0.0,215.44,Hyderabad,Net Banking,Consumer
ORD104587,2025-07-24,CUST1587,Desk,Furniture,3,336.72,0.05,959.65,Kochi,Net Banking,Corporate
ORD104588,2025-08-18,CUST1588,Keyboard,Electronics,3,99.71,0.15,254.26,Chennai,Net Banking,Corporate
ORD104589,2025-01-26,CUST1589,Smartphone,Electronics,4,1075.36,0.0,4301.44,Salem,Cash,Consumer
ORD104590,2025-11-15,CUST1590,Blender,Home Appliances,4,129.29,0.1,465.44,Kochi,Net Banking,Consumer
ORD104591,2025-06-08,CUST1591,T-Shirt,Fashion,3,31.7,0.0,95.1,Chennai,Cash,Consumer
ORD104592,2025-10-05,CUST1592,Laptop,Electronics,2,1328.46,0.05,2524.07,Coimbatore,Cash,Consumer
ORD104593,2025-05-28,CUST1593,Air Fryer,Home Appliances,2,232.06,0.15,394.5,Salem,Cash,Consumer
ORD104594,2025-09-23,CUST1594,Air Fryer,Home Appliances,2,82.75,0.05,157.22,Madurai,Debit Card,Consumer
ORD104595,2025-03-24,CUST1595,Coffee Maker,Home Appliances,4,151.71,0.1,546.16,Kochi,UPI,Consumer
ORD104596,2025-01-26,CUST1596,Notebook,Stationery,3,5.7,0.15,14.54,Delhi,Credit Card,Corporate
ORD104597,2025-03-12,CUST1597,Book,Books,3,6.65,0.1,17.96,Hyderabad,Debit Card,Corporate
ORD104598,2025-02-06,CUST1598,Keyboard,Electronics,3,106.91,0.1,288.66,Chennai,UPI,Consumer
ORD104599,2025-05-13,CUST1599,Laptop,Electronics,1,1369.63,0.05,1301.15,Kochi,Debit Card,Consumer
ORD104600,2025-05-06,CUST1600,Air Fryer,Home Appliances,1,90.95,0.1,81.86,Bengaluru,Cash,Consumer
ORD104601,2025-04-25,CUST1601,Desk,Furniture,5,506.21,0.15,2151.39,Salem,Cash,Consumer
ORD104602,2025-04-02,CUST1602,Keyboard,Electronics,1,130.94,0.2,104.75,Hyderabad,Net Banking,Consumer
ORD104603,2025-08-30,CUST1603,Office Chair,Furniture,2,372.59,0.1,670.66,Mumbai,Cash,Corporate
ORD104604,2025-07-19,CUST1604,Office Chair,Furniture,2,164.89,0.1,296.8,Hyderabad,Debit Card,Consumer
ORD104605,2025-07-26,CUST1605,T-Shirt,Fashion,2,55.2,0.0,110.4,Kochi,Credit Card,Consumer
ORD104606,2025-04-27,CUST1606,Laptop,Electronics,2,854.63,0.15,1452.87,Madurai,Cash,Consumer
ORD104607,2025-08-07,CUST1607,Air Fryer,Home Appliances,5,164.94,0.1,742.23,Coimbatore,UPI,Corporate
ORD104608,2025-11-01,CUST1608,Smartphone,Electronics,2,297.98,0.1,536.36,Chennai,Debit Card,Corporate
ORD104609,2025-08-31,CUST1609,Air Fryer,Home Appliances,4,68.34,0.0,273.36,Hyderabad,UPI,Corporate
ORD104610,2025-10-19,CUST1610,Desk,Furniture,4,460.19,0.15,1564.65,Coimbatore,Net Banking,Consumer
ORD104611,2025-10-09,CUST1611,Office Chair,Furniture,4,222.23,0.0,888.92,Delhi,Net Banking,Corporate
ORD104612,2025-10-28,CUST1612,Coffee Maker,Home Appliances,1,93.82,0.0,93.82,Mumbai,Credit Card,Home Office
ORD104613,2025-11-13,CUST1613,Backpack,Accessories,3,39.04,0.1,105.41,Pune,Debit Card,Consumer
ORD104614,2025-06-21,CUST1614,Headphones,Electronics,5,175.74,0.1,790.83,Delhi,Credit Card,Consumer
ORD104615,2025-03-17,CUST1615,Headphones,Electronics,4,25.09,0.0,100.36,Bengaluru,UPI,Corporate
ORD104616,2025-07-28,CUST1616,Watch,Fashion,4,249.53,0.1,898.31,Mumbai,Credit Card,Home Office
ORD104617,2025-11-10,CUST1617,Smartphone,Electronics,2,325.29,0.05,618.05,Bengaluru,UPI,Home Office
ORD104618,2025-04-15,CUST1618,Air Fryer,Home Appliances,4,96.38,0.0,385.52,Madurai,Credit Card,Consumer
ORD104619,2025-01-26,CUST1619,Headphones,Electronics,2,111.9,0.0,223.8,Chennai,Net Banking,Home Office
ORD104620,2025-12-17,CUST1620,Watch,Fashion,2,166.06,0.15,282.3,Delhi,Debit Card,Consumer
ORD104621,2025-03-20,CUST1621,Laptop,Electronics,3,887.25,0.0,2661.75,Madurai,Credit Card,Consumer
ORD104622,2025-05-08,CUST1622,Office Chair,Furniture,1,182.63,0.0,182.63,Salem,UPI,Home Office
ORD104623,2025-05-17,CUST1623,Book,Books,2,38.74,0.1,69.73,Pune,Debit Card,Home Office
ORD104624,2025-11-30,CUST1624,Notebook,Stationery,2,10.34,0.05,19.65,Mumbai,Net Banking,Corporate
ORD104625,2025-02-05,CUST1625,Blender,Home Appliances,3,33.51,0.1,90.48,Chennai,Net Banking,Home Office
ORD104626,2025-02-28,CUST1626,Office Chair,Furniture,2,217.66,0.15,370.02,Chennai,Cash,Corporate
ORD104627,2025-08-18,CUST1627,Blender,Home Appliances,5,161.25,0.15,685.31,Hyderabad,Debit Card,Consumer
ORD104628,2025-05-04,CUST1628,Coffee Maker,Home Appliances,1,103.31,0.0,103.31,Salem,Credit Card,Home Office
ORD104629,2025-03-29,CUST1629,Backpack,Accessories,5,29.46,0.05,139.94,Chennai,Net Banking,Home Office
ORD104630,2025-12-03,CUST1630,Keyboard,Electronics,4,118.59,0.1,426.92,Kochi,Credit Card,Consumer
ORD104631,2025-05-21,CUST1631,Headphones,Electronics,1,161.35,0.0,161.35,Salem,Credit Card,Consumer
ORD104632,2025-09-30,CUST1632,Laptop,Electronics,4,1091.8,0.0,4367.2,Pune,UPI,Consumer
ORD104633,2025-02-20,CUST1633,Blender,Home Appliances,2,38.04,0.05,72.28,Pune,Credit Card,Corporate
ORD104634,2025-02-24,CUST1634,Notebook,Stationery,3,3.83,0.0,11.49,Bengaluru,Cash,Corporate
ORD104635,2025-12-03,CUST1635,Shoes,Fashion,5,123.38,0.2,493.52,Pune,Debit Card,Home Office
ORD104636,2025-05-30,CUST1636,Air Fryer,Home Appliances,4,99.49,0.1,358.16,Kochi,Debit Card,Consumer
ORD104637,2025-06-02,CUST1637,Headphones,Electronics,2,138.42,0.0,276.84,Mumbai,UPI,Corporate
ORD104638,2025-08-07,CUST1638,Air Fryer,Home Appliances,5,163.53,0.0,817.65,Coimbatore,Cash,Home Office
ORD104639,2025-08-07,CUST1639,Notebook,Stationery,5,5.69,0.2,22.76,Coimbatore,Cash,Consumer
ORD104640,2025-12-08,CUST1640,Smartphone,Electronics,4,1151.0,0.05,4373.8,Hyderabad,Debit Card,Consumer
ORD104641,2025-09-15,CUST1641,Coffee Maker,Home Appliances,2,216.92,0.1,390.46,Chennai,Cash,Consumer
ORD104642,2025-02-14,CUST1642,Keyboard,Electronics,3,113.91,0.05,324.64,Pune,Net Banking,Corporate
ORD104643,2025-09-26,CUST1643,Headphones,Electronics,4,42.55,0.15,144.67,Bengaluru,Credit Card,Corporate
ORD104644,2025-11-07,CUST1644,Air Fryer,Home Appliances,5,80.16,0.1,360.72,Hyderabad,Credit Card,Corporate
ORD104645,2025-06-09,CUST1645,Laptop,Electronics,5,1018.14,0.0,5090.7,Madurai,Debit Card,Consumer
ORD104646,2025-10-05,CUST1646,Headphones,Electronics,1,61.16,0.0,61.16,Chennai,Debit Card,Consumer
ORD104647,2025-12-11,CUST1647,Blender,Home Appliances,2,176.74,0.05,335.81,Kochi,Cash,Corporate
ORD104648,2025-02-24,CUST1648,Smartphone,Electronics,1,400.59,0.15,340.5,Coimbatore,UPI,Consumer
ORD104649,2025-05-25,CUST1649,Shoes,Fashion,3,103.12,0.0,309.36,Bengaluru,Debit Card,Consumer
ORD104650,2025-08-23,CUST1650,Desk,Furniture,4,282.06,0.1,1015.42,Hyderabad,Debit Card,Consumer
ORD104651,2025-06-28,CUST1651,T-Shirt,Fashion,5,41.97,0.0,209.85,Delhi,Debit Card,Consumer
ORD104652,2025-07-27,CUST1652,Shoes,Fashion,2,49.36,0.15,83.91,Coimbatore,Cash,Corporate
ORD104653,2025-05-16,CUST1653,Watch,Fashion,5,151.88,0.1,683.46,Kochi,Net Banking,Corporate
ORD104654,2025-12-19,CUST1654,Headphones,Electronics,1,86.81,0.05,82.47,Chennai,Debit Card,Consumer
ORD104655,2025-10-02,CUST1655,Office Chair,Furniture,1,364.08,0.0,364.08,Mumbai,Net Banking,Corporate
ORD104656,2025-11-19,CUST1656,Backpack,Accessories,4,24.06,0.0,96.24,Delhi,Cash,Consumer
ORD104657,2025-07-02,CUST1657,Office Chair,Furniture,2,372.39,0.1,670.3,Kochi,UPI,Consumer
ORD104658,2025-03-02,CUST1658,Shoes,Fashion,2,154.95,0.05,294.4,Bengaluru,Credit Card,Home Office
ORD104659,2025-03-04,CUST1659,Blender,Home Appliances,4,74.64,0.0,298.56,Madurai,Credit Card,Consumer
ORD104660,2025-12-27,CUST1660,Office Chair,Furniture,1,332.57,0.2,266.06,Mumbai,Credit Card,Consumer
ORD104661,2025-08-03,CUST1661,Laptop,Electronics,1,579.65,0.05,550.67,Kochi,Credit Card,Corporate
ORD104662,2025-12-26,CUST1662,Office Chair,Furniture,1,389.4,0.1,350.46,Hyderabad,Cash,Consumer
ORD104663,2025-05-19,CUST1663,Keyboard,Electronics,5,88.46,0.0,442.3,Madurai,Credit Card,Consumer
ORD104664,2025-05-14,CUST1664,Desk,Furniture,3,251.64,0.0,754.92,Kochi,Cash,Consumer
ORD104665,2025-02-03,CUST1665,Headphones,Electronics,1,106.58,0.05,101.25,Mumbai,UPI,Home Office
ORD104666,2025-07-12,CUST1666,Notebook,Stationery,3,2.86,0.1,7.72,Bengaluru,Debit Card,Consumer
ORD104667,2025-12-21,CUST1667,Coffee Maker,Home Appliances,3,247.76,0.05,706.12,Coimbatore,Debit Card,Consumer
ORD104668,2025-11-16,CUST1668,Office Chair,Furniture,2,92.57,0.15,157.37,Mumbai,Debit Card,Corporate
ORD104669,2025-03-28,CUST1669,Smartphone,Electronics,4,872.16,0.05,3314.21,Mumbai,Cash,Home Office
ORD104670,2025-07-29,CUST1670,Coffee Maker,Home Appliances,5,132.97,0.0,664.85,Hyderabad,Cash,Consumer
ORD104671,2025-03-22,CUST1671,Desk,Furniture,3,574.46,0.15,1464.87,Salem,Cash,Consumer
ORD104672,2025-11-18,CUST1672,Air Fryer,Home Appliances,5,106.74,0.05,507.01,Salem,UPI,Consumer
ORD104673,2025-12-05,CUST1673,Notebook,Stationery,2,8.92,0.0,17.84,Kochi,Net Banking,Consumer
ORD104674,2025-07-09,CUST1674,Blender,Home Appliances,1,102.35,0.0,102.35,Bengaluru,Cash,Consumer
ORD104675,2025-12-14,CUST1675,Desk,Furniture,3,451.43,0.1,1218.86,Salem,Cash,Consumer
ORD104676,2025-08-21,CUST1676,Office Chair,Furniture,4,101.76,0.15,345.98,Madurai,Debit Card,Consumer
ORD104677,2025-06-18,CUST1677,Desk,Furniture,2,196.89,0.0,393.78,Bengaluru,Credit Card,Consumer
ORD104678,2025-09-08,CUST1678,Coffee Maker,Home Appliances,5,85.06,0.05,404.04,Hyderabad,Credit Card,Consumer
ORD104679,2025-06-17,CUST1679,Backpack,Accessories,1,93.82,0.1,84.44,Delhi,UPI,Home Office
ORD104680,2025-08-19,CUST1680,Blender,Home Appliances,5,58.37,0.15,248.07,Madurai,Credit Card,Consumer
ORD104681,2025-05-30,CUST1681,Office Chair,Furniture,4,263.52,0.05,1001.38,Salem,Net Banking,Consumer
ORD104682,2025-06-01,CUST1682,Laptop,Electronics,3,754.48,0.15,1923.92,Chennai,Debit Card,Corporate
ORD104683,2025-02-07,CUST1683,Shoes,Fashion,4,159.24,0.05,605.11,Chennai,UPI,Consumer
ORD104684,2025-10-24,CUST1684,Keyboard,Electronics,5,142.48,0.0,712.4,Chennai,Credit Card,Consumer
ORD104685,2025-10-02,CUST1685,T-Shirt,Fashion,5,35.92,0.0,179.6,Mumbai,Credit Card,Corporate
ORD104686,2025-04-15,CUST1686,Book,Books,4,17.33,0.0,69.32,Delhi,Debit Card,Consumer
ORD104687,2025-12-14,CUST1687,Watch,Fashion,4,100.86,0.05,383.27,Bengaluru,UPI,Consumer
ORD104688,2025-12-18,CUST1688,Blender,Home Appliances,4,37.47,0.15,127.4,Bengaluru,Debit Card,Home Office
ORD104689,2025-03-03,CUST1689,Desk,Furniture,1,234.25,0.0,234.25,Chennai,UPI,Consumer
ORD104690,2025-01-16,CUST1690,Laptop,Electronics,5,1171.52,0.05,5564.72,Delhi,Credit Card,Corporate
ORD104691,2025-12-16,CUST1691,Headphones,Electronics,2,145.06,0.0,290.12,Coimbatore,Debit Card,Corporate
ORD104692,2025-05-30,CUST1692,Headphones,Electronics,1,237.41,0.1,213.67,Madurai,Debit Card,Consumer
ORD104693,2025-05-22,CUST1693,Watch,Fashion,1,143.03,0.15,121.58,Salem,Net Banking,Corporate
ORD104694,2025-04-26,CUST1694,Blender,Home Appliances,1,134.08,0.0,134.08,Hyderabad,Debit Card,Home Office
ORD104695,2025-11-08,CUST1695,Blender,Home Appliances,2,103.4,0.05,196.46,Chennai,UPI,Consumer
ORD104696,2025-03-06,CUST1696,Keyboard,Electronics,4,86.63,0.0,346.52,Delhi,Net Banking,Corporate
ORD104697,2025-11-06,CUST1697,Desk,Furniture,5,233.89,0.05,1110.98,Mumbai,Debit Card,Consumer
ORD104698,2025-07-13,CUST1698,Notebook,Stationery,3,7.91,0.0,23.73,Bengaluru,Debit Card,Consumer
ORD104699,2025-12-08,CUST1699,Backpack,Accessories,3,67.08,0.05,191.18,Bengaluru,Net Banking,Consumer
ORD104700,2025-06-10,CUST1700,Watch,Fashion,5,223.73,0.1,1006.78,Mumbai,Credit Card,Consumer
ORD104701,2025-11-02,CUST1701,Keyboard,Electronics,2,142.28,0.05,270.33,Hyderabad,Debit Card,Consumer
ORD104702,2025-12-27,CUST1702,Desk,Furniture,3,264.66,0.0,793.98,Mumbai,Cash,Consumer
ORD104703,2025-10-05,CUST1703,Coffee Maker,Home Appliances,1,48.86,0.05,46.42,Chennai,Credit Card,Home Office
ORD104704,2025-10-23,CUST1704,Laptop,Electronics,3,1021.48,0.1,2758.0,Coimbatore,Debit Card,Consumer
ORD104705,2025-02-08,CUST1705,Book,Books,5,24.06,0.05,114.28,Mumbai,Credit Card,Consumer
ORD104706,2025-12-27,CUST1706,Shoes,Fashion,1,55.27,0.0,55.27,Coimbatore,UPI,Consumer
ORD104707,2025-06-18,CUST1707,Backpack,Accessories,3,96.05,0.15,244.93,Bengaluru,Credit Card,Home Office
ORD104708,2025-03-09,CUST1708,Notebook,Stationery,5,14.8,0.05,70.3,Kochi,Net Banking,Consumer
ORD104709,2025-01-07,CUST1709,Coffee Maker,Home Appliances,2,238.61,0.0,477.22,Kochi,Debit Card,Corporate
ORD104710,2025-03-26,CUST1710,Coffee Maker,Home Appliances,5,81.39,0.0,406.95,Madurai,Credit Card,Corporate
ORD104711,2025-07-18,CUST1711,T-Shirt,Fashion,2,53.77,0.2,86.03,Coimbatore,Cash,Consumer
ORD104712,2025-05-12,CUST1712,Headphones,Electronics,1,183.51,0.0,183.51,Hyderabad,UPI,Consumer
ORD104713,2025-03-17,CUST1713,Smartphone,Electronics,5,681.15,0.15,2894.89,Delhi,UPI,Consumer
ORD104714,2025-09-07,CUST1714,Laptop,Electronics,4,1063.58,0.05,4041.6,Pune,Credit Card,Consumer
ORD104715,2025-12-13,CUST1715,Headphones,Electronics,4,216.16,0.05,821.41,Mumbai,Net Banking,Consumer
ORD104716,2025-07-28,CUST1716,Office Chair,Furniture,4,233.64,0.1,841.1,Pune,UPI,Consumer
ORD104717,2025-03-25,CUST1717,Book,Books,4,18.06,0.0,72.24,Salem,Credit Card,Consumer
ORD104718,2025-08-11,CUST1718,Coffee Maker,Home Appliances,4,143.58,0.0,574.32,Kochi,Credit Card,Consumer
ORD104719,2025-09-10,CUST1719,Smartphone,Electronics,2,800.17,0.0,1600.34,Salem,UPI,Consumer
ORD104720,2025-01-31,CUST1720,Blender,Home Appliances,5,58.36,0.15,248.03,Delhi,Credit Card,Corporate
ORD104721,2025-12-21,CUST1721,Headphones,Electronics,1,227.7,0.05,216.31,Hyderabad,Credit Card,Consumer
ORD104722,2025-07-20,CUST1722,Notebook,Stationery,4,10.76,0.05,40.89,Coimbatore,Cash,Consumer
ORD104723,2025-02-21,CUST1723,Notebook,Stationery,4,10.23,0.0,40.92,Mumbai,Credit Card,Home Office
ORD104724,2025-03-13,CUST1724,Notebook,Stationery,1,3.29,0.05,3.13,Salem,Credit Card,Consumer
ORD104725,2025-01-21,CUST1725,Keyboard,Electronics,1,98.54,0.0,98.54,Salem,Net Banking,Consumer
ORD104726,2025-01-16,CUST1726,Backpack,Accessories,4,32.1,0.0,128.4,Salem,UPI,Consumer
ORD104727,2025-01-16,CUST1727,Air Fryer,Home Appliances,2,74.95,0.0,149.9,Hyderabad,Net Banking,Corporate
ORD104728,2025-06-24,CUST1728,Headphones,Electronics,1,143.64,0.1,129.28,Mumbai,Debit Card,Consumer
ORD104729,2025-11-08,CUST1729,Notebook,Stationery,5,7.24,0.05,34.39,Hyderabad,Net Banking,Consumer
ORD104730,2025-12-04,CUST1730,T-Shirt,Fashion,5,39.44,0.05,187.34,Madurai,Debit Card,Consumer
ORD104731,2025-03-19,CUST1731,Shoes,Fashion,2,43.38,0.1,78.08,Bengaluru,Debit Card,Consumer
ORD104732,2025-08-28,CUST1732,Keyboard,Electronics,3,76.03,0.2,182.47,Bengaluru,Net Banking,Consumer
ORD104733,2025-02-06,CUST1733,Air Fryer,Home Appliances,2,93.21,0.1,167.78,Salem,Cash,Corporate
ORD104734,2025-08-20,CUST1734,Laptop,Electronics,4,1487.75,0.05,5653.45,Pune,Net Banking,Consumer
ORD104735,2025-08-01,CUST1735,Laptop,Electronics,3,1083.09,0.1,2924.34,Chennai,UPI,Consumer
ORD104736,2025-07-12,CUST1736,Laptop,Electronics,4,1203.07,0.15,4090.44,Madurai,Net Banking,Consumer
ORD104737,2025-03-01,CUST1737,Laptop,Electronics,5,859.15,0.05,4080.96,Kochi,Cash,Home Office
ORD104738,2025-07-08,CUST1738,Shoes,Fashion,1,44.21,0.05,42.0,Delhi,Net Banking,Home Office
ORD104739,2025-09-24,CUST1739,Headphones,Electronics,4,244.57,0.0,978.28,Madurai,Cash,Corporate
ORD104740,2025-05-06,CUST1740,Notebook,Stationery,5,5.72,0.15,24.31,Bengaluru,UPI,Home Office
ORD104741,2025-07-22,CUST1741,Desk,Furniture,2,311.9,0.0,623.8,Hyderabad,Credit Card,Consumer
ORD104742,2025-11-18,CUST1742,Headphones,Electronics,4,171.22,0.0,684.88,Pune,Cash,Home Office
ORD104743,2025-02-01,CUST1743,Coffee Maker,Home Appliances,5,45.19,0.05,214.65,Coimbatore,Cash,Consumer
ORD104744,2025-11-08,CUST1744,Office Chair,Furniture,1,339.28,0.15,288.39,Coimbatore,Cash,Consumer
ORD104745,2025-09-18,CUST1745,Air Fryer,Home Appliances,4,161.95,0.05,615.41,Coimbatore,UPI,Corporate
ORD104746,2025-12-12,CUST1746,Notebook,Stationery,5,5.62,0.1,25.29,Kochi,Debit Card,Home Office
ORD104747,2025-04-04,CUST1747,Book,Books,4,7.16,0.15,24.34,Delhi,Cash,Consumer
ORD104748,2025-11-24,CUST1748,Air Fryer,Home Appliances,1,90.87,0.05,86.33,Bengaluru,UPI,Consumer
ORD104749,2025-04-10,CUST1749,Notebook,Stationery,4,13.64,0.05,51.83,Salem,Credit Card,Home Office
ORD104750,2025-10-12,CUST1750,Backpack,Accessories,4,88.6,0.05,336.68,Pune,Cash,Consumer
ORD104751,2025-11-11,CUST1751,Smartphone,Electronics,5,487.41,0.15,2071.49,Delhi,Debit Card,Home Office
ORD104752,2025-01-25,CUST1752,Desk,Furniture,3,132.8,0.1,358.56,Mumbai,UPI,Corporate
ORD104753,2025-12-19,CUST1753,Air Fryer,Home Appliances,4,191.22,0.15,650.15,Bengaluru,Credit Card,Corporate
ORD104754,2025-12-23,CUST1754,Desk,Furniture,3,386.2,0.0,1158.6,Hyderabad,Debit Card,Consumer
ORD104755,2025-04-27,CUST1755,Coffee Maker,Home Appliances,2,124.95,0.0,249.9,Coimbatore,Credit Card,Consumer
ORD104756,2025-07-18,CUST1756,Headphones,Electronics,4,106.81,0.0,427.24,Madurai,Debit Card,Consumer
ORD104757,2025-10-06,CUST1757,Desk,Furniture,3,208.41,0.05,593.97,Mumbai,Net Banking,Home Office
ORD104758,2025-03-11,CUST1758,Watch,Fashion,2,214.1,0.15,363.97,Chennai,Net Banking,Corporate
ORD104759,2025-12-01,CUST1759,Watch,Fashion,5,292.37,0.0,1461.85,Madurai,Net Banking,Consumer
ORD104760,2025-03-20,CUST1760,Book,Books,4,11.15,0.0,44.6,Pune,Credit Card,Corporate
ORD104761,2025-12-20,CUST1761,Office Chair,Furniture,5,271.08,0.0,1355.4,Kochi,Net Banking,Corporate
ORD104762,2025-01-14,CUST1762,Blender,Home Appliances,2,93.63,0.05,177.9,Bengaluru,UPI,Home Office
ORD104763,2025-01-29,CUST1763,Smartphone,Electronics,5,674.35,0.0,3371.75,Pune,UPI,Consumer
ORD104764,2025-05-24,CUST1764,T-Shirt,Fashion,5,22.71,0.0,113.55,Coimbatore,Net Banking,Consumer
ORD104765,2025-12-09,CUST1765,Shoes,Fashion,1,153.77,0.15,130.7,Delhi,Debit Card,Consumer
ORD104766,2025-01-10,CUST1766,Headphones,Electronics,2,134.18,0.05,254.94,Salem,Debit Card,Consumer
ORD104767,2025-02-16,CUST1767,Shoes,Fashion,5,111.51,0.1,501.8,Delhi,Credit Card,Home Office
ORD104768,2025-09-17,CUST1768,Book,Books,3,15.67,0.05,44.66,Salem,Debit Card,Consumer
ORD104769,2025-01-12,CUST1769,T-Shirt,Fashion,2,19.09,0.1,34.36,Delhi,Cash,Home Office
ORD104770,2025-10-25,CUST1770,Book,Books,1,8.01,0.0,8.01,Bengaluru,Debit Card,Home Office
ORD104771,2025-08-14,CUST1771,Notebook,Stationery,4,11.28,0.15,38.35,Delhi,UPI,Consumer
ORD104772,2025-09-17,CUST1772,Headphones,Electronics,5,69.15,0.1,311.18,Bengaluru,Debit Card,Home Office
ORD104773,2025-03-25,CUST1773,Headphones,Electronics,3,180.27,0.0,540.81,Salem,Credit Card,Consumer
ORD104774,2025-12-14,CUST1774,Smartphone,Electronics,1,620.86,0.0,620.86,Madurai,Debit Card,Corporate
ORD104775,2025-12-14,CUST1775,Shoes,Fashion,2,92.37,0.0,184.74,Pune,Credit Card,Consumer
ORD104776,2025-01-06,CUST1776,Watch,Fashion,5,161.99,0.1,728.96,Hyderabad,Cash,Home Office
ORD104777,2025-09-04,CUST1777,Laptop,Electronics,1,899.32,0.05,854.35,Bengaluru,Net Banking,Consumer
ORD104778,2025-02-04,CUST1778,Shoes,Fashion,1,45.09,0.05,42.84,Delhi,Cash,Home Office
ORD104779,2025-06-24,CUST1779,Backpack,Accessories,3,50.96,0.0,152.88,Madurai,UPI,Corporate
ORD104780,2025-03-06,CUST1780,Book,Books,4,28.23,0.15,95.98,Bengaluru,Cash,Consumer
ORD104781,2025-05-27,CUST1781,Backpack,Accessories,4,86.58,0.15,294.37,Kochi,Cash,Consumer
ORD104782,2025-02-26,CUST1782,Headphones,Electronics,4,89.4,0.05,339.72,Delhi,UPI,Consumer
ORD104783,2025-07-12,CUST1783,Laptop,Electronics,2,987.1,0.05,1875.49,Hyderabad,UPI,Consumer
ORD104784,2025-01-13,CUST1784,Keyboard,Electronics,1,45.15,0.15,38.38,Mumbai,Net Banking,Home Office
ORD104785,2025-01-18,CUST1785,T-Shirt,Fashion,2,20.52,0.1,36.94,Bengaluru,Net Banking,Consumer
ORD104786,2025-09-03,CUST1786,Office Chair,Furniture,1,87.38,0.05,83.01,Chennai,Debit Card,Home Office
ORD104787,2025-06-12,CUST1787,Laptop,Electronics,3,1401.91,0.0,4205.73,Madurai,Credit Card,Home Office
ORD104788,2025-12-09,CUST1788,Notebook,Stationery,3,4.74,0.1,12.8,Bengaluru,UPI,Consumer
ORD104789,2025-04-24,CUST1789,Office Chair,Furniture,2,152.81,0.0,305.62,Delhi,Cash,Consumer
ORD104790,2025-10-09,CUST1790,Air Fryer,Home Appliances,2,113.12,0.0,226.24,Mumbai,Cash,Home Office
ORD104791,2025-08-21,CUST1791,Shoes,Fashion,3,49.11,0.15,125.23,Salem,Net Banking,Consumer
ORD104792,2025-06-15,CUST1792,Shoes,Fashion,5,125.89,0.05,597.98,Kochi,Credit Card,Consumer
ORD104793,2025-11-18,CUST1793,Office Chair,Furniture,4,104.05,0.15,353.77,Mumbai,UPI,Consumer
ORD104794,2025-01-26,CUST1794,Blender,Home Appliances,4,50.13,0.05,190.49,Kochi,Net Banking,Home Office
ORD104795,2025-05-06,CUST1795,T-Shirt,Fashion,3,42.24,0.15,107.71,Mumbai,Credit Card,Consumer
ORD104796,2025-11-09,CUST1796,Notebook,Stationery,4,6.42,0.05,24.4,Salem,UPI,Consumer
ORD104797,2025-10-08,CUST1797,Laptop,Electronics,5,1222.55,0.1,5501.48,Delhi,Cash,Consumer
ORD104798,2025-10-13,CUST1798,Keyboard,Electronics,5,92.47,0.0,462.35,Mumbai,Cash,Consumer
ORD104799,2025-10-10,CUST1799,Headphones,Electronics,1,82.6,0.0,82.6,Chennai,Net Banking,Consumer
ORD104800,2025-05-19,CUST1800,Smartphone,Electronics,2,868.29,0.05,1649.75,Salem,Credit Card,Home Office
ORD104801,2025-04-11,CUST1801,Notebook,Stationery,4,3.51,0.1,12.64,Salem,Cash,Consumer
ORD104802,2025-01-11,CUST1802,Shoes,Fashion,5,110.46,0.0,552.3,Delhi,Credit Card,Corporate
ORD104803,2025-08-04,CUST1803,Backpack,Accessories,2,63.71,0.05,121.05,Pune,Net Banking,Consumer
ORD104804,2025-01-30,CUST1804,T-Shirt,Fashion,2,23.39,0.0,46.78,Bengaluru,Debit Card,Consumer
ORD104805,2025-04-04,CUST1805,Smartphone,Electronics,1,823.8,0.0,823.8,Bengaluru,Credit Card,Consumer
ORD104806,2025-04-26,CUST1806,Book,Books,2,35.5,0.1,63.9,Pune,Credit Card,Corporate
ORD104807,2025-09-28,CUST1807,Book,Books,2,39.96,0.2,63.94,Salem,Net Banking,Corporate
ORD104808,2025-10-18,CUST1808,Keyboard,Electronics,3,99.01,0.0,297.03,Hyderabad,Debit Card,Consumer
ORD104809,2025-02-08,CUST1809,Book,Books,1,19.16,0.05,18.2,Chennai,Cash,Consumer
ORD104810,2025-01-24,CUST1810,Notebook,Stationery,1,4.93,0.2,3.94,Madurai,UPI,Corporate
ORD104811,2025-09-21,CUST1811,Desk,Furniture,4,228.55,0.1,822.78,Madurai,Net Banking,Consumer
ORD104812,2025-02-12,CUST1812,Coffee Maker,Home Appliances,2,140.69,0.1,253.24,Delhi,UPI,Consumer
ORD104813,2025-06-19,CUST1813,Headphones,Electronics,4,107.64,0.0,430.56,Chennai,Debit Card,Consumer
ORD104814,2025-12-06,CUST1814,Shoes,Fashion,5,167.07,0.05,793.58,Bengaluru,Debit Card,Consumer
ORD104815,2025-06-18,CUST1815,Headphones,Electronics,2,107.87,0.05,204.95,Mumbai,Credit Card,Consumer
ORD104816,2025-10-30,CUST1816,Book,Books,5,18.07,0.05,85.83,Mumbai,UPI,Consumer
ORD104817,2025-01-26,CUST1817,Blender,Home Appliances,3,87.53,0.15,223.2,Madurai,UPI,Consumer
ORD104818,2025-06-29,CUST1818,Air Fryer,Home Appliances,2,218.96,0.05,416.02,Salem,Debit Card,Consumer
ORD104819,2025-05-30,CUST1819,Air Fryer,Home Appliances,4,183.65,0.0,734.6,Bengaluru,UPI,Corporate
ORD104820,2025-05-13,CUST1820,Smartphone,Electronics,4,833.46,0.15,2833.76,Chennai,Cash,Consumer
ORD104821,2025-05-23,CUST1821,Air Fryer,Home Appliances,2,123.49,0.05,234.63,Salem,Debit Card,Consumer
ORD104822,2025-06-13,CUST1822,Air Fryer,Home Appliances,4,215.4,0.15,732.36,Kochi,Credit Card,Consumer
ORD104823,2025-04-11,CUST1823,Headphones,Electronics,2,33.63,0.05,63.9,Pune,Credit Card,Corporate
ORD104824,2025-03-04,CUST1824,Coffee Maker,Home Appliances,1,222.87,0.0,222.87,Madurai,Credit Card,Consumer
ORD104825,2025-04-03,CUST1825,Desk,Furniture,4,356.37,0.05,1354.21,Bengaluru,UPI,Corporate
ORD104826,2025-07-26,CUST1826,Smartphone,Electronics,2,628.34,0.05,1193.85,Delhi,Debit Card,Consumer
ORD104827,2025-11-07,CUST1827,Shoes,Fashion,2,104.58,0.0,209.16,Mumbai,Credit Card,Home Office
ORD104828,2025-03-13,CUST1828,Laptop,Electronics,4,1184.04,0.05,4499.35,Mumbai,Debit Card,Consumer
ORD104829,2025-03-01,CUST1829,Backpack,Accessories,1,21.28,0.05,20.22,Salem,UPI,Consumer
ORD104830,2025-01-29,CUST1830,Smartphone,Electronics,4,1077.97,0.1,3880.69,Kochi,Cash,Corporate
ORD104831,2025-01-19,CUST1831,Watch,Fashion,2,156.15,0.0,312.3,Coimbatore,Cash,Consumer
ORD104832,2025-03-14,CUST1832,Blender,Home Appliances,1,81.44,0.05,77.37,Coimbatore,Cash,Corporate
ORD104833,2025-12-23,CUST1833,Desk,Furniture,5,169.12,0.0,845.6,Bengaluru,UPI,Consumer
ORD104834,2025-09-03,CUST1834,Blender,Home Appliances,3,95.92,0.05,273.37,Chennai,Credit Card,Consumer
ORD104835,2025-11-09,CUST1835,Smartphone,Electronics,4,721.51,0.0,2886.04,Chennai,UPI,Corporate
ORD104836,2025-11-20,CUST1836,Smartphone,Electronics,2,633.46,0.0,1266.92,Chennai,Debit Card,Corporate
ORD104837,2025-03-28,CUST1837,Watch,Fashion,1,216.45,0.0,216.45,Hyderabad,Cash,Corporate
ORD104838,2025-12-25,CUST1838,Air Fryer,Home Appliances,1,139.97,0.0,139.97,Coimbatore,Debit Card,Consumer
ORD104839,2025-07-02,CUST1839,Shoes,Fashion,5,174.21,0.05,827.5,Salem,UPI,Home Office
ORD104840,2025-07-16,CUST1840,Notebook,Stationery,4,9.79,0.2,31.33,Madurai,Net Banking,Consumer
ORD104841,2025-09-01,CUST1841,Notebook,Stationery,1,12.5,0.05,11.88,Mumbai,Net Banking,Consumer
ORD104842,2025-11-24,CUST1842,Blender,Home Appliances,5,46.4,0.05,220.4,Mumbai,UPI,Consumer
ORD104843,2025-04-28,CUST1843,Smartphone,Electronics,2,627.43,0.15,1066.63,Madurai,Credit Card,Home Office
ORD104844,2025-03-23,CUST1844,Backpack,Accessories,5,53.68,0.15,228.14,Mumbai,Debit Card,Consumer
ORD104845,2025-09-04,CUST1845,Headphones,Electronics,4,153.13,0.15,520.64,Kochi,UPI,Corporate
ORD104846,2025-08-22,CUST1846,Shoes,Fashion,5,159.17,0.0,795.85,Coimbatore,UPI,Consumer
ORD104847,2025-12-31,CUST1847,Backpack,Accessories,1,27.83,0.1,25.05,Coimbatore,Net Banking,Consumer
ORD104848,2025-06-02,CUST1848,Book,Books,1,7.54,0.15,6.41,Hyderabad,Cash,Consumer
ORD104849,2025-09-29,CUST1849,Shoes,Fashion,3,157.55,0.15,401.75,Kochi,Cash,Consumer
ORD104850,2025-02-04,CUST1850,Book,Books,5,12.45,0.05,59.14,Bengaluru,Credit Card,Consumer
ORD104851,2025-08-01,CUST1851,Backpack,Accessories,2,86.88,0.0,173.76,Coimbatore,Credit Card,Consumer
ORD104852,2025-07-30,CUST1852,Coffee Maker,Home Appliances,4,154.0,0.2,492.8,Madurai,Credit Card,Consumer
ORD104853,2025-05-19,CUST1853,Desk,Furniture,3,516.45,0.05,1471.88,Madurai,Net Banking,Consumer
ORD104854,2025-07-08,CUST1854,Air Fryer,Home Appliances,5,83.77,0.05,397.91,Madurai,UPI,Consumer
ORD104855,2025-10-27,CUST1855,Backpack,Accessories,2,32.98,0.05,62.66,Madurai,Credit Card,Consumer
ORD104856,2025-09-09,CUST1856,Office Chair,Furniture,3,258.18,0.05,735.81,Chennai,Net Banking,Consumer
ORD104857,2025-05-30,CUST1857,Backpack,Accessories,1,114.64,0.0,114.64,Hyderabad,Debit Card,Consumer
ORD104858,2025-12-07,CUST1858,Laptop,Electronics,4,944.25,0.0,3777.0,Chennai,UPI,Consumer
ORD104859,2025-08-07,CUST1859,Laptop,Electronics,5,860.59,0.2,3442.36,Pune,Debit Card,Consumer
ORD104860,2025-03-23,CUST1860,T-Shirt,Fashion,2,40.33,0.05,76.63,Bengaluru,Cash,Consumer
ORD104861,2025-07-09,CUST1861,Book,Books,1,37.57,0.05,35.69,Madurai,Cash,Corporate
ORD104862,2025-08-22,CUST1862,Office Chair,Furniture,3,347.82,0.15,886.94,Pune,UPI,Consumer
ORD104863,2025-06-25,CUST1863,Air Fryer,Home Appliances,4,249.14,0.05,946.73,Kochi,Credit Card,Home Office
ORD104864,2025-08-20,CUST1864,Office Chair,Furniture,3,87.22,0.0,261.66,Madurai,UPI,Home Office
ORD104865,2025-12-24,CUST1865,Headphones,Electronics,3,50.39,0.05,143.61,Kochi,Credit Card,Corporate
ORD104866,2025-03-04,CUST1866,Office Chair,Furniture,2,275.03,0.0,550.06,Pune,Cash,Corporate
ORD104867,2025-08-25,CUST1867,Headphones,Electronics,1,209.63,0.0,209.63,Madurai,UPI,Consumer
ORD104868,2025-02-02,CUST1868,T-Shirt,Fashion,5,24.26,0.1,109.17,Coimbatore,UPI,Corporate
ORD104869,2025-08-01,CUST1869,T-Shirt,Fashion,2,21.96,0.15,37.33,Hyderabad,Credit Card,Consumer
ORD104870,2025-03-01,CUST1870,Desk,Furniture,4,493.49,0.1,1776.56,Hyderabad,Cash,Consumer
ORD104871,2025-01-02,CUST1871,Notebook,Stationery,3,2.73,0.0,8.19,Mumbai,Cash,Consumer
ORD104872,2025-02-26,CUST1872,Laptop,Electronics,4,900.91,0.05,3423.46,Kochi,Credit Card,Consumer
ORD104873,2025-10-28,CUST1873,Backpack,Accessories,2,70.58,0.0,141.16,Salem,Credit Card,Corporate
ORD104874,2025-10-14,CUST1874,Backpack,Accessories,2,76.03,0.05,144.46,Coimbatore,Credit Card,Consumer
ORD104875,2025-05-18,CUST1875,Book,Books,5,30.5,0.0,152.5,Delhi,Cash,Consumer
ORD104876,2025-10-06,CUST1876,Watch,Fashion,3,132.26,0.15,337.26,Madurai,Cash,Consumer
ORD104877,2025-08-02,CUST1877,Watch,Fashion,2,199.3,0.0,398.6,Salem,UPI,Home Office
ORD104878,2025-08-27,CUST1878,Keyboard,Electronics,4,96.1,0.0,384.4,Kochi,Cash,Consumer
ORD104879,2025-10-12,CUST1879,Shoes,Fashion,5,112.14,0.05,532.66,Chennai,Debit Card,Consumer
ORD104880,2025-01-31,CUST1880,Desk,Furniture,4,420.24,0.0,1680.96,Pune,Debit Card,Home Office
ORD104881,2025-07-25,CUST1881,Keyboard,Electronics,3,53.73,0.1,145.07,Mumbai,Credit Card,Consumer
ORD104882,2025-10-01,CUST1882,Keyboard,Electronics,5,31.0,0.15,131.75,Chennai,Credit Card,Home Office
ORD104883,2025-01-11,CUST1883,Smartphone,Electronics,5,363.31,0.0,1816.55,Coimbatore,Credit Card,Home Office
ORD104884,2025-12-25,CUST1884,Book,Books,5,12.86,0.05,61.08,Chennai,UPI,Consumer
ORD104885,2025-02-16,CUST1885,Smartphone,Electronics,1,725.19,0.2,580.15,Salem,Debit Card,Consumer
ORD104886,2025-01-03,CUST1886,Blender,Home Appliances,5,156.07,0.1,702.32,Delhi,Debit Card,Consumer
ORD104887,2025-05-10,CUST1887,Book,Books,4,29.55,0.2,94.56,Kochi,Cash,Consumer
ORD104888,2025-03-13,CUST1888,Keyboard,Electronics,4,122.58,0.0,490.32,Bengaluru,Debit Card,Home Office
ORD104889,2025-06-08,CUST1889,Office Chair,Furniture,3,192.31,0.0,576.93,Mumbai,Cash,Consumer
ORD104890,2025-05-10,CUST1890,Shoes,Fashion,2,90.7,0.0,181.4,Chennai,UPI,Home Office
ORD104891,2025-01-22,CUST1891,Notebook,Stationery,2,7.12,0.0,14.24,Kochi,Credit Card,Consumer
ORD104892,2025-05-15,CUST1892,Desk,Furniture,1,195.94,0.1,176.35,Hyderabad,Credit Card,Home Office
ORD104893,2025-01-20,CUST1893,Book,Books,5,7.14,0.0,35.7,Salem,Cash,Consumer
ORD104894,2025-08-08,CUST1894,Notebook,Stationery,1,9.68,0.05,9.2,Delhi,Net Banking,Consumer
ORD104895,2025-11-29,CUST1895,Keyboard,Electronics,3,148.6,0.0,445.8,Bengaluru,Cash,Consumer
ORD104896,2025-05-10,CUST1896,Air Fryer,Home Appliances,3,91.7,0.15,233.84,Kochi,UPI,Consumer
ORD104897,2025-02-01,CUST1897,Coffee Maker,Home Appliances,2,49.8,0.0,99.6,Kochi,Debit Card,Consumer
ORD104898,2025-03-31,CUST1898,Backpack,Accessories,3,97.95,0.0,293.85,Bengaluru,Cash,Consumer
ORD104899,2025-09-16,CUST1899,Shoes,Fashion,5,67.89,0.1,305.5,Madurai,UPI,Consumer
ORD104900,2025-10-25,CUST1900,Smartphone,Electronics,4,1038.16,0.0,4152.64,Salem,Credit Card,Consumer
ORD104901,2025-11-29,CUST1901,Blender,Home Appliances,3,135.59,0.05,386.43,Mumbai,Net Banking,Consumer
ORD104902,2025-09-06,CUST1902,Backpack,Accessories,1,114.57,0.05,108.84,Salem,Net Banking,Corporate
ORD104903,2025-06-22,CUST1903,Notebook,Stationery,5,7.32,0.15,31.11,Madurai,Cash,Corporate
ORD104904,2025-12-23,CUST1904,Book,Books,3,28.17,0.1,76.06,Pune,Debit Card,Corporate
ORD104905,2025-02-16,CUST1905,Smartphone,Electronics,3,691.61,0.1,1867.35,Salem,Cash,Home Office
ORD104906,2025-07-16,CUST1906,Smartphone,Electronics,5,849.06,0.2,3396.24,Bengaluru,Net Banking,Corporate
ORD104907,2025-02-03,CUST1907,Shoes,Fashion,3,97.44,0.2,233.86,Delhi,Net Banking,Consumer
ORD104908,2025-09-11,CUST1908,Smartphone,Electronics,4,429.2,0.1,1545.12,Salem,Credit Card,Consumer
ORD104909,2025-09-05,CUST1909,Notebook,Stationery,2,8.6,0.05,16.34,Chennai,Debit Card,Consumer
ORD104910,2025-02-11,CUST1910,Coffee Maker,Home Appliances,5,151.0,0.1,679.5,Delhi,Debit Card,Consumer
ORD104911,2025-10-16,CUST1911,T-Shirt,Fashion,1,50.53,0.05,48.0,Mumbai,Net Banking,Consumer
ORD104912,2025-05-03,CUST1912,Blender,Home Appliances,3,140.33,0.2,336.79,Bengaluru,Net Banking,Consumer
ORD104913,2025-01-27,CUST1913,Laptop,Electronics,2,1180.6,0.1,2125.08,Pune,Cash,Consumer
ORD104914,2025-02-28,CUST1914,Notebook,Stationery,1,3.47,0.0,3.47,Hyderabad,Cash,Consumer
ORD104915,2025-05-27,CUST1915,T-Shirt,Fashion,1,46.03,0.0,46.03,Delhi,Credit Card,Corporate
ORD104916,2025-04-25,CUST1916,Notebook,Stationery,4,8.5,0.0,34.0,Madurai,Net Banking,Consumer
ORD104917,2025-07-18,CUST1917,Laptop,Electronics,2,1399.39,0.0,2798.78,Delhi,Cash,Consumer
ORD104918,2025-05-08,CUST1918,Watch,Fashion,5,279.17,0.0,1395.85,Hyderabad,Credit Card,Consumer
ORD104919,2025-06-02,CUST1919,Air Fryer,Home Appliances,2,70.48,0.05,133.91,Salem,Debit Card,Consumer
ORD104920,2025-09-28,CUST1920,Watch,Fashion,2,253.37,0.0,506.74,Chennai,Net Banking,Consumer
ORD104921,2025-12-05,CUST1921,Smartphone,Electronics,1,285.81,0.1,257.23,Madurai,UPI,Consumer
ORD104922,2025-03-24,CUST1922,Desk,Furniture,4,283.58,0.0,1134.32,Hyderabad,Net Banking,Consumer
ORD104923,2025-01-23,CUST1923,Desk,Furniture,4,371.15,0.0,1484.6,Hyderabad,Cash,Consumer
ORD104924,2025-01-11,CUST1924,Laptop,Electronics,2,690.7,0.05,1312.33,Chennai,Net Banking,Consumer
ORD104925,2025-07-06,CUST1925,Backpack,Accessories,2,94.63,0.15,160.87,Mumbai,UPI,Consumer
ORD104926,2025-04-26,CUST1926,Shoes,Fashion,3,31.25,0.05,89.06,Delhi,Net Banking,Consumer
ORD104927,2025-06-11,CUST1927,Smartphone,Electronics,1,410.17,0.05,389.66,Salem,Cash,Corporate
ORD104928,2025-04-13,CUST1928,Shoes,Fashion,5,117.12,0.05,556.32,Delhi,Debit Card,Consumer
ORD104929,2025-08-31,CUST1929,T-Shirt,Fashion,5,45.72,0.0,228.6,Bengaluru,Cash,Consumer
ORD104930,2025-01-07,CUST1930,Desk,Furniture,4,558.32,0.05,2121.62,Madurai,Credit Card,Consumer
ORD104931,2025-12-28,CUST1931,Office Chair,Furniture,1,305.76,0.0,305.76,Pune,Cash,Consumer
ORD104932,2025-06-21,CUST1932,Blender,Home Appliances,4,130.77,0.05,496.93,Bengaluru,Credit Card,Home Office
ORD104933,2025-09-13,CUST1933,T-Shirt,Fashion,5,29.72,0.1,133.74,Hyderabad,Net Banking,Consumer
ORD104934,2025-09-04,CUST1934,Air Fryer,Home Appliances,2,60.24,0.1,108.43,Pune,Credit Card,Consumer
ORD104935,2025-07-11,CUST1935,Blender,Home Appliances,1,48.02,0.0,48.02,Kochi,Net Banking,Consumer
ORD104936,2025-04-24,CUST1936,Coffee Maker,Home Appliances,1,152.26,0.1,137.03,Delhi,Credit Card,Home Office
ORD104937,2025-01-23,CUST1937,T-Shirt,Fashion,3,43.76,0.0,131.28,Hyderabad,Cash,Home Office
ORD104938,2025-12-24,CUST1938,Laptop,Electronics,2,946.58,0.0,1893.16,Chennai,UPI,Corporate
ORD104939,2025-11-10,CUST1939,Coffee Maker,Home Appliances,2,193.44,0.0,386.88,Salem,Net Banking,Consumer
ORD104940,2025-10-03,CUST1940,Headphones,Electronics,4,142.42,0.05,541.2,Kochi,Credit Card,Home Office
ORD104941,2025-05-16,CUST1941,T-Shirt,Fashion,1,13.71,0.0,13.71,Coimbatore,UPI,Consumer
ORD104942,2025-12-23,CUST1942,Coffee Maker,Home Appliances,4,80.32,0.1,289.15,Madurai,Credit Card,Corporate
ORD104943,2025-07-14,CUST1943,Smartphone,Electronics,2,1048.0,0.15,1781.6,Kochi,Credit Card,Home Office
ORD104944,2025-09-15,CUST1944,Blender,Home Appliances,3,138.74,0.0,416.22,Bengaluru,Credit Card,Corporate
ORD104945,2025-10-05,CUST1945,Keyboard,Electronics,1,136.32,0.05,129.5,Salem,Cash,Consumer
ORD104946,2025-03-11,CUST1946,Keyboard,Electronics,2,35.28,0.0,70.56,Hyderabad,Credit Card,Corporate
ORD104947,2025-12-25,CUST1947,Smartphone,Electronics,3,1190.71,0.05,3393.52,Salem,UPI,Consumer
ORD104948,2025-12-26,CUST1948,Notebook,Stationery,5,4.72,0.0,23.6,Hyderabad,Credit Card,Consumer
ORD104949,2025-02-05,CUST1949,Headphones,Electronics,2,27.65,0.2,44.24,Chennai,Debit Card,Corporate
ORD104950,2025-04-18,CUST1950,Air Fryer,Home Appliances,5,249.51,0.05,1185.17,Salem,Net Banking,Consumer
ORD104951,2025-01-24,CUST1951,Headphones,Electronics,4,88.24,0.1,317.66,Mumbai,Cash,Consumer
ORD104952,2025-05-20,CUST1952,Laptop,Electronics,5,1184.62,0.0,5923.1,Bengaluru,Debit Card,Consumer
ORD104953,2025-01-22,CUST1953,Desk,Furniture,2,188.34,0.15,320.18,Coimbatore,Debit Card,Consumer
ORD104954,2025-12-05,CUST1954,Shoes,Fashion,5,117.03,0.15,497.38,Chennai,UPI,Consumer
ORD104955,2025-11-25,CUST1955,Blender,Home Appliances,1,165.61,0.1,149.05,Pune,UPI,Consumer
ORD104956,2025-07-23,CUST1956,Headphones,Electronics,2,97.04,0.15,164.97,Coimbatore,Cash,Home Office
ORD104957,2025-08-12,CUST1957,Office Chair,Furniture,3,294.48,0.0,883.44,Chennai,Cash,Consumer
ORD104958,2025-08-11,CUST1958,Laptop,Electronics,5,728.51,0.05,3460.42,Salem,Net Banking,Consumer
ORD104959,2025-03-22,CUST1959,Watch,Fashion,1,202.45,0.1,182.2,Pune,Credit Card,Home Office
ORD104960,2025-11-26,CUST1960,Backpack,Accessories,4,53.65,0.05,203.87,Coimbatore,Cash,Consumer
ORD104961,2025-07-10,CUST1961,Watch,Fashion,4,94.91,0.15,322.69,Pune,Cash,Consumer
ORD104962,2025-10-13,CUST1962,Air Fryer,Home Appliances,5,119.5,0.0,597.5,Kochi,Credit Card,Consumer
ORD104963,2025-05-27,CUST1963,Laptop,Electronics,4,719.9,0.0,2879.6,Chennai,Net Banking,Consumer
ORD104964,2025-10-09,CUST1964,Blender,Home Appliances,3,165.29,0.0,495.87,Hyderabad,UPI,Corporate
ORD104965,2025-01-11,CUST1965,Coffee Maker,Home Appliances,2,123.41,0.15,209.8,Pune,Net Banking,Consumer
ORD104966,2025-10-03,CUST1966,T-Shirt,Fashion,1,22.26,0.15,18.92,Coimbatore,Credit Card,Consumer
ORD104967,2025-02-25,CUST1967,Shoes,Fashion,5,97.26,0.05,461.98,Delhi,UPI,Consumer
ORD104968,2025-06-22,CUST1968,Backpack,Accessories,4,52.05,0.05,197.79,Mumbai,UPI,Consumer
ORD104969,2025-10-30,CUST1969,Watch,Fashion,2,233.55,0.1,420.39,Delhi,UPI,Corporate
ORD104970,2025-07-23,CUST1970,Notebook,Stationery,3,14.63,0.1,39.5,Kochi,Net Banking,Consumer
ORD104971,2025-12-11,CUST1971,Backpack,Accessories,4,63.8,0.0,255.2,Coimbatore,Credit Card,Consumer
ORD104972,2025-09-05,CUST1972,Office Chair,Furniture,4,355.53,0.1,1279.91,Bengaluru,Net Banking,Corporate
ORD104973,2025-11-10,CUST1973,Office Chair,Furniture,1,261.08,0.05,248.03,Madurai,Net Banking,Consumer
ORD104974,2025-09-23,CUST1974,Coffee Maker,Home Appliances,3,73.02,0.05,208.11,Kochi,Debit Card,Home Office
ORD104975,2025-01-22,CUST1975,Air Fryer,Home Appliances,3,191.22,0.0,573.66,Hyderabad,Cash,Consumer
ORD104976,2025-11-23,CUST1976,Office Chair,Furniture,5,244.3,0.1,1099.35,Salem,Net Banking,Consumer
ORD104977,2025-01-24,CUST1977,Laptop,Electronics,1,1168.08,0.15,992.87,Madurai,Debit Card,Consumer
ORD104978,2025-07-13,CUST1978,Shoes,Fashion,5,163.45,0.1,735.52,Pune,Credit Card,Corporate
ORD104979,2025-04-06,CUST1979,Blender,Home Appliances,1,96.07,0.1,86.46,Chennai,Debit Card,Corporate
ORD104980,2025-09-20,CUST1980,Coffee Maker,Home Appliances,3,229.25,0.05,653.36,Coimbatore,Net Banking,Corporate
ORD104981,2025-03-13,CUST1981,Laptop,Electronics,1,1263.14,0.1,1136.83,Coimbatore,Credit Card,Consumer
ORD104982,2025-08-31,CUST1982,Keyboard,Electronics,1,83.52,0.05,79.34,Bengaluru,Debit Card,Consumer
ORD104983,2025-02-07,CUST1983,Notebook,Stationery,1,9.84,0.1,8.86,Salem,Net Banking,Consumer
ORD104984,2025-03-30,CUST1984,T-Shirt,Fashion,2,26.28,0.05,49.93,Chennai,Credit Card,Corporate
ORD104985,2025-01-28,CUST1985,Book,Books,2,39.43,0.1,70.97,Hyderabad,Credit Card,Consumer
ORD104986,2025-04-02,CUST1986,T-Shirt,Fashion,3,43.37,0.1,117.1,Kochi,Cash,Consumer
ORD104987,2025-02-23,CUST1987,Office Chair,Furniture,1,94.03,0.1,84.63,Mumbai,Net Banking,Consumer
ORD104988,2025-06-08,CUST1988,Keyboard,Electronics,3,62.46,0.1,168.64,Mumbai,Cash,Consumer
ORD104989,2025-08-16,CUST1989,Headphones,Electronics,2,165.25,0.05,313.97,Delhi,Credit Card,Consumer
ORD104990,2025-02-10,CUST1990,Headphones,Electronics,1,37.67,0.15,32.02,Mumbai,Credit Card,Consumer
ORD104991,2025-02-06,CUST1991,Blender,Home Appliances,5,33.58,0.05,159.5,Mumbai,Debit Card,Consumer
ORD104992,2025-05-05,CUST1992,Office Chair,Furniture,2,224.01,0.2,358.42,Pune,Cash,Consumer
ORD104993,2025-06-28,CUST1993,Watch,Fashion,2,126.5,0.1,227.7,Delhi,UPI,Corporate
ORD104994,2025-11-28,CUST1994,Laptop,Electronics,2,966.38,0.0,1932.76,Salem,Net Banking,Consumer
ORD104995,2025-02-06,CUST1995,Office Chair,Furniture,1,164.06,0.15,139.45,Chennai,Cash,Home Office
ORD104996,2025-04-11,CUST1996,Desk,Furniture,4,182.36,0.05,692.97,Coimbatore,Credit Card,Home Office
ORD104997,2025-01-31,CUST1997,Backpack,Accessories,5,88.91,0.2,355.64,Coimbatore,Debit Card,Consumer
ORD104998,2025-07-09,CUST1998,Blender,Home Appliances,5,107.19,0.1,482.36,Hyderabad,Net Banking,Consumer
ORD104999,2025-05-26,CUST1999,T-Shirt,Fashion,3,20.01,0.0,60.03,Chennai,Net Banking,Consumer
ORD105000,2025-03-31,CUST2000,Headphones,Electronics,1,96.91,0.05,92.06,Delhi,Debit Card,Consumer
