order_id,order_date,customer_id,product,category,quantity,unit_price,city,payment_method,total_amount
ORD100001,2025-10-02,CUST1001,Tablet,Electronics,1,447.58,Pune,Credit Card,447.58
ORD100002,2025-04-16,CUST1002,Keyboard,Electronics,5,629.4,Coimbatore,Debit Card,3147.0
ORD100003,2025-01-21,CUST1003,Smartwatch,Electronics,1,1182.57,Chennai,Debit Card,1182.57
ORD100004,2025-03-05,CUST1004,Mouse,Electronics,4,823.58,Kochi,UPI,3294.32
ORD100005,2025-06-14,CUST1005,Tablet,Electronics,3,825.07,Pune,Credit Card,2475.21
ORD100006,2025-01-27,CUST1006,Shoes,Fashion,1,89.48,Chennai,Net Banking,89.48
ORD100007,2025-11-07,CUST1007,Headphones,Electronics,1,603.91,Chennai,UPI,603.91
ORD100008,2025-10-12,CUST1008,Tablet,Electronics,5,413.39,Coimbatore,UPI,2066.95
ORD100009,2025-05-28,CUST1009,Smartwatch,Electronics,5,1499.01,Mumbai,Debit Card,7495.05
ORD100010,2025-10-08,CUST1010,Mouse,Electronics,1,469.45,Hyderabad,Credit Card,469.45
ORD100011,2025-11-22,CUST1011,Keyboard,Electronics,1,1327.9,Bengaluru,UPI,1327.9
ORD100012,2025-11-15,CUST1012,Smartwatch,Electronics,5,1017.59,Mumbai,Debit Card,5087.95
ORD100013,2025-06-13,CUST1013,Smartwatch,Electronics,4,517.97,Chennai,Net Banking,2071.88
ORD100014,2025-08-12,CUST1014,Headphones,Electronics,2,819.87,Kochi,UPI,1639.74
ORD100015,2025-09-29,CUST1015,Monitor,Electronics,2,1262.4,Delhi,Net Banking,2524.8
ORD100016,2025-05-26,CUST1016,Mouse,Electronics,1,1326.22,Coimbatore,Net Banking,1326.22
ORD100017,2025-12-22,CUST1017,Smartphone,Electronics,5,248.99,Pune,Debit Card,1244.95
ORD100018,2025-01-30,CUST1018,Smartwatch,Electronics,3,515.96,Kochi,Credit Card,1547.88
ORD100019,2025-02-14,CUST1019,Monitor,Electronics,3,509.48,Coimbatore,Net Banking,1528.44
ORD100020,2025-10-02,CUST1020,Smartphone,Electronics,2,72.65,Pune,UPI,145.3
ORD100021,2025-02-03,CUST1021,Mouse,Electronics,4,901.37,Bengaluru,Credit Card,3605.48
ORD100022,2025-05-21,CUST1022,Laptop,Electronics,2,1283.68,Delhi,Credit Card,2567.36
ORD100023,2025-11-14,CUST1023,Shoes,Fashion,1,578.55,Hyderabad,Debit Card,578.55
ORD100024,2025-08-09,CUST1024,Monitor,Electronics,4,1112.65,Mumbai,UPI,4450.6
ORD100025,2025-12-22,CUST1025,Backpack,Accessories,3,945.27,Delhi,UPI,2835.81
ORD100026,2025-01-22,CUST1026,Laptop,Electronics,5,569.72,Mumbai,Debit Card,2848.6
ORD100027,2025-06-29,CUST1027,Shoes,Fashion,5,220.18,Mumbai,Debit Card,1100.9
ORD100028,2025-11-25,CUST1028,Headphones,Electronics,1,1066.89,Hyderabad,Credit Card,1066.89
ORD100029,2025-08-19,CUST1029,Tablet,Electronics,2,1283.3,Hyderabad,Net Banking,2566.6
ORD100030,2025-02-07,CUST1030,Keyboard,Electronics,1,1031.92,Pune,Net Banking,1031.92
ORD100031,2025-03-11,CUST1031,Backpack,Accessories,5,36.64,Hyderabad,Net Banking,183.2
ORD100032,2025-04-26,CUST1032,Headphones,Electronics,3,332.19,Bengaluru,Net Banking,996.57
ORD100033,2025-08-27,CUST1033,Mouse,Electronics,5,113.53,Coimbatore,UPI,567.65
ORD100034,2025-12-01,CUST1034,Headphones,Electronics,4,859.88,Chennai,UPI,3439.52
ORD100035,2025-05-28,CUST1035,Tablet,Electronics,5,1137.15,Hyderabad,Debit Card,5685.75
ORD100036,2025-01-09,CUST1036,Mouse,Electronics,5,174.76,Coimbatore,Debit Card,873.8
ORD100037,2025-10-15,CUST1037,Backpack,Accessories,4,1259.12,Pune,Net Banking,5036.48
ORD100038,2025-02-19,CUST1038,Tablet,Electronics,2,837.71,Hyderabad,Debit Card,1675.42
ORD100039,2025-12-04,CUST1039,Smartphone,Electronics,5,1038.05,Chennai,UPI,5190.25
ORD100040,2025-01-05,CUST1040,Keyboard,Electronics,1,1457.39,Delhi,Net Banking,1457.39
ORD100041,2025-12-09,CUST1041,Backpack,Accessories,5,134.68,Kochi,Net Banking,673.4
ORD100042,2025-05-06,CUST1042,Smartphone,Electronics,1,1352.82,Hyderabad,UPI,1352.82
ORD100043,2025-03-16,CUST1043,Shoes,Fashion,4,197.89,Coimbatore,Credit Card,791.56
ORD100044,2025-06-14,CUST1044,Backpack,Accessories,5,595.51,Pune,Net Banking,2977.55
ORD100045,2025-10-05,CUST1045,Shoes,Fashion,4,1278.64,Pune,Debit Card,5114.56
ORD100046,2025-11-20,CUST1046,Mouse,Electronics,4,1360.32,Kochi,Credit Card,5441.28
ORD100047,2025-10-27,CUST1047,Smartphone,Electronics,2,764.49,Bengaluru,UPI,1528.98
ORD100048,2025-10-17,CUST1048,Keyboard,Electronics,5,895.22,Pune,Credit Card,4476.1
ORD100049,2025-03-18,CUST1049,Tablet,Electronics,1,1065.14,Delhi,Credit Card,1065.14
ORD100050,2025-10-25,CUST1050,Smartwatch,Electronics,1,1250.81,Pune,Net Banking,1250.81
ORD100051,2025-05-17,CUST1051,Headphones,Electronics,5,191.05,Pune,Credit Card,955.25
ORD100052,2025-04-16,CUST1052,Laptop,Electronics,2,1217.0,Delhi,Debit Card,2434.0
ORD100053,2025-04-05,CUST1053,Keyboard,Electronics,2,727.1,Kochi,Net Banking,1454.2
ORD100054,2025-05-15,CUST1054,Smartphone,Electronics,2,681.43,Kochi,UPI,1362.86
ORD100055,2025-03-09,CUST1055,Smartwatch,Electronics,1,641.61,Delhi,Debit Card,641.61
ORD100056,2025-05-27,CUST1056,Keyboard,Electronics,4,768.73,Chennai,Net Banking,3074.92
ORD100057,2025-06-08,CUST1057,Smartphone,Electronics,2,1418.13,Coimbatore,Credit Card,2836.26
ORD100058,2025-06-12,CUST1058,Monitor,Electronics,1,826.82,Mumbai,Debit Card,826.82
ORD100059,2025-12-07,CUST1059,Monitor,Electronics,1,1430.23,Pune,Net Banking,1430.23
ORD100060,2025-07-08,CUST1060,Shoes,Fashion,4,278.63,Kochi,Net Banking,1114.52
ORD100061,2025-12-05,CUST1061,Keyboard,Electronics,5,1088.96,Mumbai,UPI,5444.8
ORD100062,2025-04-05,CUST1062,Monitor,Electronics,5,1220.24,Mumbai,Net Banking,6101.2
ORD100063,2025-06-30,CUST1063,Smartphone,Electronics,2,1021.9,Bengaluru,UPI,2043.8
ORD100064,2025-10-15,CUST1064,Shoes,Fashion,2,914.31,Hyderabad,Credit Card,1828.62
ORD100065,2025-11-18,CUST1065,Smartphone,Electronics,4,851.57,Pune,Net Banking,3406.28
ORD100066,2025-07-06,CUST1066,Shoes,Fashion,2,1292.79,Hyderabad,Net Banking,2585.58
ORD100067,2025-05-18,CUST1067,Keyboard,Electronics,4,1234.25,Hyderabad,Credit Card,4937.0
ORD100068,2025-05-10,CUST1068,Smartwatch,Electronics,1,192.21,Bengaluru,Net Banking,192.21
ORD100069,2025-07-13,CUST1069,Tablet,Electronics,2,1274.4,Mumbai,Net Banking,2548.8
ORD100070,2025-11-12,CUST1070,Backpack,Accessories,1,626.96,Delhi,Debit Card,626.96
ORD100071,2025-09-30,CUST1071,Smartwatch,Electronics,3,388.01,Hyderabad,UPI,1164.03
ORD100072,2025-12-18,CUST1072,Mouse,Electronics,4,1305.96,Kochi,Net Banking,5223.84
ORD100073,2025-05-24,CUST1073,Smartphone,Electronics,3,653.72,Delhi,Net Banking,1961.16
ORD100074,2025-01-16,CUST1074,Mouse,Electronics,2,1214.46,Delhi,UPI,2428.92
ORD100075,2025-10-29,CUST1075,Smartwatch,Electronics,1,402.47,Bengaluru,Debit Card,402.47
ORD100076,2025-09-02,CUST1076,Shoes,Fashion,2,15.85,Kochi,UPI,31.7
ORD100077,2025-04-17,CUST1077,Backpack,Accessories,3,748.23,Bengaluru,Net Banking,2244.69
ORD100078,2025-03-29,CUST1078,Backpack,Accessories,2,159.34,Coimbatore,Credit Card,318.68
ORD100079,2025-05-09,CUST1079,Laptop,Electronics,5,1134.02,Pune,Credit Card,5670.1
ORD100080,2025-12-07,CUST1080,Backpack,Accessories,3,421.35,Hyderabad,Debit Card,1264.05
ORD100081,2025-01-04,CUST1081,Tablet,Electronics,2,671.03,Mumbai,Debit Card,1342.06
ORD100082,2025-11-23,CUST1082,Backpack,Accessories,1,139.68,Chennai,Net Banking,139.68
ORD100083,2025-11-02,CUST1083,Smartwatch,Electronics,2,437.12,Kochi,Debit Card,874.24
ORD100084,2025-04-05,CUST1084,Laptop,Electronics,1,1174.42,Bengaluru,Net Banking,1174.42
ORD100085,2025-07-28,CUST1085,Smartwatch,Electronics,5,235.87,Delhi,Credit Card,1179.35
ORD100086,2025-08-13,CUST1086,Smartwatch,Electronics,2,974.27,Coimbatore,Debit Card,1948.54
ORD100087,2025-12-14,CUST1087,Headphones,Electronics,5,1376.96,Chennai,Net Banking,6884.8
ORD100088,2025-11-17,CUST1088,Laptop,Electronics,3,1022.96,Bengaluru,UPI,3068.88
ORD100089,2025-02-16,CUST1089,Smartwatch,Electronics,1,1218.42,Coimbatore,Debit Card,1218.42
ORD100090,2025-06-30,CUST1090,Headphones,Electronics,3,172.37,Delhi,Net Banking,517.11
ORD100091,2025-04-16,CUST1091,Headphones,Electronics,1,383.59,Hyderabad,Net Banking,383.59
ORD100092,2025-07-18,CUST1092,Laptop,Electronics,5,1342.86,Pune,UPI,6714.3
ORD100093,2025-04-16,CUST1093,Mouse,Electronics,4,1075.51,Pune,Credit Card,4302.04
ORD100094,2025-10-07,CUST1094,Shoes,Fashion,2,962.94,Coimbatore,UPI,1925.88
ORD100095,2025-09-17,CUST1095,Tablet,Electronics,5,999.01,Bengaluru,Net Banking,4995.05
ORD100096,2025-04-18,CUST1096,Shoes,Fashion,1,627.16,Pune,UPI,627.16
ORD100097,2025-01-19,CUST1097,Backpack,Accessories,1,76.39,Pune,UPI,76.39
ORD100098,2025-10-23,CUST1098,Tablet,Electronics,1,1178.82,Hyderabad,Net Banking,1178.82
ORD100099,2025-11-02,CUST1099,Backpack,Accessories,1,1021.28,Delhi,Credit Card,1021.28
ORD100100,2025-06-20,CUST1100,Smartwatch,Electronics,2,714.48,Mumbai,UPI,1428.96
ORD100101,2025-11-27,CUST1101,Smartphone,Electronics,3,1350.64,Pune,UPI,4051.92
ORD100102,2025-07-14,CUST1102,Laptop,Electronics,4,510.88,Coimbatore,Debit Card,2043.52
ORD100103,2025-01-12,CUST1103,Tablet,Electronics,2,448.54,Chennai,Debit Card,897.08
ORD100104,2025-07-14,CUST1104,Tablet,Electronics,1,1310.47,Kochi,Net Banking,1310.47
ORD100105,2025-10-10,CUST1105,Smartwatch,Electronics,2,1197.51,Delhi,Net Banking,2395.02
ORD100106,2025-07-01,CUST1106,Mouse,Electronics,5,777.32,Hyderabad,Net Banking,3886.6
ORD100107,2025-11-01,CUST1107,Headphones,Electronics,1,204.79,Delhi,Debit Card,204.79
ORD100108,2025-05-24,CUST1108,Smartwatch,Electronics,4,330.46,Hyderabad,Net Banking,1321.84
ORD100109,2025-11-12,CUST1109,Monitor,Electronics,1,987.78,Delhi,UPI,987.78
ORD100110,2025-07-01,CUST1110,Headphones,Electronics,4,583.71,Kochi,UPI,2334.84
ORD100111,2025-01-30,CUST1111,Laptop,Electronics,4,1256.35,Mumbai,Credit Card,5025.4
ORD100112,2025-03-25,CUST1112,Headphones,Electronics,3,1425.43,Coimbatore,Net Banking,4276.29
ORD100113,2025-06-15,CUST1113,Mouse,Electronics,3,1210.4,Chennai,UPI,3631.2
ORD100114,2025-10-11,CUST1114,Headphones,Electronics,2,572.54,Pune,UPI,1145.08
ORD100115,2025-10-08,CUST1115,Laptop,Electronics,2,1185.14,Mumbai,Credit Card,2370.28
ORD100116,2025-04-06,CUST1116,Mouse,Electronics,4,533.65,Coimbatore,UPI,2134.6
ORD100117,2025-09-23,CUST1117,Shoes,Fashion,1,258.98,Chennai,Credit Card,258.98
ORD100118,2025-10-25,CUST1118,Tablet,Electronics,5,59.76,Delhi,Credit Card,298.8
ORD100119,2025-10-23,CUST1119,Tablet,Electronics,5,584.72,Kochi,Debit Card,2923.6
ORD100120,2025-08-13,CUST1120,Backpack,Accessories,1,1356.3,Pune,UPI,1356.3
ORD100121,2025-11-29,CUST1121,Shoes,Fashion,1,366.09,Chennai,Debit Card,366.09
ORD100122,2025-12-27,CUST1122,Shoes,Fashion,3,317.7,Bengaluru,UPI,953.1
ORD100123,2025-02-11,CUST1123,Headphones,Electronics,5,1455.03,Chennai,Debit Card,7275.15
ORD100124,2025-10-30,CUST1124,Tablet,Electronics,4,47.26,Coimbatore,Credit Card,189.04
ORD100125,2025-09-03,CUST1125,Laptop,Electronics,2,1180.82,Mumbai,Credit Card,2361.64
ORD100126,2025-07-27,CUST1126,Keyboard,Electronics,3,488.84,Pune,Credit Card,1466.52
ORD100127,2025-08-25,CUST1127,Keyboard,Electronics,5,65.86,Mumbai,Credit Card,329.3
ORD100128,2025-01-22,CUST1128,Mouse,Electronics,1,1377.53,Pune,UPI,1377.53
ORD100129,2025-07-04,CUST1129,Tablet,Electronics,5,218.07,Bengaluru,Net Banking,1090.35
ORD100130,2025-08-30,CUST1130,Tablet,Electronics,4,832.15,Coimbatore,UPI,3328.6
ORD100131,2025-12-29,CUST1131,Keyboard,Electronics,3,418.34,Kochi,Debit Card,1255.02
ORD100132,2025-10-10,CUST1132,Tablet,Electronics,1,107.14,Kochi,UPI,107.14
ORD100133,2025-02-10,CUST1133,Headphones,Electronics,4,84.38,Chennai,UPI,337.52
ORD100134,2025-12-02,CUST1134,Monitor,Electronics,2,182.18,Bengaluru,Debit Card,364.36
ORD100135,2025-06-11,CUST1135,Smartphone,Electronics,3,116.34,Delhi,Credit Card,349.02
ORD100136,2025-06-09,CUST1136,Shoes,Fashion,4,1143.23,Hyderabad,Debit Card,4572.92
ORD100137,2025-03-30,CUST1137,Backpack,Accessories,4,733.49,Delhi,Debit Card,2933.96
ORD100138,2025-11-18,CUST1138,Mouse,Electronics,1,520.91,Coimbatore,Net Banking,520.91
ORD100139,2025-01-12,CUST1139,Monitor,Electronics,2,633.37,Bengaluru,Net Banking,1266.74
ORD100140,2025-03-14,CUST1140,Keyboard,Electronics,4,1394.13,Mumbai,Credit Card,5576.52
ORD100141,2025-03-17,CUST1141,Shoes,Fashion,3,1367.02,Bengaluru,Debit Card,4101.06
ORD100142,2025-12-12,CUST1142,Tablet,Electronics,4,1076.36,Hyderabad,Debit Card,4305.44
ORD100143,2025-07-20,CUST1143,Backpack,Accessories,5,1328.18,Kochi,Debit Card,6640.9
ORD100144,2025-01-10,CUST1144,Tablet,Electronics,3,486.28,Coimbatore,UPI,1458.84
ORD100145,2025-12-18,CUST1145,Laptop,Electronics,3,577.85,Bengaluru,Net Banking,1733.55
ORD100146,2025-08-14,CUST1146,Laptop,Electronics,4,924.43,Pune,Net Banking,3697.72
ORD100147,2025-06-25,CUST1147,Backpack,Accessories,1,939.2,Delhi,Credit Card,939.2
ORD100148,2025-10-03,CUST1148,Backpack,Accessories,3,727.73,Chennai,Net Banking,2183.19
ORD100149,2025-02-08,CUST1149,Keyboard,Electronics,5,606.98,Delhi,Net Banking,3034.9
ORD100150,2025-03-01,CUST1150,Backpack,Accessories,1,1479.41,Coimbatore,Credit Card,1479.41
ORD100151,2025-03-07,CUST1151,Headphones,Electronics,1,1233.47,Kochi,Debit Card,1233.47
ORD100152,2025-11-17,CUST1152,Tablet,Electronics,1,658.12,Bengaluru,UPI,658.12
ORD100153,2025-05-04,CUST1153,Monitor,Electronics,3,1093.67,Kochi,Credit Card,3281.01
ORD100154,2025-06-13,CUST1154,Smartwatch,Electronics,1,411.65,Delhi,Net Banking,411.65
ORD100155,2025-06-08,CUST1155,Backpack,Accessories,4,159.25,Bengaluru,Credit Card,637.0
ORD100156,2025-02-26,CUST1156,Mouse,Electronics,1,535.12,Delhi,Net Banking,535.12
ORD100157,2025-03-19,CUST1157,Laptop,Electronics,5,610.43,Coimbatore,Debit Card,3052.15
ORD100158,2025-07-13,CUST1158,Headphones,Electronics,2,34.64,Mumbai,Debit Card,69.28
ORD100159,2025-10-12,CUST1159,Shoes,Fashion,5,1224.04,Kochi,Debit Card,6120.2
ORD100160,2025-01-15,CUST1160,Smartwatch,Electronics,3,545.2,Kochi,Net Banking,1635.6
ORD100161,2025-01-12,CUST1161,Monitor,Electronics,1,874.82,Delhi,Credit Card,874.82
ORD100162,2025-04-11,CUST1162,Smartwatch,Electronics,1,120.21,Chennai,Net Banking,120.21
ORD100163,2025-06-05,CUST1163,Backpack,Accessories,4,270.75,Delhi,Debit Card,1083.0
ORD100164,2025-12-06,CUST1164,Keyboard,Electronics,1,1335.64,Coimbatore,Debit Card,1335.64
ORD100165,2025-05-05,CUST1165,Laptop,Electronics,5,916.94,Delhi,Debit Card,4584.7
ORD100166,2025-12-25,CUST1166,Laptop,Electronics,3,1425.92,Chennai,Net Banking,4277.76
ORD100167,2025-10-07,CUST1167,Shoes,Fashion,2,1498.14,Pune,UPI,2996.28
ORD100168,2025-04-20,CUST1168,Keyboard,Electronics,1,564.07,Chennai,Debit Card,564.07
ORD100169,2025-11-30,CUST1169,Tablet,Electronics,2,455.22,Coimbatore,Credit Card,910.44
ORD100170,2025-12-23,CUST1170,Smartphone,Electronics,1,1288.95,Bengaluru,Debit Card,1288.95
ORD100171,2025-05-26,CUST1171,Headphones,Electronics,3,1497.93,Delhi,Net Banking,4493.79
ORD100172,2025-08-04,CUST1172,Laptop,Electronics,5,948.17,Mumbai,Credit Card,4740.85
ORD100173,2025-06-11,CUST1173,Mouse,Electronics,3,1194.76,Chennai,Net Banking,3584.28
ORD100174,2025-05-08,CUST1174,Laptop,Electronics,2,1174.8,Pune,UPI,2349.6
ORD100175,2025-11-10,CUST1175,Smartwatch,Electronics,1,539.46,Chennai,UPI,539.46
ORD100176,2025-11-28,CUST1176,Laptop,Electronics,2,865.66,Delhi,Net Banking,1731.32
ORD100177,2025-05-30,CUST1177,Laptop,Electronics,5,1251.25,Bengaluru,Debit Card,6256.25
ORD100178,2025-02-05,CUST1178,Smartphone,Electronics,3,1035.29,Kochi,Credit Card,3105.87
ORD100179,2025-06-22,CUST1179,Smartphone,Electronics,2,41.53,Delhi,Debit Card,83.06
ORD100180,2025-01-22,CUST1180,Monitor,Electronics,2,511.69,Kochi,Net Banking,1023.38
ORD100181,2025-07-25,CUST1181,Tablet,Electronics,5,225.27,Pune,Net Banking,1126.35
ORD100182,2025-05-07,CUST1182,Mouse,Electronics,1,357.13,Pune,Debit Card,357.13
ORD100183,2025-12-02,CUST1183,Laptop,Electronics,2,1359.18,Coimbatore,Credit Card,2718.36
ORD100184,2025-12-22,CUST1184,Laptop,Electronics,5,64.97,Mumbai,Credit Card,324.85
ORD100185,2025-08-05,CUST1185,Headphones,Electronics,1,337.5,Delhi,Credit Card,337.5
ORD100186,2025-04-06,CUST1186,Smartphone,Electronics,1,471.26,Chennai,Credit Card,471.26
ORD100187,2025-06-13,CUST1187,Mouse,Electronics,3,929.16,Chennai,Credit Card,2787.48
ORD100188,2025-05-28,CUST1188,Shoes,Fashion,5,805.81,Coimbatore,UPI,4029.05
ORD100189,2025-01-18,CUST1189,Monitor,Electronics,1,335.22,Bengaluru,UPI,335.22
ORD100190,2025-10-21,CUST1190,Tablet,Electronics,3,254.72,Delhi,Net Banking,764.16
ORD100191,2025-07-14,CUST1191,Keyboard,Electronics,4,362.83,Hyderabad,UPI,1451.32
ORD100192,2025-05-31,CUST1192,Tablet,Electronics,5,758.77,Bengaluru,Credit Card,3793.85
ORD100193,2025-12-31,CUST1193,Smartwatch,Electronics,4,414.05,Chennai,Credit Card,1656.2
ORD100194,2025-05-03,CUST1194,Laptop,Electronics,1,1421.93,Pune,Credit Card,1421.93
ORD100195,2025-07-06,CUST1195,Monitor,Electronics,5,701.16,Delhi,Net Banking,3505.8
ORD100196,2025-05-29,CUST1196,Smartwatch,Electronics,3,97.61,Pune,Net Banking,292.83
ORD100197,2025-04-14,CUST1197,Mouse,Electronics,1,1096.61,Chennai,Debit Card,1096.61
ORD100198,2025-08-31,CUST1198,Keyboard,Electronics,5,499.98,Mumbai,UPI,2499.9
ORD100199,2025-08-19,CUST1199,Smartphone,Electronics,5,983.7,Bengaluru,UPI,4918.5
ORD100200,2025-07-25,CUST1200,Monitor,Electronics,4,426.6,Hyderabad,Debit Card,1706.4
ORD100201,2025-07-17,CUST1201,Monitor,Electronics,1,860.41,Mumbai,Debit Card,860.41
ORD100202,2025-12-03,CUST1202,Laptop,Electronics,3,1160.51,Hyderabad,UPI,3481.53
ORD100203,2025-03-28,CUST1203,Backpack,Accessories,3,1392.73,Mumbai,Credit Card,4178.19
ORD100204,2025-05-22,CUST1204,Monitor,Electronics,1,399.08,Bengaluru,UPI,399.08
ORD100205,2025-11-13,CUST1205,Headphones,Electronics,1,508.94,Chennai,Credit Card,508.94
ORD100206,2025-07-18,CUST1206,Keyboard,Electronics,2,701.76,Hyderabad,Net Banking,1403.52
ORD100207,2025-02-15,CUST1207,Keyboard,Electronics,4,1391.49,Kochi,UPI,5565.96
ORD100208,2025-10-15,CUST1208,Headphones,Electronics,1,1353.07,Bengaluru,UPI,1353.07
ORD100209,2025-01-15,CUST1209,Shoes,Fashion,1,143.92,Hyderabad,Net Banking,143.92
ORD100210,2025-02-13,CUST1210,Headphones,Electronics,2,206.58,Kochi,Net Banking,413.16
ORD100211,2025-06-18,CUST1211,Headphones,Electronics,2,748.31,Bengaluru,Net Banking,1496.62
ORD100212,2025-11-06,CUST1212,Keyboard,Electronics,5,168.86,Mumbai,Net Banking,844.3
ORD100213,2025-02-13,CUST1213,Tablet,Electronics,3,524.92,Bengaluru,Net Banking,1574.76
ORD100214,2025-04-08,CUST1214,Keyboard,Electronics,4,231.09,Mumbai,Debit Card,924.36
ORD100215,2025-09-18,CUST1215,Backpack,Accessories,5,957.7,Chennai,Debit Card,4788.5
ORD100216,2025-04-19,CUST1216,Laptop,Electronics,1,1424.75,Mumbai,Net Banking,1424.75
ORD100217,2025-10-10,CUST1217,Smartwatch,Electronics,2,1495.13,Coimbatore,Net Banking,2990.26
ORD100218,2025-12-09,CUST1218,Tablet,Electronics,3,569.11,Chennai,Net Banking,1707.33
ORD100219,2025-04-14,CUST1219,Smartphone,Electronics,5,902.53,Pune,Net Banking,4512.65
ORD100220,2025-09-13,CUST1220,Smartwatch,Electronics,3,1285.84,Pune,Credit Card,3857.52
ORD100221,2025-07-25,CUST1221,Laptop,Electronics,2,185.02,Pune,Credit Card,370.04
ORD100222,2025-12-01,CUST1222,Backpack,Accessories,5,1037.45,Delhi,Net Banking,5187.25
ORD100223,2025-02-12,CUST1223,Backpack,Accessories,5,619.18,Kochi,Net Banking,3095.9
ORD100224,2025-12-19,CUST1224,Smartphone,Electronics,3,317.16,Delhi,UPI,951.48
ORD100225,2025-09-02,CUST1225,Tablet,Electronics,2,610.1,Bengaluru,Net Banking,1220.2
ORD100226,2025-10-14,CUST1226,Shoes,Fashion,1,123.18,Bengaluru,Net Banking,123.18
ORD100227,2025-12-21,CUST1227,Headphones,Electronics,5,1046.16,Kochi,Debit Card,5230.8
ORD100228,2025-09-30,CUST1228,Tablet,Electronics,1,386.59,Coimbatore,Credit Card,386.59
ORD100229,2025-03-24,CUST1229,Shoes,Fashion,2,473.99,Bengaluru,Net Banking,947.98
ORD100230,2025-04-20,CUST1230,Backpack,Accessories,5,190.41,Chennai,Credit Card,952.05
ORD100231,2025-07-09,CUST1231,Keyboard,Electronics,5,1298.34,Chennai,Credit Card,6491.7
ORD100232,2025-10-15,CUST1232,Laptop,Electronics,1,745.23,Pune,UPI,745.23
ORD100233,2025-09-08,CUST1233,Smartphone,Electronics,4,862.5,Mumbai,Credit Card,3450.0
ORD100234,2025-07-31,CUST1234,Laptop,Electronics,1,858.45,Hyderabad,Credit Card,858.45
ORD100235,2025-10-18,CUST1235,Mouse,Electronics,1,621.63,Bengaluru,Net Banking,621.63
ORD100236,2025-05-13,CUST1236,Mouse,Electronics,4,296.87,Coimbatore,Debit Card,1187.48
ORD100237,2025-07-20,CUST1237,Tablet,Electronics,2,1120.25,Pune,Net Banking,2240.5
ORD100238,2025-10-12,CUST1238,Backpack,Accessories,2,199.31,Kochi,Net Banking,398.62
ORD100239,2025-11-22,CUST1239,Backpack,Accessories,5,164.77,Delhi,Debit Card,823.85
ORD100240,2025-04-05,CUST1240,Headphones,Electronics,3,1068.12,Kochi,Debit Card,3204.36
ORD100241,2025-10-05,CUST1241,Headphones,Electronics,3,321.17,Chennai,UPI,963.51
ORD100242,2025-11-21,CUST1242,Headphones,Electronics,5,467.09,Chennai,Debit Card,2335.45
ORD100243,2025-08-07,CUST1243,Keyboard,Electronics,3,718.09,Chennai,Net Banking,2154.27
ORD100244,2025-03-30,CUST1244,Smartwatch,Electronics,1,679.53,Hyderabad,Debit Card,679.53
ORD100245,2025-03-13,CUST1245,Monitor,Electronics,1,1065.78,Hyderabad,Debit Card,1065.78
ORD100246,2025-09-04,CUST1246,Smartwatch,Electronics,4,938.91,Bengaluru,Debit Card,3755.64
ORD100247,2025-05-09,CUST1247,Laptop,Electronics,4,970.15,Delhi,Credit Card,3880.6
ORD100248,2025-07-31,CUST1248,Smartwatch,Electronics,5,1073.94,Coimbatore,UPI,5369.7
ORD100249,2025-12-09,CUST1249,Keyboard,Electronics,5,445.99,Hyderabad,Credit Card,2229.95
ORD100250,2025-04-06,CUST1250,Laptop,Electronics,5,490.28,Kochi,Credit Card,2451.4
ORD100251,2025-03-16,CUST1251,Smartwatch,Electronics,1,662.62,Mumbai,UPI,662.62
ORD100252,2025-02-23,CUST1252,Keyboard,Electronics,3,468.12,Hyderabad,Credit Card,1404.36
ORD100253,2025-12-10,CUST1253,Monitor,Electronics,5,1477.56,Chennai,Debit Card,7387.8
ORD100254,2025-02-23,CUST1254,Smartwatch,Electronics,5,1222.94,Kochi,UPI,6114.7
ORD100255,2025-08-06,CUST1255,Keyboard,Electronics,1,255.34,Coimbatore,Credit Card,255.34
ORD100256,2025-01-16,CUST1256,Headphones,Electronics,1,18.34,Bengaluru,Net Banking,18.34
ORD100257,2025-04-09,CUST1257,Backpack,Accessories,1,73.75,Hyderabad,Credit Card,73.75
ORD100258,2025-01-20,CUST1258,Headphones,Electronics,3,373.65,Chennai,Net Banking,1120.95
ORD100259,2025-02-15,CUST1259,Backpack,Accessories,5,180.29,Pune,Debit Card,901.45
ORD100260,2025-07-12,CUST1260,Smartphone,Electronics,2,804.67,Mumbai,Net Banking,1609.34
ORD100261,2025-02-27,CUST1261,Smartphone,Electronics,2,1288.41,Mumbai,Credit Card,2576.82
ORD100262,2025-04-21,CUST1262,Smartphone,Electronics,5,1107.76,Pune,Credit Card,5538.8
ORD100263,2025-05-09,CUST1263,Monitor,Electronics,5,331.26,Bengaluru,Credit Card,1656.3
ORD100264,2025-12-03,CUST1264,Headphones,Electronics,5,604.96,Bengaluru,UPI,3024.8
ORD100265,2025-07-13,CUST1265,Backpack,Accessories,5,766.76,Hyderabad,UPI,3833.8
ORD100266,2025-12-06,CUST1266,Keyboard,Electronics,3,1217.21,Bengaluru,Credit Card,3651.63
ORD100267,2025-11-22,CUST1267,Laptop,Electronics,2,1260.29,Kochi,Credit Card,2520.58
ORD100268,2025-01-08,CUST1268,Keyboard,Electronics,4,1365.48,Delhi,Debit Card,5461.92
ORD100269,2025-01-29,CUST1269,Laptop,Electronics,2,768.78,Delhi,UPI,1537.56
ORD100270,2025-04-22,CUST1270,Mouse,Electronics,2,1044.47,Chennai,UPI,2088.94
ORD100271,2025-06-10,CUST1271,Keyboard,Electronics,1,176.58,Chennai,UPI,176.58
ORD100272,2025-05-11,CUST1272,Smartwatch,Electronics,5,852.28,Kochi,Net Banking,4261.4
ORD100273,2025-07-07,CUST1273,Smartwatch,Electronics,5,380.55,Chennai,Credit Card,1902.75
ORD100274,2025-06-12,CUST1274,Tablet,Electronics,5,653.26,Delhi,Debit Card,3266.3
ORD100275,2025-07-16,CUST1275,Headphones,Electronics,1,954.74,Hyderabad,Debit Card,954.74
ORD100276,2025-12-30,CUST1276,Laptop,Electronics,3,392.91,Hyderabad,Credit Card,1178.73
ORD100277,2025-07-23,CUST1277,Laptop,Electronics,3,87.76,Bengaluru,Credit Card,263.28
ORD100278,2025-07-31,CUST1278,Headphones,Electronics,4,25.25,Hyderabad,Debit Card,101.0
ORD100279,2025-04-19,CUST1279,Monitor,Electronics,3,43.02,Chennai,Net Banking,129.06
ORD100280,2025-10-03,CUST1280,Tablet,Electronics,3,22.44,Coimbatore,Debit Card,67.32
ORD100281,2025-03-14,CUST1281,Monitor,Electronics,5,174.43,Chennai,Net Banking,872.15
ORD100282,2025-06-16,CUST1282,Monitor,Electronics,2,366.84,Delhi,Net Banking,733.68
ORD100283,2025-09-17,CUST1283,Monitor,Electronics,3,339.62,Pune,UPI,1018.86
ORD100284,2025-08-31,CUST1284,Headphones,Electronics,3,1480.33,Coimbatore,Credit Card,4440.99
ORD100285,2025-10-02,CUST1285,Monitor,Electronics,1,465.95,Bengaluru,UPI,465.95
ORD100286,2025-04-12,CUST1286,Smartwatch,Electronics,4,199.86,Mumbai,Net Banking,799.44
ORD100287,2025-06-22,CUST1287,Smartphone,Electronics,1,822.89,Pune,Debit Card,822.89
ORD100288,2025-06-20,CUST1288,Mouse,Electronics,5,1288.36,Hyderabad,UPI,6441.8
ORD100289,2025-05-21,CUST1289,Laptop,Electronics,2,1020.31,Hyderabad,Debit Card,2040.62
ORD100290,2025-07-07,CUST1290,Laptop,Electronics,4,451.16,Delhi,Net Banking,1804.64
ORD100291,2025-03-27,CUST1291,Mouse,Electronics,1,846.81,Chennai,Debit Card,846.81
ORD100292,2025-02-21,CUST1292,Headphones,Electronics,3,1075.14,Chennai,UPI,3225.42
ORD100293,2025-04-21,CUST1293,Keyboard,Electronics,3,1094.88,Coimbatore,Net Banking,3284.64
ORD100294,2025-12-31,CUST1294,Headphones,Electronics,4,1003.14,Hyderabad,Credit Card,4012.56
ORD100295,2025-12-08,CUST1295,Laptop,Electronics,3,1307.51,Pune,UPI,3922.53
ORD100296,2025-02-12,CUST1296,Laptop,Electronics,1,1306.46,Delhi,UPI,1306.46
ORD100297,2025-07-30,CUST1297,Mouse,Electronics,1,872.62,Pune,Credit Card,872.62
ORD100298,2025-07-19,CUST1298,Monitor,Electronics,3,650.49,Bengaluru,Net Banking,1951.47
ORD100299,2025-10-25,CUST1299,Headphones,Electronics,3,965.94,Chennai,Credit Card,2897.82
ORD100300,2025-12-12,CUST1300,Backpack,Accessories,5,1229.14,Kochi,UPI,6145.7
ORD100301,2025-08-28,CUST1301,Mouse,Electronics,2,18.42,Pune,Net Banking,36.84
ORD100302,2025-04-25,CUST1302,Smartwatch,Electronics,4,1488.08,Hyderabad,Debit Card,5952.32
ORD100303,2025-01-26,CUST1303,Laptop,Electronics,1,282.51,Mumbai,UPI,282.51
ORD100304,2025-10-26,CUST1304,Mouse,Electronics,4,710.67,Delhi,Debit Card,2842.68
ORD100305,2025-03-18,CUST1305,Headphones,Electronics,5,1309.32,Coimbatore,Credit Card,6546.6
ORD100306,2025-05-17,CUST1306,Laptop,Electronics,1,345.31,Chennai,Net Banking,345.31
ORD100307,2025-01-20,CUST1307,Keyboard,Electronics,5,720.42,Chennai,Credit Card,3602.1
ORD100308,2025-07-30,CUST1308,Mouse,Electronics,5,207.55,Bengaluru,Debit Card,1037.75
ORD100309,2025-08-28,CUST1309,Tablet,Electronics,3,598.66,Chennai,UPI,1795.98
ORD100310,2025-02-08,CUST1310,Laptop,Electronics,4,273.93,Delhi,Net Banking,1095.72
ORD100311,2025-09-25,CUST1311,Headphones,Electronics,4,551.81,Hyderabad,Credit Card,2207.24
ORD100312,2025-07-26,CUST1312,Smartphone,Electronics,3,566.46,Hyderabad,Debit Card,1699.38
ORD100313,2025-09-24,CUST1313,Backpack,Accessories,4,1489.82,Hyderabad,Debit Card,5959.28
ORD100314,2025-06-03,CUST1314,Shoes,Fashion,3,1492.27,Kochi,UPI,4476.81
ORD100315,2025-02-11,CUST1315,Monitor,Electronics,1,181.03,Mumbai,Debit Card,181.03
ORD100316,2025-01-11,CUST1316,Shoes,Fashion,5,1091.69,Mumbai,Net Banking,5458.45
ORD100317,2025-10-21,CUST1317,Headphones,Electronics,5,87.1,Kochi,Debit Card,435.5
ORD100318,2025-04-08,CUST1318,Smartwatch,Electronics,4,54.99,Chennai,UPI,219.96
ORD100319,2025-10-02,CUST1319,Smartwatch,Electronics,2,166.95,Pune,Credit Card,333.9
ORD100320,2025-08-18,CUST1320,Smartphone,Electronics,5,1448.57,Mumbai,Net Banking,7242.85
ORD100321,2025-08-08,CUST1321,Monitor,Electronics,3,1411.89,Pune,Credit Card,4235.67
ORD100322,2025-03-06,CUST1322,Tablet,Electronics,2,298.95,Pune,Credit Card,597.9
ORD100323,2025-12-21,CUST1323,Smartphone,Electronics,2,250.89,Mumbai,Debit Card,501.78
ORD100324,2025-08-20,CUST1324,Shoes,Fashion,5,368.4,Kochi,Debit Card,1842.0
ORD100325,2025-11-24,CUST1325,Smartphone,Electronics,5,778.17,Bengaluru,UPI,3890.85
ORD100326,2025-02-21,CUST1326,Shoes,Fashion,5,858.86,Mumbai,Debit Card,4294.3
ORD100327,2025-09-20,CUST1327,Laptop,Electronics,3,340.17,Coimbatore,Debit Card,1020.51
ORD100328,2025-09-24,CUST1328,Smartwatch,Electronics,2,1137.37,Kochi,Credit Card,2274.74
ORD100329,2025-12-25,CUST1329,Laptop,Electronics,4,471.23,Coimbatore,Net Banking,1884.92
ORD100330,2025-11-13,CUST1330,Backpack,Accessories,3,1383.98,Pune,Debit Card,4151.94
ORD100331,2025-11-20,CUST1331,Monitor,Electronics,1,988.52,Coimbatore,Net Banking,988.52
ORD100332,2025-06-03,CUST1332,Tablet,Electronics,5,660.16,Chennai,Debit Card,3300.8
ORD100333,2025-12-24,CUST1333,Shoes,Fashion,2,1186.97,Hyderabad,Debit Card,2373.94
ORD100334,2025-05-20,CUST1334,Tablet,Electronics,3,1228.69,Bengaluru,UPI,3686.07
ORD100335,2025-02-20,CUST1335,Shoes,Fashion,1,442.82,Chennai,Debit Card,442.82
ORD100336,2025-04-27,CUST1336,Headphones,Electronics,3,516.17,Hyderabad,UPI,1548.51
ORD100337,2025-02-15,CUST1337,Smartphone,Electronics,3,1404.57,Bengaluru,Credit Card,4213.71
ORD100338,2025-11-05,CUST1338,Backpack,Accessories,4,255.46,Pune,Net Banking,1021.84
ORD100339,2025-03-29,CUST1339,Smartwatch,Electronics,4,72.8,Bengaluru,Debit Card,291.2
ORD100340,2025-07-27,CUST1340,Shoes,Fashion,3,686.54,Bengaluru,UPI,2059.62
ORD100341,2025-09-26,CUST1341,Tablet,Electronics,1,1203.8,Coimbatore,Credit Card,1203.8
ORD100342,2025-03-30,CUST1342,Backpack,Accessories,2,1159.79,Coimbatore,Debit Card,2319.58
ORD100343,2025-04-28,CUST1343,Keyboard,Electronics,2,1380.1,Coimbatore,UPI,2760.2
ORD100344,2025-02-23,CUST1344,Keyboard,Electronics,5,804.47,Bengaluru,UPI,4022.35
ORD100345,2025-04-26,CUST1345,Laptop,Electronics,5,159.1,Delhi,Credit Card,795.5
ORD100346,2025-04-28,CUST1346,Smartwatch,Electronics,2,887.15,Kochi,Debit Card,1774.3
ORD100347,2025-09-17,CUST1347,Headphones,Electronics,3,1169.81,Bengaluru,Debit Card,3509.43
ORD100348,2025-03-16,CUST1348,Tablet,Electronics,3,149.06,Kochi,Net Banking,447.18
ORD100349,2025-11-01,CUST1349,Smartphone,Electronics,4,267.26,Kochi,Debit Card,1069.04
ORD100350,2025-01-07,CUST1350,Smartphone,Electronics,4,28.31,Coimbatore,UPI,113.24
ORD100351,2025-05-02,CUST1351,Tablet,Electronics,5,894.54,Bengaluru,Net Banking,4472.7
ORD100352,2025-01-11,CUST1352,Monitor,Electronics,2,1331.23,Coimbatore,Net Banking,2662.46
ORD100353,2025-12-14,CUST1353,Headphones,Electronics,3,1009.29,Coimbatore,Debit Card,3027.87
ORD100354,2025-08-03,CUST1354,Backpack,Accessories,2,1473.24,Coimbatore,Net Banking,2946.48
ORD100355,2025-10-06,CUST1355,Shoes,Fashion,1,103.92,Pune,UPI,103.92
ORD100356,2025-01-28,CUST1356,Monitor,Electronics,2,1355.47,Pune,UPI,2710.94
ORD100357,2025-08-23,CUST1357,Shoes,Fashion,1,1222.96,Delhi,Credit Card,1222.96
ORD100358,2025-11-09,CUST1358,Shoes,Fashion,4,478.22,Hyderabad,UPI,1912.88
ORD100359,2025-01-26,CUST1359,Monitor,Electronics,4,1460.55,Kochi,Credit Card,5842.2
ORD100360,2025-02-23,CUST1360,Laptop,Electronics,5,439.03,Bengaluru,Net Banking,2195.15
ORD100361,2025-01-29,CUST1361,Keyboard,Electronics,2,1335.06,Chennai,Credit Card,2670.12
ORD100362,2025-12-19,CUST1362,Shoes,Fashion,2,1322.32,Coimbatore,Debit Card,2644.64
ORD100363,2025-06-13,CUST1363,Monitor,Electronics,1,1138.91,Delhi,Credit Card,1138.91
ORD100364,2025-09-27,CUST1364,Monitor,Electronics,4,849.57,Chennai,Debit Card,3398.28
ORD100365,2025-11-30,CUST1365,Mouse,Electronics,1,188.8,Pune,Net Banking,188.8
ORD100366,2025-02-04,CUST1366,Laptop,Electronics,4,802.64,Hyderabad,Credit Card,3210.56
ORD100367,2025-10-13,CUST1367,Smartwatch,Electronics,1,541.63,Bengaluru,UPI,541.63
ORD100368,2025-12-14,CUST1368,Mouse,Electronics,4,1190.4,Kochi,Debit Card,4761.6
ORD100369,2025-09-30,CUST1369,Mouse,Electronics,1,1139.61,Kochi,Net Banking,1139.61
ORD100370,2025-07-27,CUST1370,Tablet,Electronics,4,1366.81,Pune,UPI,5467.24
ORD100371,2025-08-26,CUST1371,Keyboard,Electronics,1,32.1,Delhi,Debit Card,32.1
ORD100372,2025-04-03,CUST1372,Monitor,Electronics,2,1215.56,Coimbatore,Net Banking,2431.12
ORD100373,2025-06-22,CUST1373,Keyboard,Electronics,5,1408.31,Coimbatore,Net Banking,7041.55
ORD100374,2025-03-20,CUST1374,Headphones,Electronics,1,1186.06,Kochi,UPI,1186.06
ORD100375,2025-04-20,CUST1375,Tablet,Electronics,5,203.99,Coimbatore,Net Banking,1019.95
ORD100376,2025-08-05,CUST1376,Smartwatch,Electronics,2,131.11,Kochi,Credit Card,262.22
ORD100377,2025-12-24,CUST1377,Keyboard,Electronics,2,41.06,Delhi,Net Banking,82.12
ORD100378,2025-04-16,CUST1378,Smartphone,Electronics,4,946.83,Pune,Debit Card,3787.32
ORD100379,2025-02-16,CUST1379,Shoes,Fashion,5,948.21,Chennai,Debit Card,4741.05
ORD100380,2025-06-30,CUST1380,Headphones,Electronics,3,1480.5,Hyderabad,Debit Card,4441.5
ORD100381,2025-03-05,CUST1381,Laptop,Electronics,4,603.08,Bengaluru,Credit Card,2412.32
ORD100382,2025-09-03,CUST1382,Smartwatch,Electronics,5,504.54,Kochi,UPI,2522.7
ORD100383,2025-09-01,CUST1383,Headphones,Electronics,1,940.39,Hyderabad,Credit Card,940.39
ORD100384,2025-11-16,CUST1384,Shoes,Fashion,1,1240.16,Pune,Credit Card,1240.16
ORD100385,2025-03-28,CUST1385,Tablet,Electronics,2,1405.79,Coimbatore,Credit Card,2811.58
ORD100386,2025-08-05,CUST1386,Shoes,Fashion,3,1206.66,Hyderabad,Net Banking,3619.98
ORD100387,2025-01-07,CUST1387,Mouse,Electronics,1,645.74,Chennai,UPI,645.74
ORD100388,2025-10-05,CUST1388,Shoes,Fashion,5,956.02,Mumbai,Net Banking,4780.1
ORD100389,2025-12-03,CUST1389,Mouse,Electronics,5,1285.89,Pune,Credit Card,6429.45
ORD100390,2025-07-29,CUST1390,Tablet,Electronics,1,741.01,Mumbai,Debit Card,741.01
ORD100391,2025-06-18,CUST1391,Backpack,Accessories,5,332.86,Bengaluru,Credit Card,1664.3
ORD100392,2025-11-26,CUST1392,Mouse,Electronics,5,262.89,Bengaluru,UPI,1314.45
ORD100393,2025-05-18,CUST1393,Laptop,Electronics,2,10.24,Hyderabad,Debit Card,20.48
ORD100394,2025-11-02,CUST1394,Shoes,Fashion,3,1080.17,Bengaluru,UPI,3240.51
ORD100395,2025-08-18,CUST1395,Shoes,Fashion,2,175.53,Pune,Credit Card,351.06
ORD100396,2025-11-04,CUST1396,Laptop,Electronics,3,373.32,Delhi,UPI,1119.96
ORD100397,2025-06-10,CUST1397,Smartphone,Electronics,5,453.84,Kochi,Net Banking,2269.2
ORD100398,2025-01-01,CUST1398,Monitor,Electronics,3,844.97,Chennai,Debit Card,2534.91
ORD100399,2025-08-24,CUST1399,Backpack,Accessories,5,602.96,Coimbatore,UPI,3014.8
ORD100400,2025-07-07,CUST1400,Smartwatch,Electronics,5,1015.26,Coimbatore,Debit Card,5076.3
ORD100401,2025-01-04,CUST1401,Mouse,Electronics,2,92.9,Kochi,Debit Card,185.8
ORD100402,2025-05-12,CUST1402,Laptop,Electronics,2,194.67,Hyderabad,Credit Card,389.34
ORD100403,2025-08-06,CUST1403,Tablet,Electronics,4,753.83,Coimbatore,Credit Card,3015.32
ORD100404,2025-09-17,CUST1404,Mouse,Electronics,1,512.08,Hyderabad,Debit Card,512.08
ORD100405,2025-01-01,CUST1405,Monitor,Electronics,4,450.76,Kochi,UPI,1803.04
ORD100406,2025-03-12,CUST1406,Tablet,Electronics,4,109.87,Bengaluru,Debit Card,439.48
ORD100407,2025-06-27,CUST1407,Headphones,Electronics,3,1344.62,Kochi,Credit Card,4033.86
ORD100408,2025-07-08,CUST1408,Shoes,Fashion,5,1040.81,Bengaluru,UPI,5204.05
ORD100409,2025-10-18,CUST1409,Headphones,Electronics,5,191.21,Delhi,Debit Card,956.05
ORD100410,2025-01-08,CUST1410,Mouse,Electronics,5,106.92,Delhi,Credit Card,534.6
ORD100411,2025-09-10,CUST1411,Monitor,Electronics,1,1462.56,Chennai,Debit Card,1462.56
ORD100412,2025-10-19,CUST1412,Backpack,Accessories,3,1024.95,Kochi,Debit Card,3074.85
ORD100413,2025-09-01,CUST1413,Mouse,Electronics,3,632.01,Coimbatore,Debit Card,1896.03
ORD100414,2025-05-03,CUST1414,Laptop,Electronics,5,1055.58,Pune,UPI,5277.9
ORD100415,2025-10-26,CUST1415,Keyboard,Electronics,4,1136.93,Delhi,Credit Card,4547.72
ORD100416,2025-10-10,CUST1416,Mouse,Electronics,1,1172.14,Kochi,Credit Card,1172.14
ORD100417,2025-02-01,CUST1417,Shoes,Fashion,4,722.04,Chennai,Net Banking,2888.16
ORD100418,2025-11-30,CUST1418,Shoes,Fashion,2,650.53,Mumbai,Debit Card,1301.06
ORD100419,2025-05-26,CUST1419,Mouse,Electronics,3,26.43,Delhi,Debit Card,79.29
ORD100420,2025-06-05,CUST1420,Tablet,Electronics,3,1390.57,Chennai,Net Banking,4171.71
ORD100421,2025-01-16,CUST1421,Keyboard,Electronics,4,908.93,Hyderabad,Debit Card,3635.72
ORD100422,2025-12-21,CUST1422,Laptop,Electronics,1,312.7,Hyderabad,UPI,312.7
ORD100423,2025-02-16,CUST1423,Mouse,Electronics,3,1380.21,Chennai,Net Banking,4140.63
ORD100424,2025-09-08,CUST1424,Tablet,Electronics,4,1373.25,Bengaluru,Credit Card,5493.0
ORD100425,2025-07-06,CUST1425,Shoes,Fashion,1,1483.88,Mumbai,Debit Card,1483.88
ORD100426,2025-01-31,CUST1426,Shoes,Fashion,4,1312.34,Chennai,Credit Card,5249.36
ORD100427,2025-09-17,CUST1427,Monitor,Electronics,1,1496.7,Delhi,Debit Card,1496.7
ORD100428,2025-01-17,CUST1428,Mouse,Electronics,5,374.58,Bengaluru,Net Banking,1872.9
ORD100429,2025-02-08,CUST1429,Keyboard,Electronics,1,1264.95,Chennai,Credit Card,1264.95
ORD100430,2025-10-31,CUST1430,Smartphone,Electronics,2,1236.31,Coimbatore,Debit Card,2472.62
ORD100431,2025-02-08,CUST1431,Keyboard,Electronics,5,354.1,Delhi,UPI,1770.5
ORD100432,2025-05-12,CUST1432,Shoes,Fashion,4,156.67,Delhi,Net Banking,626.68
ORD100433,2025-01-30,CUST1433,Shoes,Fashion,5,1469.34,Hyderabad,Debit Card,7346.7
ORD100434,2025-06-07,CUST1434,Headphones,Electronics,5,451.08,Coimbatore,Debit Card,2255.4
ORD100435,2025-10-05,CUST1435,Shoes,Fashion,4,1307.63,Coimbatore,Debit Card,5230.52
ORD100436,2025-07-22,CUST1436,Laptop,Electronics,4,16.15,Kochi,Net Banking,64.6
ORD100437,2025-03-07,CUST1437,Smartwatch,Electronics,2,41.33,Kochi,Debit Card,82.66
ORD100438,2025-04-18,CUST1438,Mouse,Electronics,4,704.15,Delhi,Debit Card,2816.6
ORD100439,2025-09-25,CUST1439,Keyboard,Electronics,3,365.68,Mumbai,Credit Card,1097.04
ORD100440,2025-08-10,CUST1440,Smartwatch,Electronics,3,1037.86,Pune,Credit Card,3113.58
ORD100441,2025-10-19,CUST1441,Tablet,Electronics,2,852.69,Kochi,Net Banking,1705.38
ORD100442,2025-01-18,CUST1442,Smartphone,Electronics,1,125.45,Bengaluru,Net Banking,125.45
ORD100443,2025-03-31,CUST1443,Laptop,Electronics,1,252.32,Hyderabad,UPI,252.32
ORD100444,2025-06-30,CUST1444,Keyboard,Electronics,3,588.19,Coimbatore,Debit Card,1764.57
ORD100445,2025-09-12,CUST1445,Smartwatch,Electronics,4,286.55,Hyderabad,Credit Card,1146.2
ORD100446,2025-09-10,CUST1446,Smartphone,Electronics,2,1190.41,Delhi,Credit Card,2380.82
ORD100447,2025-09-14,CUST1447,Headphones,Electronics,1,629.94,Bengaluru,Debit Card,629.94
ORD100448,2025-12-12,CUST1448,Laptop,Electronics,1,149.21,Chennai,Debit Card,149.21
ORD100449,2025-03-28,CUST1449,Laptop,Electronics,5,731.67,Coimbatore,Net Banking,3658.35
ORD100450,2025-03-31,CUST1450,Headphones,Electronics,3,145.35,Bengaluru,UPI,436.05
ORD100451,2025-08-25,CUST1451,Mouse,Electronics,4,202.12,Pune,UPI,808.48
ORD100452,2025-03-11,CUST1452,Headphones,Electronics,2,367.02,Hyderabad,Net Banking,734.04
ORD100453,2025-02-13,CUST1453,Laptop,Electronics,1,1290.7,Delhi,Net Banking,1290.7
ORD100454,2025-07-19,CUST1454,Laptop,Electronics,5,1387.67,Bengaluru,Credit Card,6938.35
ORD100455,2025-06-01,CUST1455,Smartwatch,Electronics,3,1241.12,Chennai,Net Banking,3723.36
ORD100456,2025-03-27,CUST1456,Shoes,Fashion,3,507.78,Kochi,UPI,1523.34
ORD100457,2025-01-19,CUST1457,Smartphone,Electronics,2,415.95,Kochi,Credit Card,831.9
ORD100458,2025-04-11,CUST1458,Headphones,Electronics,1,828.24,Bengaluru,UPI,828.24
ORD100459,2025-04-05,CUST1459,Smartphone,Electronics,2,1085.56,Delhi,Debit Card,2171.12
ORD100460,2025-09-11,CUST1460,Headphones,Electronics,2,1490.13,Hyderabad,UPI,2980.26
ORD100461,2025-12-23,CUST1461,Tablet,Electronics,5,206.04,Coimbatore,Credit Card,1030.2
ORD100462,2025-01-30,CUST1462,Laptop,Electronics,3,83.45,Pune,UPI,250.35
ORD100463,2025-09-06,CUST1463,Shoes,Fashion,4,1044.59,Pune,Credit Card,4178.36
ORD100464,2025-02-02,CUST1464,Smartwatch,Electronics,3,1250.02,Coimbatore,Credit Card,3750.06
ORD100465,2025-08-17,CUST1465,Shoes,Fashion,3,1271.06,Mumbai,Net Banking,3813.18
ORD100466,2025-01-12,CUST1466,Shoes,Fashion,5,1020.91,Hyderabad,UPI,5104.55
ORD100467,2025-04-28,CUST1467,Shoes,Fashion,4,1431.48,Pune,Net Banking,5725.92
ORD100468,2025-12-16,CUST1468,Smartphone,Electronics,1,771.4,Mumbai,Net Banking,771.4
ORD100469,2025-06-04,CUST1469,Headphones,Electronics,4,1371.58,Mumbai,UPI,5486.32
ORD100470,2025-09-03,CUST1470,Backpack,Accessories,1,1452.04,Delhi,Credit Card,1452.04
ORD100471,2025-11-28,CUST1471,Tablet,Electronics,4,1272.26,Delhi,Debit Card,5089.04
ORD100472,2025-09-04,CUST1472,Keyboard,Electronics,2,471.54,Delhi,UPI,943.08
ORD100473,2025-01-29,CUST1473,Shoes,Fashion,4,302.36,Chennai,Net Banking,1209.44
ORD100474,2025-06-10,CUST1474,Mouse,Electronics,5,826.7,Hyderabad,Net Banking,4133.5
ORD100475,2025-08-23,CUST1475,Smartphone,Electronics,1,684.99,Coimbatore,Credit Card,684.99
ORD100476,2025-07-09,CUST1476,Smartwatch,Electronics,3,1317.86,Hyderabad,Net Banking,3953.58
ORD100477,2025-04-27,CUST1477,Keyboard,Electronics,5,159.05,Delhi,Debit Card,795.25
ORD100478,2025-09-28,CUST1478,Backpack,Accessories,1,394.03,Chennai,Net Banking,394.03
ORD100479,2025-09-15,CUST1479,Mouse,Electronics,1,1130.18,Hyderabad,Credit Card,1130.18
ORD100480,2025-06-29,CUST1480,Backpack,Accessories,3,151.53,Hyderabad,UPI,454.59
ORD100481,2025-06-21,CUST1481,Keyboard,Electronics,2,487.94,Mumbai,Credit Card,975.88
ORD100482,2025-10-01,CUST1482,Shoes,Fashion,5,586.86,Hyderabad,Net Banking,2934.3
ORD100483,2025-09-16,CUST1483,Mouse,Electronics,3,937.66,Mumbai,Credit Card,2812.98
ORD100484,2025-05-15,CUST1484,Backpack,Accessories,3,245.62,Mumbai,Net Banking,736.86
ORD100485,2025-06-20,CUST1485,Smartwatch,Electronics,2,1292.3,Bengaluru,Credit Card,2584.6
ORD100486,2025-07-29,CUST1486,Headphones,Electronics,5,676.84,Delhi,UPI,3384.2
ORD100487,2025-08-24,CUST1487,Laptop,Electronics,3,1376.36,Pune,Net Banking,4129.08
ORD100488,2025-07-05,CUST1488,Headphones,Electronics,2,707.13,Chennai,Debit Card,1414.26
ORD100489,2025-12-30,CUST1489,Keyboard,Electronics,5,419.81,Mumbai,Debit Card,2099.05
ORD100490,2025-04-05,CUST1490,Smartphone,Electronics,4,221.32,Hyderabad,Debit Card,885.28
ORD100491,2025-01-11,CUST1491,Laptop,Electronics,1,15.58,Mumbai,Debit Card,15.58
ORD100492,2025-03-09,CUST1492,Tablet,Electronics,2,802.91,Mumbai,Net Banking,1605.82
ORD100493,2025-07-29,CUST1493,Smartwatch,Electronics,1,169.66,Mumbai,Net Banking,169.66
ORD100494,2025-07-15,CUST1494,Tablet,Electronics,4,593.67,Coimbatore,UPI,2374.68
ORD100495,2025-04-08,CUST1495,Mouse,Electronics,3,888.01,Pune,Credit Card,2664.03
ORD100496,2025-04-03,CUST1496,Laptop,Electronics,3,420.77,Pune,Net Banking,1262.31
ORD100497,2025-01-22,CUST1497,Tablet,Electronics,5,271.08,Coimbatore,Debit Card,1355.4
ORD100498,2025-06-21,CUST1498,Tablet,Electronics,2,1164.34,Coimbatore,Net Banking,2328.68
ORD100499,2025-05-14,CUST1499,Backpack,Accessories,2,1420.72,Coimbatore,Debit Card,2841.44
ORD100500,2025-01-25,CUST1500,Headphones,Electronics,5,159.66,Pune,UPI,798.3
ORD100501,2025-07-04,CUST1501,Backpack,Accessories,1,241.83,Bengaluru,Credit Card,241.83
ORD100502,2025-03-26,CUST1502,Laptop,Electronics,3,1440.42,Mumbai,Net Banking,4321.26
ORD100503,2025-02-24,CUST1503,Laptop,Electronics,3,66.3,Bengaluru,Credit Card,198.9
ORD100504,2025-09-08,CUST1504,Keyboard,Electronics,2,1466.67,Hyderabad,Debit Card,2933.34
ORD100505,2025-05-24,CUST1505,Backpack,Accessories,2,16.92,Pune,Debit Card,33.84
ORD100506,2025-12-17,CUST1506,Monitor,Electronics,5,1311.77,Delhi,Credit Card,6558.85
ORD100507,2025-06-16,CUST1507,Headphones,Electronics,4,467.91,Pune,UPI,1871.64
ORD100508,2025-08-12,CUST1508,Laptop,Electronics,1,1408.5,Chennai,Credit Card,1408.5
ORD100509,2025-08-08,CUST1509,Keyboard,Electronics,4,482.25,Bengaluru,Credit Card,1929.0
ORD100510,2025-06-28,CUST1510,Backpack,Accessories,4,984.92,Coimbatore,Net Banking,3939.68
ORD100511,2025-04-29,CUST1511,Headphones,Electronics,2,129.25,Kochi,Net Banking,258.5
ORD100512,2025-09-22,CUST1512,Backpack,Accessories,2,371.07,Coimbatore,Debit Card,742.14
ORD100513,2025-05-30,CUST1513,Tablet,Electronics,2,1162.78,Hyderabad,Net Banking,2325.56
ORD100514,2025-08-03,CUST1514,Keyboard,Electronics,4,797.74,Mumbai,UPI,3190.96
ORD100515,2025-07-16,CUST1515,Headphones,Electronics,1,1392.67,Chennai,UPI,1392.67
ORD100516,2025-02-11,CUST1516,Shoes,Fashion,2,648.84,Bengaluru,UPI,1297.68
ORD100517,2025-02-22,CUST1517,Mouse,Electronics,3,1306.02,Mumbai,Debit Card,3918.06
ORD100518,2025-11-26,CUST1518,Mouse,Electronics,1,678.94,Mumbai,UPI,678.94
ORD100519,2025-09-08,CUST1519,Headphones,Electronics,3,1469.08,Delhi,UPI,4407.24
ORD100520,2025-10-22,CUST1520,Backpack,Accessories,1,1440.15,Delhi,Net Banking,1440.15
ORD100521,2025-09-28,CUST1521,Keyboard,Electronics,2,500.41,Bengaluru,Debit Card,1000.82
ORD100522,2025-05-03,CUST1522,Mouse,Electronics,5,1330.03,Bengaluru,Credit Card,6650.15
ORD100523,2025-12-05,CUST1523,Keyboard,Electronics,2,1272.94,Bengaluru,UPI,2545.88
ORD100524,2025-09-23,CUST1524,Mouse,Electronics,4,323.91,Bengaluru,Net Banking,1295.64
ORD100525,2025-12-14,CUST1525,Tablet,Electronics,4,940.19,Coimbatore,Credit Card,3760.76
ORD100526,2025-01-29,CUST1526,Backpack,Accessories,1,118.3,Pune,UPI,118.3
ORD100527,2025-02-04,CUST1527,Tablet,Electronics,4,1256.7,Pune,Credit Card,5026.8
ORD100528,2025-01-06,CUST1528,Mouse,Electronics,2,270.07,Mumbai,Credit Card,540.14
ORD100529,2025-04-21,CUST1529,Shoes,Fashion,3,115.51,Pune,Debit Card,346.53
ORD100530,2025-10-21,CUST1530,Shoes,Fashion,2,606.33,Kochi,Debit Card,1212.66
ORD100531,2025-03-18,CUST1531,Tablet,Electronics,1,869.61,Mumbai,UPI,869.61
ORD100532,2025-12-15,CUST1532,Shoes,Fashion,4,1283.83,Coimbatore,UPI,5135.32
ORD100533,2025-05-27,CUST1533,Mouse,Electronics,3,1461.62,Kochi,Debit Card,4384.86
ORD100534,2025-03-08,CUST1534,Headphones,Electronics,5,664.84,Pune,UPI,3324.2
ORD100535,2025-01-08,CUST1535,Tablet,Electronics,3,100.07,Mumbai,UPI,300.21
ORD100536,2025-05-02,CUST1536,Smartphone,Electronics,3,1126.18,Bengaluru,Debit Card,3378.54
ORD100537,2025-12-06,CUST1537,Backpack,Accessories,2,852.11,Chennai,Credit Card,1704.22
ORD100538,2025-06-24,CUST1538,Shoes,Fashion,5,677.36,Pune,UPI,3386.8
ORD100539,2025-06-28,CUST1539,Shoes,Fashion,1,470.81,Kochi,Net Banking,470.81
ORD100540,2025-03-26,CUST1540,Laptop,Electronics,1,758.57,Delhi,Debit Card,758.57
ORD100541,2025-02-14,CUST1541,Monitor,Electronics,3,514.63,Kochi,UPI,1543.89
ORD100542,2025-05-16,CUST1542,Tablet,Electronics,3,1137.95,Kochi,UPI,3413.85
ORD100543,2025-12-09,CUST1543,Smartwatch,Electronics,4,820.4,Delhi,Debit Card,3281.6
ORD100544,2025-01-16,CUST1544,Shoes,Fashion,5,1316.5,Mumbai,Net Banking,6582.5
ORD100545,2025-11-29,CUST1545,Backpack,Accessories,3,819.88,Chennai,Net Banking,2459.64
ORD100546,2025-07-14,CUST1546,Smartphone,Electronics,4,365.01,Delhi,Debit Card,1460.04
ORD100547,2025-01-09,CUST1547,Shoes,Fashion,5,1278.13,Pune,Net Banking,6390.65
ORD100548,2025-11-12,CUST1548,Smartphone,Electronics,1,840.26,Chennai,UPI,840.26
ORD100549,2025-11-30,CUST1549,Mouse,Electronics,4,318.19,Kochi,Net Banking,1272.76
ORD100550,2025-11-29,CUST1550,Mouse,Electronics,5,939.03,Coimbatore,UPI,4695.15
ORD100551,2025-11-23,CUST1551,Monitor,Electronics,4,543.0,Hyderabad,Credit Card,2172.0
ORD100552,2025-01-15,CUST1552,Headphones,Electronics,3,1268.16,Mumbai,Net Banking,3804.48
ORD100553,2025-11-23,CUST1553,Smartwatch,Electronics,2,685.42,Coimbatore,Credit Card,1370.84
ORD100554,2025-04-12,CUST1554,Laptop,Electronics,1,1092.4,Coimbatore,Debit Card,1092.4
ORD100555,2025-08-14,CUST1555,Monitor,Electronics,3,152.35,Chennai,Net Banking,457.05
ORD100556,2025-10-05,CUST1556,Keyboard,Electronics,3,600.08,Mumbai,UPI,1800.24
ORD100557,2025-04-23,CUST1557,Laptop,Electronics,5,1475.03,Coimbatore,Net Banking,7375.15
ORD100558,2025-01-01,CUST1558,Tablet,Electronics,4,1214.61,Bengaluru,Debit Card,4858.44
ORD100559,2025-09-23,CUST1559,Backpack,Accessories,1,248.31,Coimbatore,Debit Card,248.31
ORD100560,2025-07-27,CUST1560,Keyboard,Electronics,3,423.87,Bengaluru,UPI,1271.61
ORD100561,2025-04-20,CUST1561,Keyboard,Electronics,5,501.43,Hyderabad,Net Banking,2507.15
ORD100562,2025-07-19,CUST1562,Monitor,Electronics,1,979.04,Bengaluru,Credit Card,979.04
ORD100563,2025-11-02,CUST1563,Headphones,Electronics,4,1137.92,Bengaluru,Debit Card,4551.68
ORD100564,2025-01-12,CUST1564,Monitor,Electronics,3,1126.79,Chennai,Debit Card,3380.37
ORD100565,2025-12-11,CUST1565,Tablet,Electronics,3,769.71,Coimbatore,UPI,2309.13
ORD100566,2025-07-07,CUST1566,Shoes,Fashion,3,1218.12,Hyderabad,Net Banking,3654.36
ORD100567,2025-06-03,CUST1567,Shoes,Fashion,1,661.25,Coimbatore,Credit Card,661.25
ORD100568,2025-11-30,CUST1568,Headphones,Electronics,1,194.58,Pune,Net Banking,194.58
ORD100569,2025-10-06,CUST1569,Tablet,Electronics,1,851.02,Pune,Net Banking,851.02
ORD100570,2025-06-20,CUST1570,Headphones,Electronics,1,1428.93,Bengaluru,Credit Card,1428.93
ORD100571,2025-05-14,CUST1571,Smartphone,Electronics,5,1191.56,Delhi,UPI,5957.8
ORD100572,2025-01-25,CUST1572,Shoes,Fashion,2,872.26,Bengaluru,Debit Card,1744.52
ORD100573,2025-01-18,CUST1573,Keyboard,Electronics,5,973.74,Coimbatore,UPI,4868.7
ORD100574,2025-07-09,CUST1574,Smartwatch,Electronics,3,1396.54,Kochi,UPI,4189.62
ORD100575,2025-05-21,CUST1575,Backpack,Accessories,5,648.23,Hyderabad,Net Banking,3241.15
ORD100576,2025-02-12,CUST1576,Tablet,Electronics,4,503.78,Delhi,Credit Card,2015.12
ORD100577,2025-11-30,CUST1577,Laptop,Electronics,1,1466.09,Hyderabad,Debit Card,1466.09
ORD100578,2025-10-11,CUST1578,Headphones,Electronics,4,1296.53,Chennai,Net Banking,5186.12
ORD100579,2025-05-26,CUST1579,Backpack,Accessories,4,491.33,Bengaluru,Debit Card,1965.32
ORD100580,2025-11-11,CUST1580,Laptop,Electronics,3,701.03,Bengaluru,Net Banking,2103.09
ORD100581,2025-11-15,CUST1581,Backpack,Accessories,1,628.47,Pune,Credit Card,628.47
ORD100582,2025-04-02,CUST1582,Smartwatch,Electronics,4,232.15,Chennai,Debit Card,928.6
ORD100583,2025-06-28,CUST1583,Laptop,Electronics,3,1437.15,Pune,Debit Card,4311.45
ORD100584,2025-02-25,CUST1584,Monitor,Electronics,1,612.43,Coimbatore,UPI,612.43
ORD100585,2025-06-04,CUST1585,Mouse,Electronics,2,1314.24,Bengaluru,Net Banking,2628.48
ORD100586,2025-06-09,CUST1586,Monitor,Electronics,3,292.14,Coimbatore,Net Banking,876.42
ORD100587,2025-04-21,CUST1587,Shoes,Fashion,5,826.33,Hyderabad,Net Banking,4131.65
ORD100588,2025-05-17,CUST1588,Mouse,Electronics,1,45.7,Delhi,UPI,45.7
ORD100589,2025-08-20,CUST1589,Monitor,Electronics,4,1148.69,Delhi,UPI,4594.76
ORD100590,2025-08-08,CUST1590,Mouse,Electronics,4,875.56,Delhi,Debit Card,3502.24
ORD100591,2025-03-09,CUST1591,Mouse,Electronics,5,942.13,Pune,Net Banking,4710.65
ORD100592,2025-10-29,CUST1592,Keyboard,Electronics,5,87.06,Mumbai,Net Banking,435.3
ORD100593,2025-09-06,CUST1593,Headphones,Electronics,4,324.45,Chennai,Debit Card,1297.8
ORD100594,2025-11-19,CUST1594,Headphones,Electronics,1,120.75,Delhi,Debit Card,120.75
ORD100595,2025-01-06,CUST1595,Keyboard,Electronics,3,440.48,Bengaluru,Debit Card,1321.44
ORD100596,2025-10-07,CUST1596,Backpack,Accessories,5,944.88,Chennai,Credit Card,4724.4
ORD100597,2025-04-04,CUST1597,Smartphone,Electronics,5,853.62,Hyderabad,Credit Card,4268.1
ORD100598,2025-09-26,CUST1598,Backpack,Accessories,5,922.1,Hyderabad,Debit Card,4610.5
ORD100599,2025-07-16,CUST1599,Laptop,Electronics,2,828.38,Pune,UPI,1656.76
ORD100600,2025-01-25,CUST1600,Laptop,Electronics,1,416.81,Hyderabad,UPI,416.81
ORD100601,2025-05-28,CUST1601,Mouse,Electronics,1,374.32,Hyderabad,Net Banking,374.32
ORD100602,2025-04-28,CUST1602,Monitor,Electronics,1,214.22,Kochi,Credit Card,214.22
ORD100603,2025-12-04,CUST1603,Monitor,Electronics,1,1275.12,Mumbai,Credit Card,1275.12
ORD100604,2025-12-04,CUST1604,Headphones,Electronics,1,928.55,Kochi,Debit Card,928.55
ORD100605,2025-03-07,CUST1605,Tablet,Electronics,4,287.9,Coimbatore,Debit Card,1151.6
ORD100606,2025-10-28,CUST1606,Backpack,Accessories,5,274.04,Coimbatore,Debit Card,1370.2
ORD100607,2025-06-24,CUST1607,Shoes,Fashion,4,1310.82,Kochi,Debit Card,5243.28
ORD100608,2025-11-15,CUST1608,Smartwatch,Electronics,2,1116.67,Delhi,Debit Card,2233.34
ORD100609,2025-03-17,CUST1609,Monitor,Electronics,3,992.5,Mumbai,UPI,2977.5
ORD100610,2025-04-24,CUST1610,Smartwatch,Electronics,5,616.23,Pune,UPI,3081.15
ORD100611,2025-04-21,CUST1611,Mouse,Electronics,2,400.34,Coimbatore,Debit Card,800.68
ORD100612,2025-09-06,CUST1612,Smartwatch,Electronics,4,1469.38,Kochi,UPI,5877.52
ORD100613,2025-07-22,CUST1613,Shoes,Fashion,3,1197.89,Pune,Debit Card,3593.67
ORD100614,2025-05-27,CUST1614,Keyboard,Electronics,2,459.65,Pune,Debit Card,919.3
ORD100615,2025-02-04,CUST1615,Shoes,Fashion,3,1272.87,Hyderabad,Credit Card,3818.61
ORD100616,2025-11-05,CUST1616,Smartwatch,Electronics,2,1140.81,Coimbatore,UPI,2281.62
ORD100617,2025-01-26,CUST1617,Shoes,Fashion,4,452.65,Chennai,UPI,1810.6
ORD100618,2025-08-26,CUST1618,Smartphone,Electronics,3,645.56,Delhi,Credit Card,1936.68
ORD100619,2025-01-14,CUST1619,Mouse,Electronics,2,287.07,Coimbatore,UPI,574.14
ORD100620,2025-02-14,CUST1620,Backpack,Accessories,4,175.47,Chennai,Credit Card,701.88
ORD100621,2025-08-04,CUST1621,Keyboard,Electronics,5,1086.92,Bengaluru,Net Banking,5434.6
ORD100622,2025-08-21,CUST1622,Monitor,Electronics,4,408.59,Chennai,UPI,1634.36
ORD100623,2025-07-12,CUST1623,Laptop,Electronics,4,1231.89,Chennai,Debit Card,4927.56
ORD100624,2025-02-20,CUST1624,Backpack,Accessories,5,1493.46,Hyderabad,Credit Card,7467.3
ORD100625,2025-08-02,CUST1625,Laptop,Electronics,4,124.16,Hyderabad,Debit Card,496.64
ORD100626,2025-05-31,CUST1626,Mouse,Electronics,5,714.82,Delhi,Debit Card,3574.1
ORD100627,2025-10-02,CUST1627,Keyboard,Electronics,5,1205.07,Hyderabad,UPI,6025.35
ORD100628,2025-12-04,CUST1628,Headphones,Electronics,5,1185.54,Chennai,Credit Card,5927.7
ORD100629,2025-03-17,CUST1629,Monitor,Electronics,2,1142.4,Mumbai,Net Banking,2284.8
ORD100630,2025-08-08,CUST1630,Smartphone,Electronics,3,530.0,Hyderabad,Debit Card,1590.0
ORD100631,2025-12-14,CUST1631,Headphones,Electronics,2,686.24,Hyderabad,Debit Card,1372.48
ORD100632,2025-07-06,CUST1632,Mouse,Electronics,5,896.5,Kochi,Net Banking,4482.5
ORD100633,2025-10-16,CUST1633,Backpack,Accessories,3,1461.17,Chennai,Credit Card,4383.51
ORD100634,2025-01-28,CUST1634,Smartphone,Electronics,3,498.05,Bengaluru,UPI,1494.15
ORD100635,2025-06-29,CUST1635,Shoes,Fashion,5,1385.48,Bengaluru,Debit Card,6927.4
ORD100636,2025-09-10,CUST1636,Smartwatch,Electronics,3,411.34,Kochi,UPI,1234.02
ORD100637,2025-05-06,CUST1637,Smartphone,Electronics,3,1483.72,Coimbatore,Credit Card,4451.16
ORD100638,2025-06-26,CUST1638,Mouse,Electronics,2,1008.69,Delhi,Net Banking,2017.38
ORD100639,2025-02-06,CUST1639,Tablet,Electronics,3,700.63,Bengaluru,UPI,2101.89
ORD100640,2025-04-09,CUST1640,Smartwatch,Electronics,5,923.95,Hyderabad,Credit Card,4619.75
ORD100641,2025-04-08,CUST1641,Laptop,Electronics,1,416.07,Mumbai,UPI,416.07
ORD100642,2025-05-07,CUST1642,Monitor,Electronics,1,418.52,Coimbatore,UPI,418.52
ORD100643,2025-06-17,CUST1643,Laptop,Electronics,1,179.2,Delhi,Debit Card,179.2
ORD100644,2025-03-21,CUST1644,Smartphone,Electronics,5,179.93,Mumbai,UPI,899.65
ORD100645,2025-10-21,CUST1645,Laptop,Electronics,1,528.03,Mumbai,Debit Card,528.03
ORD100646,2025-11-29,CUST1646,Mouse,Electronics,2,1146.65,Hyderabad,Credit Card,2293.3
ORD100647,2025-05-06,CUST1647,Shoes,Fashion,5,915.88,Chennai,Credit Card,4579.4
ORD100648,2025-12-09,CUST1648,Backpack,Accessories,5,162.85,Chennai,Debit Card,814.25
ORD100649,2025-11-06,CUST1649,Monitor,Electronics,5,1279.83,Chennai,Net Banking,6399.15
ORD100650,2025-05-30,CUST1650,Laptop,Electronics,3,906.04,Bengaluru,UPI,2718.12
ORD100651,2025-01-16,CUST1651,Laptop,Electronics,3,1441.67,Chennai,Credit Card,4325.01
ORD100652,2025-01-28,CUST1652,Smartphone,Electronics,3,1008.58,Delhi,Credit Card,3025.74
ORD100653,2025-06-22,CUST1653,Backpack,Accessories,4,271.01,Kochi,Net Banking,1084.04
ORD100654,2025-02-15,CUST1654,Headphones,Electronics,2,715.94,Hyderabad,Credit Card,1431.88
ORD100655,2025-11-24,CUST1655,Laptop,Electronics,5,976.26,Kochi,Debit Card,4881.3
ORD100656,2025-08-24,CUST1656,Mouse,Electronics,5,52.11,Bengaluru,Net Banking,260.55
ORD100657,2025-08-02,CUST1657,Tablet,Electronics,3,32.22,Delhi,Credit Card,96.66
ORD100658,2025-03-26,CUST1658,Monitor,Electronics,5,202.81,Chennai,Net Banking,1014.05
ORD100659,2025-10-09,CUST1659,Laptop,Electronics,5,384.98,Delhi,Net Banking,1924.9
ORD100660,2025-08-20,CUST1660,Mouse,Electronics,1,650.03,Kochi,Credit Card,650.03
ORD100661,2025-03-26,CUST1661,Mouse,Electronics,5,736.29,Mumbai,Credit Card,3681.45
ORD100662,2025-03-06,CUST1662,Monitor,Electronics,4,215.66,Hyderabad,Credit Card,862.64
ORD100663,2025-05-14,CUST1663,Headphones,Electronics,3,1013.35,Hyderabad,Net Banking,3040.05
ORD100664,2025-05-31,CUST1664,Mouse,Electronics,2,898.25,Kochi,Debit Card,1796.5
ORD100665,2025-04-25,CUST1665,Tablet,Electronics,2,448.75,Delhi,Debit Card,897.5
ORD100666,2025-03-05,CUST1666,Mouse,Electronics,1,30.35,Coimbatore,UPI,30.35
ORD100667,2025-12-09,CUST1667,Mouse,Electronics,2,125.7,Kochi,Credit Card,251.4
ORD100668,2025-12-29,CUST1668,Mouse,Electronics,2,593.63,Hyderabad,Debit Card,1187.26
ORD100669,2025-12-18,CUST1669,Shoes,Fashion,3,239.42,Mumbai,UPI,718.26
ORD100670,2025-06-07,CUST1670,Shoes,Fashion,3,571.46,Kochi,UPI,1714.38
ORD100671,2025-03-18,CUST1671,Headphones,Electronics,4,945.99,Kochi,Credit Card,3783.96
ORD100672,2025-05-26,CUST1672,Laptop,Electronics,1,825.38,Hyderabad,UPI,825.38
ORD100673,2025-12-09,CUST1673,Mouse,Electronics,2,354.45,Kochi,Debit Card,708.9
ORD100674,2025-08-13,CUST1674,Backpack,Accessories,4,522.3,Coimbatore,UPI,2089.2
ORD100675,2025-11-09,CUST1675,Laptop,Electronics,1,924.91,Hyderabad,UPI,924.91
ORD100676,2025-04-13,CUST1676,Headphones,Electronics,2,1292.67,Pune,Debit Card,2585.34
ORD100677,2025-12-13,CUST1677,Keyboard,Electronics,2,1132.29,Hyderabad,UPI,2264.58
ORD100678,2025-10-28,CUST1678,Laptop,Electronics,3,834.57,Coimbatore,UPI,2503.71
ORD100679,2025-03-29,CUST1679,Laptop,Electronics,5,549.82,Pune,Net Banking,2749.1
ORD100680,2025-10-30,CUST1680,Smartwatch,Electronics,1,553.93,Pune,UPI,553.93
ORD100681,2025-06-17,CUST1681,Smartphone,Electronics,2,1320.33,Hyderabad,UPI,2640.66
ORD100682,2025-06-19,CUST1682,Smartwatch,Electronics,1,68.47,Kochi,Net Banking,68.47
ORD100683,2025-05-15,CUST1683,Tablet,Electronics,4,1482.09,Delhi,Net Banking,5928.36
ORD100684,2025-02-19,CUST1684,Shoes,Fashion,4,999.92,Bengaluru,Net Banking,3999.68
ORD100685,2025-12-06,CUST1685,Shoes,Fashion,5,1024.9,Pune,Credit Card,5124.5
ORD100686,2025-12-13,CUST1686,Smartphone,Electronics,2,66.62,Delhi,Credit Card,133.24
ORD100687,2025-05-14,CUST1687,Monitor,Electronics,3,912.24,Hyderabad,Debit Card,2736.72
ORD100688,2025-12-13,CUST1688,Monitor,Electronics,2,732.32,Chennai,UPI,1464.64
ORD100689,2025-05-17,CUST1689,Headphones,Electronics,1,167.61,Chennai,Debit Card,167.61
ORD100690,2025-09-02,CUST1690,Smartphone,Electronics,4,424.1,Bengaluru,Credit Card,1696.4
ORD100691,2025-04-19,CUST1691,Laptop,Electronics,1,1336.57,Pune,UPI,1336.57
ORD100692,2025-11-09,CUST1692,Monitor,Electronics,5,829.48,Hyderabad,UPI,4147.4
ORD100693,2025-10-14,CUST1693,Mouse,Electronics,4,625.99,Mumbai,Net Banking,2503.96
ORD100694,2025-01-21,CUST1694,Backpack,Accessories,3,118.3,Pune,Credit Card,354.9
ORD100695,2025-03-31,CUST1695,Laptop,Electronics,4,1074.04,Hyderabad,UPI,4296.16
ORD100696,2025-10-23,CUST1696,Tablet,Electronics,2,1057.25,Chennai,Net Banking,2114.5
ORD100697,2025-04-22,CUST1697,Mouse,Electronics,2,924.92,Coimbatore,UPI,1849.84
ORD100698,2025-10-28,CUST1698,Mouse,Electronics,4,770.29,Bengaluru,Credit Card,3081.16
ORD100699,2025-03-18,CUST1699,Smartphone,Electronics,5,656.34,Coimbatore,Debit Card,3281.7
ORD100700,2025-06-26,CUST1700,Headphones,Electronics,2,893.97,Mumbai,Debit Card,1787.94
ORD100701,2025-12-09,CUST1701,Tablet,Electronics,2,357.76,Hyderabad,UPI,715.52
ORD100702,2025-05-28,CUST1702,Monitor,Electronics,3,1412.48,Kochi,Net Banking,4237.44
ORD100703,2025-04-11,CUST1703,Smartphone,Electronics,4,887.3,Mumbai,Net Banking,3549.2
ORD100704,2025-09-03,CUST1704,Monitor,Electronics,2,473.68,Coimbatore,Net Banking,947.36
ORD100705,2025-04-27,CUST1705,Smartphone,Electronics,5,680.02,Hyderabad,Credit Card,3400.1
ORD100706,2025-04-02,CUST1706,Smartphone,Electronics,1,1210.47,Pune,Debit Card,1210.47
ORD100707,2025-01-28,CUST1707,Smartphone,Electronics,4,250.81,Delhi,Debit Card,1003.24
ORD100708,2025-01-25,CUST1708,Headphones,Electronics,3,446.33,Delhi,UPI,1338.99
ORD100709,2025-02-27,CUST1709,Smartphone,Electronics,2,1022.47,Pune,Debit Card,2044.94
ORD100710,2025-10-24,CUST1710,Keyboard,Electronics,5,480.08,Mumbai,Net Banking,2400.4
ORD100711,2025-05-14,CUST1711,Backpack,Accessories,4,1190.83,Kochi,Credit Card,4763.32
ORD100712,2025-11-27,CUST1712,Monitor,Electronics,5,204.38,Delhi,Net Banking,1021.9
ORD100713,2025-09-06,CUST1713,Laptop,Electronics,5,1146.4,Kochi,Net Banking,5732.0
ORD100714,2025-02-07,CUST1714,Smartwatch,Electronics,3,111.84,Kochi,Debit Card,335.52
ORD100715,2025-03-16,CUST1715,Tablet,Electronics,4,28.76,Delhi,Credit Card,115.04
ORD100716,2025-05-22,CUST1716,Shoes,Fashion,2,1348.35,Chennai,Credit Card,2696.7
ORD100717,2025-11-18,CUST1717,Headphones,Electronics,3,876.2,Delhi,Net Banking,2628.6
ORD100718,2025-06-17,CUST1718,Laptop,Electronics,2,534.22,Chennai,UPI,1068.44
ORD100719,2025-09-16,CUST1719,Mouse,Electronics,1,356.57,Bengaluru,Debit Card,356.57
ORD100720,2025-12-21,CUST1720,Keyboard,Electronics,5,929.16,Chennai,UPI,4645.8
ORD100721,2025-08-13,CUST1721,Shoes,Fashion,1,768.41,Chennai,Net Banking,768.41
ORD100722,2025-06-01,CUST1722,Smartwatch,Electronics,5,1487.48,Coimbatore,Debit Card,7437.4
ORD100723,2025-01-19,CUST1723,Laptop,Electronics,3,1474.99,Kochi,UPI,4424.97
ORD100724,2025-05-26,CUST1724,Shoes,Fashion,2,956.19,Kochi,UPI,1912.38
ORD100725,2025-08-29,CUST1725,Laptop,Electronics,2,669.88,Chennai,UPI,1339.76
ORD100726,2025-12-10,CUST1726,Keyboard,Electronics,3,741.8,Chennai,Debit Card,2225.4
ORD100727,2025-08-25,CUST1727,Smartwatch,Electronics,4,1026.89,Coimbatore,UPI,4107.56
ORD100728,2025-02-04,CUST1728,Mouse,Electronics,1,161.35,Chennai,Credit Card,161.35
ORD100729,2025-07-09,CUST1729,Smartphone,Electronics,1,499.24,Delhi,Net Banking,499.24
ORD100730,2025-01-01,CUST1730,Monitor,Electronics,2,122.16,Pune,Debit Card,244.32
ORD100731,2025-06-02,CUST1731,Mouse,Electronics,2,119.31,Chennai,Credit Card,238.62
ORD100732,2025-05-06,CUST1732,Smartphone,Electronics,2,301.8,Bengaluru,UPI,603.6
ORD100733,2025-12-11,CUST1733,Headphones,Electronics,3,733.03,Chennai,Net Banking,2199.09
ORD100734,2025-08-14,CUST1734,Backpack,Accessories,4,1179.31,Chennai,UPI,4717.24
ORD100735,2025-08-09,CUST1735,Tablet,Electronics,1,733.39,Bengaluru,Credit Card,733.39
ORD100736,2025-07-30,CUST1736,Tablet,Electronics,5,509.86,Pune,UPI,2549.3
ORD100737,2025-01-25,CUST1737,Monitor,Electronics,3,132.71,Coimbatore,Debit Card,398.13
ORD100738,2025-01-16,CUST1738,Smartwatch,Electronics,1,829.94,Delhi,Credit Card,829.94
ORD100739,2025-07-01,CUST1739,Keyboard,Electronics,4,414.19,Pune,Debit Card,1656.76
ORD100740,2025-11-25,CUST1740,Smartwatch,Electronics,3,926.25,Chennai,Net Banking,2778.75
ORD100741,2025-05-09,CUST1741,Keyboard,Electronics,1,1466.01,Delhi,Debit Card,1466.01
ORD100742,2025-02-11,CUST1742,Smartwatch,Electronics,3,175.86,Mumbai,Debit Card,527.58
ORD100743,2025-12-02,CUST1743,Backpack,Accessories,1,326.07,Kochi,UPI,326.07
ORD100744,2025-08-24,CUST1744,Headphones,Electronics,1,714.91,Delhi,UPI,714.91
ORD100745,2025-12-26,CUST1745,Headphones,Electronics,4,1453.23,Coimbatore,Credit Card,5812.92
ORD100746,2025-02-03,CUST1746,Smartphone,Electronics,5,1160.0,Coimbatore,Net Banking,5800.0
ORD100747,2025-12-11,CUST1747,Shoes,Fashion,4,1348.36,Kochi,Credit Card,5393.44
ORD100748,2025-02-14,CUST1748,Headphones,Electronics,1,507.24,Pune,Net Banking,507.24
ORD100749,2025-05-14,CUST1749,Headphones,Electronics,3,1488.14,Chennai,Net Banking,4464.42
ORD100750,2025-01-21,CUST1750,Mouse,Electronics,4,163.22,Kochi,Debit Card,652.88
ORD100751,2025-05-02,CUST1751,Mouse,Electronics,5,88.93,Bengaluru,UPI,444.65
ORD100752,2025-03-11,CUST1752,Smartphone,Electronics,1,1284.85,Coimbatore,Net Banking,1284.85
ORD100753,2025-12-18,CUST1753,Shoes,Fashion,4,1391.62,Bengaluru,UPI,5566.48
ORD100754,2025-12-27,CUST1754,Monitor,Electronics,4,144.97,Pune,Net Banking,579.88
ORD100755,2025-02-17,CUST1755,Mouse,Electronics,4,179.01,Pune,UPI,716.04
ORD100756,2025-02-08,CUST1756,Monitor,Electronics,4,59.43,Mumbai,Credit Card,237.72
ORD100757,2025-10-14,CUST1757,Laptop,Electronics,3,165.72,Bengaluru,UPI,497.16
ORD100758,2025-01-10,CUST1758,Mouse,Electronics,5,322.04,Pune,Debit Card,1610.2
ORD100759,2025-01-30,CUST1759,Backpack,Accessories,5,1455.41,Pune,Net Banking,7277.05
ORD100760,2025-09-01,CUST1760,Shoes,Fashion,1,1005.11,Pune,Debit Card,1005.11
ORD100761,2025-10-01,CUST1761,Smartphone,Electronics,2,1170.04,Kochi,Net Banking,2340.08
ORD100762,2025-03-29,CUST1762,Laptop,Electronics,3,1166.45,Hyderabad,Debit Card,3499.35
ORD100763,2025-09-01,CUST1763,Shoes,Fashion,1,807.26,Pune,Net Banking,807.26
ORD100764,2025-11-25,CUST1764,Backpack,Accessories,1,1198.26,Pune,UPI,1198.26
ORD100765,2025-01-15,CUST1765,Shoes,Fashion,4,897.75,Bengaluru,Net Banking,3591.0
ORD100766,2025-01-04,CUST1766,Backpack,Accessories,2,478.67,Coimbatore,Debit Card,957.34
ORD100767,2025-07-10,CUST1767,Backpack,Accessories,2,846.05,Bengaluru,Debit Card,1692.1
ORD100768,2025-06-17,CUST1768,Monitor,Electronics,3,804.93,Bengaluru,Net Banking,2414.79
ORD100769,2025-01-09,CUST1769,Smartwatch,Electronics,2,1236.95,Hyderabad,Net Banking,2473.9
ORD100770,2025-04-19,CUST1770,Laptop,Electronics,1,1472.77,Hyderabad,Credit Card,1472.77
ORD100771,2025-05-17,CUST1771,Shoes,Fashion,2,622.45,Kochi,Credit Card,1244.9
ORD100772,2025-06-03,CUST1772,Keyboard,Electronics,2,1147.45,Chennai,UPI,2294.9
ORD100773,2025-07-28,CUST1773,Laptop,Electronics,5,158.65,Coimbatore,UPI,793.25
ORD100774,2025-09-29,CUST1774,Smartwatch,Electronics,1,1167.48,Pune,UPI,1167.48
ORD100775,2025-05-23,CUST1775,Laptop,Electronics,2,563.41,Kochi,UPI,1126.82
ORD100776,2025-04-09,CUST1776,Headphones,Electronics,2,68.69,Chennai,UPI,137.38
ORD100777,2025-11-04,CUST1777,Keyboard,Electronics,4,551.24,Pune,Net Banking,2204.96
ORD100778,2025-03-10,CUST1778,Smartwatch,Electronics,2,919.86,Pune,Credit Card,1839.72
ORD100779,2025-09-04,CUST1779,Monitor,Electronics,2,187.68,Hyderabad,Net Banking,375.36
ORD100780,2025-09-18,CUST1780,Shoes,Fashion,5,1386.81,Pune,Credit Card,6934.05
ORD100781,2025-10-03,CUST1781,Tablet,Electronics,1,125.73,Pune,Credit Card,125.73
ORD100782,2025-03-20,CUST1782,Smartwatch,Electronics,3,1395.71,Bengaluru,Debit Card,4187.13
ORD100783,2025-05-26,CUST1783,Smartphone,Electronics,1,1063.63,Hyderabad,Debit Card,1063.63
ORD100784,2025-04-21,CUST1784,Shoes,Fashion,4,501.27,Mumbai,Credit Card,2005.08
ORD100785,2025-09-15,CUST1785,Smartwatch,Electronics,1,592.22,Bengaluru,Net Banking,592.22
ORD100786,2025-04-03,CUST1786,Headphones,Electronics,2,1113.81,Chennai,Credit Card,2227.62
ORD100787,2025-01-13,CUST1787,Tablet,Electronics,4,906.19,Bengaluru,UPI,3624.76
ORD100788,2025-09-17,CUST1788,Headphones,Electronics,1,1010.75,Kochi,Net Banking,1010.75
ORD100789,2025-04-19,CUST1789,Tablet,Electronics,4,589.86,Mumbai,Net Banking,2359.44
ORD100790,2025-11-26,CUST1790,Smartphone,Electronics,3,736.84,Hyderabad,Credit Card,2210.52
ORD100791,2025-07-08,CUST1791,Shoes,Fashion,1,1484.9,Coimbatore,UPI,1484.9
ORD100792,2025-04-05,CUST1792,Monitor,Electronics,2,328.75,Pune,Credit Card,657.5
ORD100793,2025-04-15,CUST1793,Headphones,Electronics,4,632.61,Delhi,UPI,2530.44
ORD100794,2025-01-08,CUST1794,Headphones,Electronics,5,444.82,Coimbatore,Net Banking,2224.1
ORD100795,2025-03-08,CUST1795,Backpack,Accessories,4,1150.02,Coimbatore,Credit Card,4600.08
ORD100796,2025-07-10,CUST1796,Tablet,Electronics,5,1148.38,Pune,UPI,5741.9
ORD100797,2025-09-13,CUST1797,Mouse,Electronics,2,445.74,Hyderabad,Debit Card,891.48
ORD100798,2025-01-09,CUST1798,Shoes,Fashion,3,131.27,Coimbatore,Net Banking,393.81
ORD100799,2025-04-27,CUST1799,Tablet,Electronics,5,27.03,Mumbai,Net Banking,135.15
ORD100800,2025-09-24,CUST1800,Backpack,Accessories,3,646.9,Pune,Debit Card,1940.7
ORD100801,2025-04-09,CUST1801,Laptop,Electronics,4,621.4,Hyderabad,UPI,2485.6
ORD100802,2025-10-25,CUST1802,Tablet,Electronics,2,1482.7,Kochi,Net Banking,2965.4
ORD100803,2025-06-13,CUST1803,Monitor,Electronics,5,710.01,Coimbatore,UPI,3550.05
ORD100804,2025-05-21,CUST1804,Shoes,Fashion,4,392.06,Pune,Debit Card,1568.24
ORD100805,2025-09-25,CUST1805,Backpack,Accessories,1,1337.93,Delhi,Credit Card,1337.93
ORD100806,2025-02-06,CUST1806,Laptop,Electronics,4,741.69,Chennai,Net Banking,2966.76
ORD100807,2025-03-15,CUST1807,Keyboard,Electronics,3,902.77,Hyderabad,Net Banking,2708.31
ORD100808,2025-03-14,CUST1808,Backpack,Accessories,2,152.55,Hyderabad,UPI,305.1
ORD100809,2025-11-04,CUST1809,Keyboard,Electronics,2,580.55,Bengaluru,Net Banking,1161.1
ORD100810,2025-07-18,CUST1810,Shoes,Fashion,4,1416.89,Kochi,Credit Card,5667.56
ORD100811,2025-05-10,CUST1811,Headphones,Electronics,1,888.36,Pune,Debit Card,888.36
ORD100812,2025-09-03,CUST1812,Backpack,Accessories,3,523.31,Coimbatore,Net Banking,1569.93
ORD100813,2025-11-08,CUST1813,Smartphone,Electronics,4,942.24,Chennai,Debit Card,3768.96
ORD100814,2025-03-01,CUST1814,Keyboard,Electronics,4,1366.51,Pune,UPI,5466.04
ORD100815,2025-10-06,CUST1815,Monitor,Electronics,2,418.25,Delhi,Credit Card,836.5
ORD100816,2025-04-13,CUST1816,Smartphone,Electronics,3,762.62,Mumbai,Net Banking,2287.86
ORD100817,2025-10-23,CUST1817,Smartwatch,Electronics,1,1438.45,Hyderabad,Debit Card,1438.45
ORD100818,2025-11-16,CUST1818,Smartwatch,Electronics,2,266.87,Mumbai,Credit Card,533.74
ORD100819,2025-12-07,CUST1819,Laptop,Electronics,4,1082.3,Mumbai,Debit Card,4329.2
ORD100820,2025-05-31,CUST1820,Headphones,Electronics,2,925.58,Mumbai,UPI,1851.16
ORD100821,2025-06-06,CUST1821,Shoes,Fashion,2,1022.72,Kochi,Credit Card,2045.44
ORD100822,2025-07-25,CUST1822,Backpack,Accessories,5,533.32,Bengaluru,Credit Card,2666.6
ORD100823,2025-06-28,CUST1823,Mouse,Electronics,2,477.68,Pune,UPI,955.36
ORD100824,2025-07-16,CUST1824,Monitor,Electronics,2,1029.47,Mumbai,UPI,2058.94
ORD100825,2025-08-11,CUST1825,Keyboard,Electronics,3,331.16,Coimbatore,Net Banking,993.48
ORD100826,2025-03-30,CUST1826,Shoes,Fashion,2,635.29,Coimbatore,UPI,1270.58
ORD100827,2025-10-14,CUST1827,Smartphone,Electronics,1,290.38,Chennai,UPI,290.38
ORD100828,2025-10-03,CUST1828,Smartwatch,Electronics,4,22.37,Chennai,Debit Card,89.48
ORD100829,2025-08-24,CUST1829,Monitor,Electronics,3,1455.39,Delhi,Credit Card,4366.17
ORD100830,2025-07-02,CUST1830,Mouse,Electronics,2,653.24,Mumbai,Debit Card,1306.48
ORD100831,2025-07-28,CUST1831,Backpack,Accessories,1,1454.33,Mumbai,UPI,1454.33
ORD100832,2025-05-10,CUST1832,Laptop,Electronics,4,219.08,Bengaluru,Net Banking,876.32
ORD100833,2025-06-02,CUST1833,Mouse,Electronics,3,885.18,Pune,Debit Card,2655.54
ORD100834,2025-01-13,CUST1834,Monitor,Electronics,1,309.45,Mumbai,Debit Card,309.45
ORD100835,2025-05-02,CUST1835,Mouse,Electronics,2,1187.21,Mumbai,Credit Card,2374.42
ORD100836,2025-12-25,CUST1836,Monitor,Electronics,5,1177.72,Kochi,Credit Card,5888.6
ORD100837,2025-08-08,CUST1837,Monitor,Electronics,5,177.78,Pune,Credit Card,888.9
ORD100838,2025-04-16,CUST1838,Tablet,Electronics,3,1368.98,Mumbai,Net Banking,4106.94
ORD100839,2025-03-11,CUST1839,Keyboard,Electronics,1,300.0,Hyderabad,Net Banking,300.0
ORD100840,2025-07-14,CUST1840,Smartwatch,Electronics,4,923.34,Hyderabad,UPI,3693.36
ORD100841,2025-07-05,CUST1841,Tablet,Electronics,1,1478.59,Kochi,UPI,1478.59
ORD100842,2025-04-09,CUST1842,Backpack,Accessories,5,1324.77,Kochi,Credit Card,6623.85
ORD100843,2025-03-23,CUST1843,Tablet,Electronics,3,1435.28,Bengaluru,Debit Card,4305.84
ORD100844,2025-03-16,CUST1844,Headphones,Electronics,2,520.47,Kochi,Credit Card,1040.94
ORD100845,2025-12-06,CUST1845,Headphones,Electronics,1,167.31,Bengaluru,UPI,167.31
ORD100846,2025-07-11,CUST1846,Smartwatch,Electronics,5,290.64,Kochi,Debit Card,1453.2
ORD100847,2025-11-21,CUST1847,Mouse,Electronics,4,755.74,Kochi,UPI,3022.96
ORD100848,2025-08-02,CUST1848,Keyboard,Electronics,3,1191.91,Coimbatore,Net Banking,3575.73
ORD100849,2025-11-11,CUST1849,Smartwatch,Electronics,2,233.73,Bengaluru,Credit Card,467.46
ORD100850,2025-11-14,CUST1850,Monitor,Electronics,1,993.0,Delhi,Credit Card,993.0
ORD100851,2025-05-24,CUST1851,Smartphone,Electronics,4,492.13,Coimbatore,Debit Card,1968.52
ORD100852,2025-08-04,CUST1852,Keyboard,Electronics,2,518.39,Kochi,Credit Card,1036.78
ORD100853,2025-12-27,CUST1853,Keyboard,Electronics,5,996.26,Pune,UPI,4981.3
ORD100854,2025-11-20,CUST1854,Monitor,Electronics,5,705.83,Mumbai,UPI,3529.15
ORD100855,2025-01-15,CUST1855,Monitor,Electronics,4,1219.93,Kochi,Net Banking,4879.72
ORD100856,2025-08-05,CUST1856,Laptop,Electronics,5,242.32,Bengaluru,UPI,1211.6
ORD100857,2025-02-04,CUST1857,Smartwatch,Electronics,3,1187.02,Delhi,Debit Card,3561.06
ORD100858,2025-07-02,CUST1858,Monitor,Electronics,4,105.71,Bengaluru,UPI,422.84
ORD100859,2025-09-27,CUST1859,Headphones,Electronics,5,299.14,Kochi,Net Banking,1495.7
ORD100860,2025-12-24,CUST1860,Backpack,Accessories,1,987.66,Bengaluru,Net Banking,987.66
ORD100861,2025-04-10,CUST1861,Smartphone,Electronics,5,1283.84,Coimbatore,Credit Card,6419.2
ORD100862,2025-01-07,CUST1862,Smartwatch,Electronics,3,386.49,Pune,Debit Card,1159.47
ORD100863,2025-01-30,CUST1863,Shoes,Fashion,2,497.52,Pune,UPI,995.04
ORD100864,2025-11-01,CUST1864,Headphones,Electronics,2,810.31,Coimbatore,Net Banking,1620.62
ORD100865,2025-05-24,CUST1865,Mouse,Electronics,5,325.24,Kochi,UPI,1626.2
ORD100866,2025-04-21,CUST1866,Monitor,Electronics,2,1218.62,Chennai,Net Banking,2437.24
ORD100867,2025-08-20,CUST1867,Shoes,Fashion,5,1162.72,Coimbatore,Credit Card,5813.6
ORD100868,2025-06-28,CUST1868,Monitor,Electronics,3,226.48,Coimbatore,Net Banking,679.44
ORD100869,2025-03-13,CUST1869,Keyboard,Electronics,2,701.11,Hyderabad,Credit Card,1402.22
ORD100870,2025-07-29,CUST1870,Headphones,Electronics,1,1164.49,Kochi,Debit Card,1164.49
ORD100871,2025-08-08,CUST1871,Keyboard,Electronics,5,512.62,Bengaluru,UPI,2563.1
ORD100872,2025-03-21,CUST1872,Laptop,Electronics,2,953.33,Coimbatore,UPI,1906.66
ORD100873,2025-03-24,CUST1873,Keyboard,Electronics,3,84.82,Bengaluru,Credit Card,254.46
ORD100874,2025-02-11,CUST1874,Laptop,Electronics,3,916.95,Bengaluru,Debit Card,2750.85
ORD100875,2025-09-30,CUST1875,Laptop,Electronics,1,237.45,Hyderabad,Credit Card,237.45
ORD100876,2025-07-10,CUST1876,Shoes,Fashion,3,1247.57,Kochi,Net Banking,3742.71
ORD100877,2025-06-22,CUST1877,Monitor,Electronics,3,539.62,Bengaluru,Credit Card,1618.86
ORD100878,2025-01-07,CUST1878,Mouse,Electronics,2,429.52,Delhi,Debit Card,859.04
ORD100879,2025-06-04,CUST1879,Keyboard,Electronics,5,1262.92,Coimbatore,Net Banking,6314.6
ORD100880,2025-01-10,CUST1880,Headphones,Electronics,4,84.71,Bengaluru,UPI,338.84
ORD100881,2025-02-03,CUST1881,Laptop,Electronics,3,600.95,Chennai,UPI,1802.85
ORD100882,2025-02-05,CUST1882,Monitor,Electronics,3,561.31,Chennai,UPI,1683.93
ORD100883,2025-01-06,CUST1883,Smartphone,Electronics,4,434.35,Hyderabad,Debit Card,1737.4
ORD100884,2025-08-03,CUST1884,Smartwatch,Electronics,3,1368.51,Delhi,Debit Card,4105.53
ORD100885,2025-05-14,CUST1885,Shoes,Fashion,2,1128.88,Pune,Debit Card,2257.76
ORD100886,2025-10-12,CUST1886,Mouse,Electronics,2,105.25,Pune,Debit Card,210.5
ORD100887,2025-05-06,CUST1887,Tablet,Electronics,4,1074.88,Coimbatore,Debit Card,4299.52
ORD100888,2025-12-03,CUST1888,Shoes,Fashion,3,795.68,Kochi,Net Banking,2387.04
ORD100889,2025-06-23,CUST1889,Smartphone,Electronics,3,1352.29,Hyderabad,Credit Card,4056.87
ORD100890,2025-06-01,CUST1890,Smartwatch,Electronics,5,476.29,Chennai,UPI,2381.45
ORD100891,2025-11-27,CUST1891,Smartphone,Electronics,3,865.5,Delhi,Debit Card,2596.5
ORD100892,2025-01-26,CUST1892,Keyboard,Electronics,2,756.13,Coimbatore,UPI,1512.26
ORD100893,2025-04-25,CUST1893,Laptop,Electronics,1,739.45,Bengaluru,Debit Card,739.45
ORD100894,2025-10-11,CUST1894,Mouse,Electronics,1,689.6,Coimbatore,UPI,689.6
ORD100895,2025-03-16,CUST1895,Backpack,Accessories,1,316.39,Mumbai,Credit Card,316.39
ORD100896,2025-06-15,CUST1896,Laptop,Electronics,1,1136.01,Coimbatore,UPI,1136.01
ORD100897,2025-07-08,CUST1897,Backpack,Accessories,3,682.49,Bengaluru,UPI,2047.47
ORD100898,2025-03-19,CUST1898,Smartwatch,Electronics,3,1438.19,Mumbai,Debit Card,4314.57
ORD100899,2025-03-31,CUST1899,Monitor,Electronics,5,398.6,Pune,Net Banking,1993.0
ORD100900,2025-06-25,CUST1900,Tablet,Electronics,3,1027.29,Delhi,Net Banking,3081.87
ORD100901,2025-01-21,CUST1901,Headphones,Electronics,1,1411.67,Hyderabad,UPI,1411.67
ORD100902,2025-02-23,CUST1902,Laptop,Electronics,4,998.55,Delhi,Net Banking,3994.2
ORD100903,2025-07-03,CUST1903,Mouse,Electronics,4,1308.2,Coimbatore,Credit Card,5232.8
ORD100904,2025-12-25,CUST1904,Smartphone,Electronics,2,1242.95,Pune,Credit Card,2485.9
ORD100905,2025-08-10,CUST1905,Mouse,Electronics,2,546.58,Hyderabad,Net Banking,1093.16
ORD100906,2025-11-11,CUST1906,Smartwatch,Electronics,3,904.18,Coimbatore,Net Banking,2712.54
ORD100907,2025-11-24,CUST1907,Backpack,Accessories,4,242.83,Chennai,Credit Card,971.32
ORD100908,2025-06-28,CUST1908,Smartphone,Electronics,1,807.93,Chennai,Net Banking,807.93
ORD100909,2025-10-03,CUST1909,Headphones,Electronics,1,353.33,Bengaluru,Net Banking,353.33
ORD100910,2025-04-22,CUST1910,Headphones,Electronics,1,1118.17,Pune,Debit Card,1118.17
ORD100911,2025-08-12,CUST1911,Laptop,Electronics,3,796.81,Kochi,Debit Card,2390.43
ORD100912,2025-08-02,CUST1912,Smartwatch,Electronics,3,622.73,Pune,Net Banking,1868.19
ORD100913,2025-02-28,CUST1913,Monitor,Electronics,5,410.51,Kochi,Net Banking,2052.55
ORD100914,2025-11-23,CUST1914,Smartwatch,Electronics,1,1498.06,Delhi,Debit Card,1498.06
ORD100915,2025-04-19,CUST1915,Backpack,Accessories,1,116.85,Chennai,Debit Card,116.85
ORD100916,2025-06-06,CUST1916,Mouse,Electronics,3,74.91,Mumbai,Net Banking,224.73
ORD100917,2025-07-10,CUST1917,Headphones,Electronics,3,333.71,Mumbai,Debit Card,1001.13
ORD100918,2025-07-19,CUST1918,Mouse,Electronics,5,1456.9,Pune,Credit Card,7284.5
ORD100919,2025-11-08,CUST1919,Mouse,Electronics,5,1469.06,Pune,UPI,7345.3
ORD100920,2025-07-15,CUST1920,Mouse,Electronics,2,985.84,Coimbatore,Credit Card,1971.68
ORD100921,2025-02-04,CUST1921,Headphones,Electronics,4,1321.36,Pune,Debit Card,5285.44
ORD100922,2025-09-03,CUST1922,Shoes,Fashion,1,328.8,Hyderabad,Credit Card,328.8
ORD100923,2025-08-25,CUST1923,Keyboard,Electronics,1,1458.34,Mumbai,UPI,1458.34
ORD100924,2025-04-14,CUST1924,Backpack,Accessories,5,222.75,Coimbatore,Debit Card,1113.75
ORD100925,2025-01-07,CUST1925,Shoes,Fashion,5,160.68,Kochi,Credit Card,803.4
ORD100926,2025-10-10,CUST1926,Backpack,Accessories,2,177.2,Hyderabad,Credit Card,354.4
ORD100927,2025-01-01,CUST1927,Smartphone,Electronics,4,863.96,Pune,UPI,3455.84
ORD100928,2025-08-07,CUST1928,Smartwatch,Electronics,2,1173.65,Pune,Debit Card,2347.3
ORD100929,2025-08-18,CUST1929,Smartwatch,Electronics,4,556.33,Chennai,Net Banking,2225.32
ORD100930,2025-06-21,CUST1930,Tablet,Electronics,1,1467.07,Coimbatore,Debit Card,1467.07
ORD100931,2025-03-28,CUST1931,Smartwatch,Electronics,2,657.29,Hyderabad,UPI,1314.58
ORD100932,2025-02-10,CUST1932,Headphones,Electronics,5,234.17,Bengaluru,UPI,1170.85
ORD100933,2025-05-03,CUST1933,Monitor,Electronics,2,704.29,Pune,UPI,1408.58
ORD100934,2025-11-27,CUST1934,Laptop,Electronics,2,1021.77,Delhi,UPI,2043.54
ORD100935,2025-10-25,CUST1935,Tablet,Electronics,1,1250.02,Delhi,Net Banking,1250.02
ORD100936,2025-06-27,CUST1936,Laptop,Electronics,5,693.56,Pune,Debit Card,3467.8
ORD100937,2025-03-04,CUST1937,Backpack,Accessories,5,894.47,Bengaluru,Debit Card,4472.35
ORD100938,2025-06-14,CUST1938,Laptop,Electronics,3,408.34,Mumbai,Credit Card,1225.02
ORD100939,2025-07-06,CUST1939,Laptop,Electronics,3,972.42,Delhi,Net Banking,2917.26
ORD100940,2025-07-28,CUST1940,Tablet,Electronics,3,1479.1,Hyderabad,Net Banking,4437.3
ORD100941,2025-08-15,CUST1941,Smartphone,Electronics,1,83.09,Pune,Credit Card,83.09
ORD100942,2025-02-17,CUST1942,Mouse,Electronics,2,1330.93,Pune,Credit Card,2661.86
ORD100943,2025-08-12,CUST1943,Smartwatch,Electronics,5,847.8,Pune,Debit Card,4239.0
ORD100944,2025-01-03,CUST1944,Smartwatch,Electronics,5,385.63,Bengaluru,Debit Card,1928.15
ORD100945,2025-06-24,CUST1945,Headphones,Electronics,2,1432.79,Mumbai,Debit Card,2865.58
ORD100946,2025-04-09,CUST1946,Tablet,Electronics,5,730.2,Coimbatore,Net Banking,3651.0
ORD100947,2025-04-26,CUST1947,Headphones,Electronics,2,504.22,Pune,Net Banking,1008.44
ORD100948,2025-09-27,CUST1948,Monitor,Electronics,1,280.43,Coimbatore,Credit Card,280.43
ORD100949,2025-09-10,CUST1949,Monitor,Electronics,1,374.23,Hyderabad,UPI,374.23
ORD100950,2025-11-13,CUST1950,Headphones,Electronics,1,1250.95,Hyderabad,UPI,1250.95
ORD100951,2025-04-05,CUST1951,Tablet,Electronics,2,925.47,Kochi,UPI,1850.94
ORD100952,2025-09-30,CUST1952,Headphones,Electronics,2,1370.74,Hyderabad,UPI,2741.48
ORD100953,2025-01-24,CUST1953,Smartwatch,Electronics,4,355.63,Delhi,UPI,1422.52
ORD100954,2025-04-26,CUST1954,Shoes,Fashion,5,190.5,Hyderabad,Debit Card,952.5
ORD100955,2025-05-31,CUST1955,Keyboard,Electronics,5,19.07,Kochi,Credit Card,95.35
ORD100956,2025-12-04,CUST1956,Laptop,Electronics,4,766.71,Pune,UPI,3066.84
ORD100957,2025-02-19,CUST1957,Keyboard,Electronics,4,1497.48,Bengaluru,UPI,5989.92
ORD100958,2025-07-25,CUST1958,Tablet,Electronics,1,1045.5,Bengaluru,UPI,1045.5
ORD100959,2025-12-01,CUST1959,Keyboard,Electronics,4,469.51,Mumbai,Debit Card,1878.04
ORD100960,2025-03-20,CUST1960,Monitor,Electronics,2,1316.52,Bengaluru,UPI,2633.04
ORD100961,2025-03-11,CUST1961,Backpack,Accessories,3,1174.77,Kochi,Credit Card,3524.31
ORD100962,2025-01-27,CUST1962,Laptop,Electronics,2,32.97,Delhi,Debit Card,65.94
ORD100963,2025-09-28,CUST1963,Mouse,Electronics,4,1227.12,Kochi,Debit Card,4908.48
ORD100964,2025-02-19,CUST1964,Tablet,Electronics,5,457.78,Coimbatore,Net Banking,2288.9
ORD100965,2025-10-19,CUST1965,Laptop,Electronics,2,233.01,Kochi,Net Banking,466.02
ORD100966,2025-09-04,CUST1966,Keyboard,Electronics,5,347.23,Mumbai,Debit Card,1736.15
ORD100967,2025-09-21,CUST1967,Monitor,Electronics,2,708.18,Bengaluru,UPI,1416.36
ORD100968,2025-03-20,CUST1968,Smartphone,Electronics,5,643.05,Hyderabad,UPI,3215.25
ORD100969,2025-07-09,CUST1969,Shoes,Fashion,2,440.44,Bengaluru,UPI,880.88
ORD100970,2025-02-16,CUST1970,Mouse,Electronics,5,266.61,Chennai,UPI,1333.05
ORD100971,2025-12-27,CUST1971,Shoes,Fashion,3,1145.72,Mumbai,Net Banking,3437.16
ORD100972,2025-12-20,CUST1972,Laptop,Electronics,1,1485.26,Pune,Credit Card,1485.26
ORD100973,2025-12-18,CUST1973,Monitor,Electronics,2,1168.91,Pune,Debit Card,2337.82
ORD100974,2025-07-08,CUST1974,Monitor,Electronics,3,450.95,Delhi,UPI,1352.85
ORD100975,2025-09-13,CUST1975,Keyboard,Electronics,1,374.77,Bengaluru,Net Banking,374.77
ORD100976,2025-08-10,CUST1976,Smartwatch,Electronics,2,334.32,Bengaluru,Credit Card,668.64
ORD100977,2025-08-29,CUST1977,Keyboard,Electronics,3,213.68,Delhi,Debit Card,641.04
ORD100978,2025-09-26,CUST1978,Smartwatch,Electronics,3,831.48,Kochi,Debit Card,2494.44
ORD100979,2025-01-01,CUST1979,Smartwatch,Electronics,3,912.05,Coimbatore,Debit Card,2736.15
ORD100980,2025-02-03,CUST1980,Mouse,Electronics,4,1061.2,Hyderabad,UPI,4244.8
ORD100981,2025-03-20,CUST1981,Keyboard,Electronics,5,1023.52,Kochi,Debit Card,5117.6
ORD100982,2025-08-24,CUST1982,Smartphone,Electronics,1,445.58,Hyderabad,UPI,445.58
ORD100983,2025-11-30,CUST1983,Headphones,Electronics,5,502.16,Coimbatore,Credit Card,2510.8
ORD100984,2025-12-15,CUST1984,Headphones,Electronics,5,1025.46,Coimbatore,Net Banking,5127.3
ORD100985,2025-04-08,CUST1985,Keyboard,Electronics,5,530.68,Chennai,Net Banking,2653.4
ORD100986,2025-03-23,CUST1986,Keyboard,Electronics,3,326.81,Kochi,Net Banking,980.43
ORD100987,2025-07-11,CUST1987,Shoes,Fashion,5,567.76,Delhi,Debit Card,2838.8
ORD100988,2025-09-10,CUST1988,Mouse,Electronics,4,415.41,Mumbai,Net Banking,1661.64
ORD100989,2025-02-07,CUST1989,Keyboard,Electronics,2,141.59,Hyderabad,Credit Card,283.18
ORD100990,2025-01-14,CUST1990,Shoes,Fashion,3,1246.91,Coimbatore,UPI,3740.73
ORD100991,2025-12-13,CUST1991,Smartwatch,Electronics,1,1281.14,Coimbatore,Net Banking,1281.14
ORD100992,2025-11-06,CUST1992,Monitor,Electronics,2,337.43,Delhi,UPI,674.86
ORD100993,2025-07-28,CUST1993,Monitor,Electronics,2,106.51,Pune,UPI,213.02
ORD100994,2025-12-23,CUST1994,Smartwatch,Electronics,2,1110.85,Mumbai,Net Banking,2221.7
ORD100995,2025-03-30,CUST1995,Tablet,Electronics,5,325.18,Coimbatore,Net Banking,1625.9
ORD100996,2025-02-25,CUST1996,Shoes,Fashion,5,596.22,Pune,Net Banking,2981.1
ORD100997,2025-04-04,CUST1997,Shoes,Fashion,3,105.56,Chennai,Debit Card,316.68
ORD100998,2025-04-03,CUST1998,Smartwatch,Electronics,5,347.14,Mumbai,Net Banking,1735.7
ORD100999,2025-12-06,CUST1999,Smartphone,Electronics,5,1191.42,Pune,Debit Card,5957.1
ORD101000,2025-03-26,CUST2000,Backpack,Accessories,5,1208.55,Chennai,Credit Card,6042.75
ORD101001,2025-09-02,CUST1001,Laptop,Electronics,3,318.56,Bengaluru,UPI,955.68
ORD101002,2025-01-22,CUST1002,Smartwatch,Electronics,3,510.51,Hyderabad,Credit Card,1531.53
ORD101003,2025-10-18,CUST1003,Keyboard,Electronics,4,210.02,Coimbatore,Net Banking,840.08
ORD101004,2025-09-29,CUST1004,Keyboard,Electronics,4,120.52,Pune,UPI,482.08
ORD101005,2025-11-02,CUST1005,Mouse,Electronics,4,1488.34,Mumbai,Net Banking,5953.36
ORD101006,2025-05-02,CUST1006,Smartwatch,Electronics,4,986.83,Chennai,Net Banking,3947.32
ORD101007,2025-05-08,CUST1007,Mouse,Electronics,2,817.72,Hyderabad,UPI,1635.44
ORD101008,2025-04-23,CUST1008,Smartwatch,Electronics,2,1150.59,Kochi,Credit Card,2301.18
ORD101009,2025-09-30,CUST1009,Shoes,Fashion,4,1261.71,Hyderabad,Net Banking,5046.84
ORD101010,2025-12-02,CUST1010,Laptop,Electronics,4,1212.01,Kochi,UPI,4848.04
ORD101011,2025-05-10,CUST1011,Shoes,Fashion,1,34.64,Kochi,Credit Card,34.64
ORD101012,2025-05-12,CUST1012,Backpack,Accessories,2,288.34,Coimbatore,Debit Card,576.68
ORD101013,2025-03-26,CUST1013,Monitor,Electronics,1,985.81,Pune,Credit Card,985.81
ORD101014,2025-12-16,CUST1014,Headphones,Electronics,1,569.88,Kochi,Credit Card,569.88
ORD101015,2025-03-22,CUST1015,Smartwatch,Electronics,5,1473.9,Hyderabad,UPI,7369.5
ORD101016,2025-11-21,CUST1016,Backpack,Accessories,3,1001.45,Coimbatore,Credit Card,3004.35
ORD101017,2025-03-10,CUST1017,Monitor,Electronics,2,1435.26,Pune,Debit Card,2870.52
ORD101018,2025-05-28,CUST1018,Tablet,Electronics,4,310.16,Kochi,Debit Card,1240.64
ORD101019,2025-01-16,CUST1019,Laptop,Electronics,4,1297.3,Pune,Net Banking,5189.2
ORD101020,2025-11-03,CUST1020,Mouse,Electronics,3,488.81,Bengaluru,Debit Card,1466.43
ORD101021,2025-04-15,CUST1021,Mouse,Electronics,2,1484.45,Coimbatore,Net Banking,2968.9
ORD101022,2025-06-14,CUST1022,Shoes,Fashion,4,244.96,Delhi,Debit Card,979.84
ORD101023,2025-07-20,CUST1023,Keyboard,Electronics,4,779.35,Kochi,Credit Card,3117.4
ORD101024,2025-07-16,CUST1024,Monitor,Electronics,5,1191.34,Chennai,Net Banking,5956.7
ORD101025,2025-07-04,CUST1025,Tablet,Electronics,1,654.64,Delhi,Debit Card,654.64
ORD101026,2025-11-18,CUST1026,Backpack,Accessories,4,707.45,Pune,Credit Card,2829.8
ORD101027,2025-09-22,CUST1027,Laptop,Electronics,2,1479.67,Pune,Credit Card,2959.34
ORD101028,2025-12-29,CUST1028,Monitor,Electronics,3,643.71,Hyderabad,Net Banking,1931.13
ORD101029,2025-04-10,CUST1029,Tablet,Electronics,5,910.07,Hyderabad,UPI,4550.35
ORD101030,2025-12-08,CUST1030,Headphones,Electronics,2,91.26,Hyderabad,Credit Card,182.52
ORD101031,2025-11-16,CUST1031,Smartwatch,Electronics,5,1264.89,Pune,Credit Card,6324.45
ORD101032,2025-08-02,CUST1032,Mouse,Electronics,1,975.77,Coimbatore,UPI,975.77
ORD101033,2025-10-05,CUST1033,Backpack,Accessories,4,611.99,Mumbai,Net Banking,2447.96
ORD101034,2025-06-11,CUST1034,Mouse,Electronics,2,34.09,Coimbatore,Debit Card,68.18
ORD101035,2025-06-06,CUST1035,Backpack,Accessories,3,891.59,Chennai,Debit Card,2674.77
ORD101036,2025-09-08,CUST1036,Shoes,Fashion,1,28.86,Coimbatore,Credit Card,28.86
ORD101037,2025-04-07,CUST1037,Keyboard,Electronics,1,11.79,Hyderabad,UPI,11.79
ORD101038,2025-01-18,CUST1038,Backpack,Accessories,5,927.99,Bengaluru,Credit Card,4639.95
ORD101039,2025-11-23,CUST1039,Mouse,Electronics,1,291.64,Chennai,Net Banking,291.64
ORD101040,2025-04-07,CUST1040,Shoes,Fashion,2,295.91,Delhi,Credit Card,591.82
ORD101041,2025-01-01,CUST1041,Backpack,Accessories,5,983.37,Bengaluru,Debit Card,4916.85
ORD101042,2025-08-04,CUST1042,Headphones,Electronics,1,90.01,Chennai,UPI,90.01
ORD101043,2025-05-12,CUST1043,Keyboard,Electronics,3,476.97,Chennai,Net Banking,1430.91
ORD101044,2025-09-17,CUST1044,Backpack,Accessories,2,232.65,Pune,Credit Card,465.3
ORD101045,2025-05-05,CUST1045,Shoes,Fashion,3,874.46,Hyderabad,Debit Card,2623.38
ORD101046,2025-03-23,CUST1046,Monitor,Electronics,3,996.03,Pune,Credit Card,2988.09
ORD101047,2025-10-10,CUST1047,Smartphone,Electronics,5,1084.49,Kochi,Debit Card,5422.45
ORD101048,2025-06-20,CUST1048,Tablet,Electronics,4,390.29,Delhi,UPI,1561.16
ORD101049,2025-02-28,CUST1049,Smartphone,Electronics,5,142.98,Coimbatore,Net Banking,714.9
ORD101050,2025-02-01,CUST1050,Smartphone,Electronics,2,127.24,Pune,Credit Card,254.48
ORD101051,2025-06-10,CUST1051,Laptop,Electronics,2,644.97,Kochi,Net Banking,1289.94
ORD101052,2025-10-11,CUST1052,Headphones,Electronics,5,1419.31,Delhi,UPI,7096.55
ORD101053,2025-04-16,CUST1053,Monitor,Electronics,4,334.42,Hyderabad,Debit Card,1337.68
ORD101054,2025-04-15,CUST1054,Smartwatch,Electronics,5,392.54,Hyderabad,UPI,1962.7
ORD101055,2025-08-16,CUST1055,Backpack,Accessories,2,160.32,Kochi,UPI,320.64
ORD101056,2025-07-07,CUST1056,Tablet,Electronics,4,912.3,Pune,Net Banking,3649.2
ORD101057,2025-03-11,CUST1057,Keyboard,Electronics,2,1023.01,Hyderabad,UPI,2046.02
ORD101058,2025-11-14,CUST1058,Monitor,Electronics,4,967.97,Bengaluru,Credit Card,3871.88
ORD101059,2025-10-17,CUST1059,Mouse,Electronics,4,1293.08,Delhi,Debit Card,5172.32
ORD101060,2025-03-28,CUST1060,Smartwatch,Electronics,5,734.77,Delhi,UPI,3673.85
ORD101061,2025-12-28,CUST1061,Laptop,Electronics,5,210.34,Chennai,Credit Card,1051.7
ORD101062,2025-02-25,CUST1062,Laptop,Electronics,5,441.21,Mumbai,Debit Card,2206.05
ORD101063,2025-04-23,CUST1063,Monitor,Electronics,4,997.02,Coimbatore,Net Banking,3988.08
ORD101064,2025-01-13,CUST1064,Shoes,Fashion,4,923.55,Kochi,Debit Card,3694.2
ORD101065,2025-01-18,CUST1065,Smartphone,Electronics,2,801.19,Hyderabad,Net Banking,1602.38
ORD101066,2025-07-01,CUST1066,Mouse,Electronics,3,1027.62,Delhi,Debit Card,3082.86
ORD101067,2025-04-23,CUST1067,Laptop,Electronics,5,959.71,Delhi,UPI,4798.55
ORD101068,2025-08-17,CUST1068,Tablet,Electronics,2,1323.17,Chennai,Net Banking,2646.34
ORD101069,2025-06-20,CUST1069,Laptop,Electronics,2,883.16,Kochi,Net Banking,1766.32
ORD101070,2025-10-22,CUST1070,Keyboard,Electronics,1,1170.12,Coimbatore,Net Banking,1170.12
ORD101071,2025-07-08,CUST1071,Backpack,Accessories,5,380.57,Mumbai,UPI,1902.85
ORD101072,2025-03-20,CUST1072,Laptop,Electronics,2,1020.49,Mumbai,UPI,2040.98
ORD101073,2025-05-26,CUST1073,Keyboard,Electronics,1,1354.27,Hyderabad,Debit Card,1354.27
ORD101074,2025-07-01,CUST1074,Monitor,Electronics,5,584.74,Mumbai,Debit Card,2923.7
ORD101075,2025-10-13,CUST1075,Monitor,Electronics,4,1170.87,Mumbai,UPI,4683.48
ORD101076,2025-09-07,CUST1076,Smartwatch,Electronics,1,1089.94,Pune,UPI,1089.94
ORD101077,2025-12-20,CUST1077,Laptop,Electronics,4,98.69,Coimbatore,Net Banking,394.76
ORD101078,2025-11-10,CUST1078,Tablet,Electronics,3,876.45,Kochi,Debit Card,2629.35
ORD101079,2025-07-15,CUST1079,Laptop,Electronics,3,203.98,Coimbatore,Debit Card,611.94
ORD101080,2025-11-19,CUST1080,Tablet,Electronics,3,1451.31,Pune,Net Banking,4353.93
ORD101081,2025-03-12,CUST1081,Headphones,Electronics,3,1219.0,Hyderabad,Net Banking,3657.0
ORD101082,2025-09-05,CUST1082,Smartwatch,Electronics,2,173.49,Delhi,Net Banking,346.98
ORD101083,2025-05-26,CUST1083,Headphones,Electronics,3,191.41,Chennai,Credit Card,574.23
ORD101084,2025-04-16,CUST1084,Laptop,Electronics,2,895.77,Hyderabad,Credit Card,1791.54
ORD101085,2025-09-20,CUST1085,Smartwatch,Electronics,2,523.88,Bengaluru,UPI,1047.76
ORD101086,2025-10-23,CUST1086,Headphones,Electronics,5,62.01,Mumbai,Debit Card,310.05
ORD101087,2025-03-11,CUST1087,Smartphone,Electronics,2,817.05,Pune,Net Banking,1634.1
ORD101088,2025-07-12,CUST1088,Laptop,Electronics,2,587.89,Chennai,Net Banking,1175.78
ORD101089,2025-03-09,CUST1089,Headphones,Electronics,3,160.6,Delhi,Debit Card,481.8
ORD101090,2025-11-01,CUST1090,Smartphone,Electronics,2,1204.86,Delhi,Credit Card,2409.72
ORD101091,2025-02-21,CUST1091,Smartphone,Electronics,4,1373.46,Coimbatore,Debit Card,5493.84
ORD101092,2025-12-29,CUST1092,Monitor,Electronics,3,1137.32,Bengaluru,UPI,3411.96
ORD101093,2025-10-12,CUST1093,Laptop,Electronics,1,1235.41,Kochi,Credit Card,1235.41
ORD101094,2025-11-30,CUST1094,Smartphone,Electronics,3,332.57,Delhi,Debit Card,997.71
ORD101095,2025-01-09,CUST1095,Monitor,Electronics,2,402.72,Bengaluru,Debit Card,805.44
ORD101096,2025-09-08,CUST1096,Headphones,Electronics,4,320.71,Mumbai,UPI,1282.84
ORD101097,2025-11-28,CUST1097,Keyboard,Electronics,3,1149.94,Coimbatore,Debit Card,3449.82
ORD101098,2025-10-25,CUST1098,Laptop,Electronics,4,1422.4,Chennai,Credit Card,5689.6
ORD101099,2025-07-03,CUST1099,Smartwatch,Electronics,1,1078.09,Coimbatore,Net Banking,1078.09
ORD101100,2025-06-28,CUST1100,Tablet,Electronics,1,1323.39,Mumbai,Net Banking,1323.39
ORD101101,2025-07-17,CUST1101,Tablet,Electronics,5,961.66,Pune,Net Banking,4808.3
ORD101102,2025-05-08,CUST1102,Headphones,Electronics,5,587.61,Delhi,Credit Card,2938.05
ORD101103,2025-01-20,CUST1103,Shoes,Fashion,3,644.38,Bengaluru,Debit Card,1933.14
ORD101104,2025-11-24,CUST1104,Shoes,Fashion,5,122.23,Pune,Debit Card,611.15
ORD101105,2025-03-06,CUST1105,Headphones,Electronics,4,56.87,Mumbai,Debit Card,227.48
ORD101106,2025-07-01,CUST1106,Smartphone,Electronics,5,1046.26,Delhi,Debit Card,5231.3
ORD101107,2025-08-29,CUST1107,Laptop,Electronics,4,663.26,Hyderabad,Net Banking,2653.04
ORD101108,2025-01-24,CUST1108,Tablet,Electronics,5,832.8,Kochi,Credit Card,4164.0
ORD101109,2025-03-24,CUST1109,Tablet,Electronics,5,840.92,Bengaluru,UPI,4204.6
ORD101110,2025-11-15,CUST1110,Smartphone,Electronics,5,423.29,Mumbai,Credit Card,2116.45
ORD101111,2025-07-04,CUST1111,Tablet,Electronics,2,719.08,Chennai,Debit Card,1438.16
ORD101112,2025-11-12,CUST1112,Smartwatch,Electronics,2,711.43,Chennai,Debit Card,1422.86
ORD101113,2025-04-09,CUST1113,Laptop,Electronics,5,588.76,Delhi,Credit Card,2943.8
ORD101114,2025-03-03,CUST1114,Backpack,Accessories,4,1232.81,Delhi,Credit Card,4931.24
ORD101115,2025-10-13,CUST1115,Tablet,Electronics,3,682.23,Chennai,Net Banking,2046.69
ORD101116,2025-01-22,CUST1116,Headphones,Electronics,1,909.43,Kochi,Debit Card,909.43
ORD101117,2025-07-31,CUST1117,Smartwatch,Electronics,2,1344.32,Hyderabad,Credit Card,2688.64
ORD101118,2025-05-06,CUST1118,Tablet,Electronics,5,1300.69,Coimbatore,Debit Card,6503.45
ORD101119,2025-02-11,CUST1119,Smartwatch,Electronics,1,1336.73,Chennai,Credit Card,1336.73
ORD101120,2025-04-08,CUST1120,Monitor,Electronics,2,412.31,Kochi,Debit Card,824.62
ORD101121,2025-01-31,CUST1121,Backpack,Accessories,3,62.12,Kochi,Credit Card,186.36
ORD101122,2025-06-07,CUST1122,Mouse,Electronics,4,398.99,Delhi,Debit Card,1595.96
ORD101123,2025-04-22,CUST1123,Headphones,Electronics,5,425.27,Delhi,UPI,2126.35
ORD101124,2025-09-04,CUST1124,Headphones,Electronics,3,1364.95,Hyderabad,Net Banking,4094.85
ORD101125,2025-05-02,CUST1125,Laptop,Electronics,2,977.37,Chennai,UPI,1954.74
ORD101126,2025-09-30,CUST1126,Smartwatch,Electronics,5,131.74,Hyderabad,Net Banking,658.7
ORD101127,2025-10-21,CUST1127,Smartphone,Electronics,1,211.71,Kochi,Net Banking,211.71
ORD101128,2025-07-26,CUST1128,Headphones,Electronics,4,241.96,Chennai,Credit Card,967.84
ORD101129,2025-04-20,CUST1129,Smartwatch,Electronics,2,949.33,Coimbatore,UPI,1898.66
ORD101130,2025-10-05,CUST1130,Smartwatch,Electronics,4,1105.77,Mumbai,Net Banking,4423.08
ORD101131,2025-02-25,CUST1131,Keyboard,Electronics,5,1290.87,Chennai,Debit Card,6454.35
ORD101132,2025-02-26,CUST1132,Keyboard,Electronics,3,1411.55,Mumbai,Credit Card,4234.65
ORD101133,2025-10-18,CUST1133,Mouse,Electronics,4,310.54,Chennai,Credit Card,1242.16
ORD101134,2025-04-24,CUST1134,Monitor,Electronics,1,471.56,Coimbatore,Debit Card,471.56
ORD101135,2025-11-04,CUST1135,Mouse,Electronics,2,368.08,Kochi,Debit Card,736.16
ORD101136,2025-12-07,CUST1136,Tablet,Electronics,1,544.55,Pune,Net Banking,544.55
ORD101137,2025-07-17,CUST1137,Smartphone,Electronics,4,1372.85,Delhi,Debit Card,5491.4
ORD101138,2025-11-17,CUST1138,Tablet,Electronics,3,866.92,Mumbai,Credit Card,2600.76
ORD101139,2025-06-28,CUST1139,Shoes,Fashion,3,1109.91,Kochi,Debit Card,3329.73
ORD101140,2025-08-07,CUST1140,Tablet,Electronics,1,740.28,Hyderabad,UPI,740.28
ORD101141,2025-10-04,CUST1141,Laptop,Electronics,5,53.0,Chennai,Credit Card,265.0
ORD101142,2025-01-16,CUST1142,Tablet,Electronics,5,105.65,Delhi,Debit Card,528.25
ORD101143,2025-03-02,CUST1143,Mouse,Electronics,3,811.51,Chennai,Credit Card,2434.53
ORD101144,2025-02-23,CUST1144,Headphones,Electronics,1,1081.0,Hyderabad,Net Banking,1081.0
ORD101145,2025-06-17,CUST1145,Headphones,Electronics,1,330.84,Kochi,UPI,330.84
ORD101146,2025-01-26,CUST1146,Keyboard,Electronics,1,1085.65,Coimbatore,Net Banking,1085.65
ORD101147,2025-12-02,CUST1147,Smartphone,Electronics,4,1217.89,Bengaluru,UPI,4871.56
ORD101148,2025-03-06,CUST1148,Smartphone,Electronics,5,623.73,Chennai,Debit Card,3118.65
ORD101149,2025-04-10,CUST1149,Laptop,Electronics,5,1122.16,Pune,Credit Card,5610.8
ORD101150,2025-03-15,CUST1150,Mouse,Electronics,4,612.0,Hyderabad,Debit Card,2448.0
ORD101151,2025-07-11,CUST1151,Keyboard,Electronics,2,1020.74,Bengaluru,Net Banking,2041.48
ORD101152,2025-06-20,CUST1152,Shoes,Fashion,4,1148.36,Chennai,Credit Card,4593.44
ORD101153,2025-09-30,CUST1153,Smartphone,Electronics,1,1487.97,Mumbai,Debit Card,1487.97
ORD101154,2025-07-06,CUST1154,Headphones,Electronics,4,524.64,Kochi,Debit Card,2098.56
ORD101155,2025-01-23,CUST1155,Tablet,Electronics,1,622.45,Delhi,Credit Card,622.45
ORD101156,2025-06-30,CUST1156,Tablet,Electronics,3,256.77,Delhi,Credit Card,770.31
ORD101157,2025-11-23,CUST1157,Keyboard,Electronics,1,314.07,Hyderabad,Net Banking,314.07
ORD101158,2025-04-18,CUST1158,Mouse,Electronics,5,1043.16,Mumbai,UPI,5215.8
ORD101159,2025-12-01,CUST1159,Mouse,Electronics,4,1376.4,Coimbatore,UPI,5505.6
ORD101160,2025-06-11,CUST1160,Monitor,Electronics,1,597.96,Bengaluru,Credit Card,597.96
ORD101161,2025-10-29,CUST1161,Backpack,Accessories,2,277.97,Hyderabad,UPI,555.94
ORD101162,2025-07-25,CUST1162,Smartphone,Electronics,3,434.8,Pune,Net Banking,1304.4
ORD101163,2025-03-19,CUST1163,Mouse,Electronics,2,688.03,Chennai,UPI,1376.06
ORD101164,2025-01-16,CUST1164,Headphones,Electronics,2,443.07,Delhi,Credit Card,886.14
ORD101165,2025-11-23,CUST1165,Keyboard,Electronics,2,358.03,Chennai,Net Banking,716.06
ORD101166,2025-04-06,CUST1166,Shoes,Fashion,3,1106.62,Bengaluru,Credit Card,3319.86
ORD101167,2025-05-27,CUST1167,Monitor,Electronics,3,21.69,Mumbai,Net Banking,65.07
ORD101168,2025-01-02,CUST1168,Smartwatch,Electronics,3,813.45,Mumbai,Net Banking,2440.35
ORD101169,2025-01-10,CUST1169,Laptop,Electronics,3,1192.71,Hyderabad,Credit Card,3578.13
ORD101170,2025-05-05,CUST1170,Shoes,Fashion,2,406.68,Hyderabad,Debit Card,813.36
ORD101171,2025-03-22,CUST1171,Smartwatch,Electronics,5,908.9,Mumbai,Credit Card,4544.5
ORD101172,2025-05-20,CUST1172,Tablet,Electronics,5,1006.66,Hyderabad,Net Banking,5033.3
ORD101173,2025-11-22,CUST1173,Laptop,Electronics,3,985.99,Mumbai,Credit Card,2957.97
ORD101174,2025-05-30,CUST1174,Smartphone,Electronics,4,674.32,Bengaluru,Credit Card,2697.28
ORD101175,2025-10-15,CUST1175,Headphones,Electronics,1,526.4,Hyderabad,Net Banking,526.4
ORD101176,2025-12-27,CUST1176,Laptop,Electronics,4,1255.53,Mumbai,UPI,5022.12
ORD101177,2025-12-06,CUST1177,Backpack,Accessories,4,1140.08,Hyderabad,Net Banking,4560.32
ORD101178,2025-05-09,CUST1178,Smartwatch,Electronics,4,488.67,Chennai,Credit Card,1954.68
ORD101179,2025-08-27,CUST1179,Smartphone,Electronics,5,163.5,Kochi,Net Banking,817.5
ORD101180,2025-02-27,CUST1180,Backpack,Accessories,1,116.99,Delhi,Net Banking,116.99
ORD101181,2025-07-17,CUST1181,Tablet,Electronics,4,150.47,Chennai,UPI,601.88
ORD101182,2025-07-30,CUST1182,Backpack,Accessories,3,878.48,Coimbatore,Debit Card,2635.44
ORD101183,2025-02-14,CUST1183,Monitor,Electronics,5,86.98,Mumbai,Credit Card,434.9
ORD101184,2025-04-07,CUST1184,Monitor,Electronics,3,512.02,Coimbatore,Credit Card,1536.06
ORD101185,2025-10-06,CUST1185,Keyboard,Electronics,3,1132.27,Mumbai,UPI,3396.81
ORD101186,2025-01-23,CUST1186,Shoes,Fashion,4,448.58,Kochi,Net Banking,1794.32
ORD101187,2025-12-01,CUST1187,Shoes,Fashion,3,1147.33,Delhi,Debit Card,3441.99
ORD101188,2025-02-13,CUST1188,Smartphone,Electronics,1,1120.75,Hyderabad,Credit Card,1120.75
ORD101189,2025-01-27,CUST1189,Tablet,Electronics,3,376.28,Mumbai,Debit Card,1128.84
ORD101190,2025-10-09,CUST1190,Mouse,Electronics,4,1095.95,Kochi,Debit Card,4383.8
ORD101191,2025-04-07,CUST1191,Monitor,Electronics,3,1124.19,Chennai,Net Banking,3372.57
ORD101192,2025-02-05,CUST1192,Smartphone,Electronics,5,602.21,Hyderabad,Net Banking,3011.05
ORD101193,2025-04-19,CUST1193,Mouse,Electronics,5,323.53,Delhi,Net Banking,1617.65
ORD101194,2025-02-24,CUST1194,Shoes,Fashion,5,786.69,Chennai,Credit Card,3933.45
ORD101195,2025-07-11,CUST1195,Keyboard,Electronics,2,1382.88,Hyderabad,Debit Card,2765.76
ORD101196,2025-08-07,CUST1196,Backpack,Accessories,5,963.03,Mumbai,Debit Card,4815.15
ORD101197,2025-07-04,CUST1197,Monitor,Electronics,5,267.65,Mumbai,Credit Card,1338.25
ORD101198,2025-03-10,CUST1198,Smartphone,Electronics,2,1027.31,Chennai,UPI,2054.62
ORD101199,2025-11-13,CUST1199,Laptop,Electronics,5,646.53,Bengaluru,Net Banking,3232.65
ORD101200,2025-05-10,CUST1200,Mouse,Electronics,4,891.38,Mumbai,Credit Card,3565.52
ORD101201,2025-02-24,CUST1201,Backpack,Accessories,5,1103.76,Kochi,Net Banking,5518.8
ORD101202,2025-04-07,CUST1202,Monitor,Electronics,5,777.27,Bengaluru,Debit Card,3886.35
ORD101203,2025-12-02,CUST1203,Shoes,Fashion,2,1222.84,Hyderabad,Credit Card,2445.68
ORD101204,2025-03-28,CUST1204,Tablet,Electronics,4,1086.01,Bengaluru,UPI,4344.04
ORD101205,2025-10-21,CUST1205,Mouse,Electronics,3,926.46,Chennai,Net Banking,2779.38
ORD101206,2025-04-29,CUST1206,Shoes,Fashion,1,234.68,Coimbatore,Debit Card,234.68
ORD101207,2025-07-27,CUST1207,Monitor,Electronics,4,1255.56,Coimbatore,Debit Card,5022.24
ORD101208,2025-11-30,CUST1208,Mouse,Electronics,3,1404.5,Chennai,UPI,4213.5
ORD101209,2025-06-03,CUST1209,Backpack,Accessories,4,214.08,Pune,UPI,856.32
ORD101210,2025-02-04,CUST1210,Monitor,Electronics,3,737.48,Kochi,Net Banking,2212.44
ORD101211,2025-03-20,CUST1211,Smartwatch,Electronics,3,395.74,Coimbatore,Debit Card,1187.22
ORD101212,2025-03-08,CUST1212,Smartphone,Electronics,4,1134.24,Chennai,UPI,4536.96
ORD101213,2025-12-09,CUST1213,Backpack,Accessories,2,1085.23,Mumbai,Credit Card,2170.46
ORD101214,2025-02-03,CUST1214,Mouse,Electronics,4,219.92,Bengaluru,UPI,879.68
ORD101215,2025-04-07,CUST1215,Tablet,Electronics,4,1316.77,Coimbatore,Credit Card,5267.08
ORD101216,2025-06-18,CUST1216,Shoes,Fashion,3,279.65,Mumbai,Debit Card,838.95
ORD101217,2025-06-18,CUST1217,Laptop,Electronics,1,1197.92,Coimbatore,Net Banking,1197.92
ORD101218,2025-05-31,CUST1218,Shoes,Fashion,3,690.9,Hyderabad,Debit Card,2072.7
ORD101219,2025-03-12,CUST1219,Mouse,Electronics,5,499.13,Chennai,Debit Card,2495.65
ORD101220,2025-01-03,CUST1220,Shoes,Fashion,4,245.78,Chennai,Debit Card,983.12
ORD101221,2025-11-10,CUST1221,Smartphone,Electronics,4,259.75,Kochi,Debit Card,1039.0
ORD101222,2025-02-01,CUST1222,Monitor,Electronics,2,996.22,Mumbai,Net Banking,1992.44
ORD101223,2025-10-14,CUST1223,Laptop,Electronics,3,830.14,Pune,UPI,2490.42
ORD101224,2025-03-23,CUST1224,Headphones,Electronics,2,191.91,Hyderabad,Net Banking,383.82
ORD101225,2025-02-12,CUST1225,Mouse,Electronics,4,177.92,Bengaluru,Net Banking,711.68
ORD101226,2025-04-15,CUST1226,Keyboard,Electronics,3,117.74,Kochi,Net Banking,353.22
ORD101227,2025-01-01,CUST1227,Headphones,Electronics,3,1118.21,Hyderabad,Net Banking,3354.63
ORD101228,2025-03-02,CUST1228,Shoes,Fashion,5,1070.7,Pune,UPI,5353.5
ORD101229,2025-09-27,CUST1229,Mouse,Electronics,5,97.06,Hyderabad,Debit Card,485.3
ORD101230,2025-06-29,CUST1230,Smartwatch,Electronics,1,844.8,Delhi,UPI,844.8
ORD101231,2025-08-12,CUST1231,Keyboard,Electronics,5,136.17,Bengaluru,UPI,680.85
ORD101232,2025-01-06,CUST1232,Laptop,Electronics,3,1356.58,Kochi,Debit Card,4069.74
ORD101233,2025-04-13,CUST1233,Tablet,Electronics,5,1361.6,Bengaluru,UPI,6808.0
ORD101234,2025-01-10,CUST1234,Smartwatch,Electronics,1,1050.37,Hyderabad,Net Banking,1050.37
ORD101235,2025-03-12,CUST1235,Headphones,Electronics,4,1390.02,Kochi,Net Banking,5560.08
ORD101236,2025-03-31,CUST1236,Monitor,Electronics,5,1219.07,Coimbatore,Debit Card,6095.35
ORD101237,2025-08-14,CUST1237,Smartphone,Electronics,3,1244.52,Delhi,Debit Card,3733.56
ORD101238,2025-06-07,CUST1238,Tablet,Electronics,4,858.86,Coimbatore,Debit Card,3435.44
ORD101239,2025-08-16,CUST1239,Smartwatch,Electronics,3,466.03,Hyderabad,Net Banking,1398.09
ORD101240,2025-05-06,CUST1240,Monitor,Electronics,4,334.52,Coimbatore,Debit Card,1338.08
ORD101241,2025-07-28,CUST1241,Monitor,Electronics,3,497.53,Bengaluru,UPI,1492.59
ORD101242,2025-04-07,CUST1242,Mouse,Electronics,5,946.46,Kochi,UPI,4732.3
ORD101243,2025-03-15,CUST1243,Smartwatch,Electronics,5,267.26,Bengaluru,Credit Card,1336.3
ORD101244,2025-04-25,CUST1244,Laptop,Electronics,1,395.37,Coimbatore,Credit Card,395.37
ORD101245,2025-07-10,CUST1245,Shoes,Fashion,4,707.41,Kochi,Debit Card,2829.64
ORD101246,2025-06-19,CUST1246,Keyboard,Electronics,1,357.24,Bengaluru,Credit Card,357.24
ORD101247,2025-11-03,CUST1247,Keyboard,Electronics,2,887.08,Chennai,Net Banking,1774.16
ORD101248,2025-07-23,CUST1248,Headphones,Electronics,5,1385.53,Bengaluru,Net Banking,6927.65
ORD101249,2025-02-25,CUST1249,Headphones,Electronics,4,1124.65,Hyderabad,UPI,4498.6
ORD101250,2025-07-27,CUST1250,Keyboard,Electronics,1,1002.98,Mumbai,UPI,1002.98
ORD101251,2025-02-10,CUST1251,Laptop,Electronics,1,878.25,Coimbatore,Credit Card,878.25
ORD101252,2025-02-01,CUST1252,Smartphone,Electronics,2,737.04,Delhi,Credit Card,1474.08
ORD101253,2025-01-15,CUST1253,Backpack,Accessories,1,287.98,Pune,Net Banking,287.98
ORD101254,2025-03-03,CUST1254,Shoes,Fashion,3,1343.12,Coimbatore,UPI,4029.36
ORD101255,2025-06-04,CUST1255,Smartphone,Electronics,5,380.32,Pune,Credit Card,1901.6
ORD101256,2025-10-11,CUST1256,Mouse,Electronics,1,146.05,Pune,Net Banking,146.05
ORD101257,2025-07-28,CUST1257,Backpack,Accessories,1,1127.52,Bengaluru,UPI,1127.52
ORD101258,2025-11-16,CUST1258,Backpack,Accessories,2,271.67,Bengaluru,Net Banking,543.34
ORD101259,2025-07-06,CUST1259,Smartwatch,Electronics,3,564.13,Kochi,Net Banking,1692.39
ORD101260,2025-05-10,CUST1260,Laptop,Electronics,1,52.14,Kochi,UPI,52.14
ORD101261,2025-05-07,CUST1261,Laptop,Electronics,5,214.23,Mumbai,Net Banking,1071.15
ORD101262,2025-10-19,CUST1262,Backpack,Accessories,5,268.07,Mumbai,Credit Card,1340.35
ORD101263,2025-04-24,CUST1263,Smartwatch,Electronics,1,91.07,Delhi,Net Banking,91.07
ORD101264,2025-07-18,CUST1264,Shoes,Fashion,3,988.42,Hyderabad,Credit Card,2965.26
ORD101265,2025-01-13,CUST1265,Backpack,Accessories,5,1257.14,Chennai,Debit Card,6285.7
ORD101266,2025-09-28,CUST1266,Tablet,Electronics,5,566.24,Hyderabad,Debit Card,2831.2
ORD101267,2025-03-30,CUST1267,Headphones,Electronics,3,1313.12,Kochi,Debit Card,3939.36
ORD101268,2025-08-03,CUST1268,Headphones,Electronics,3,327.89,Delhi,Net Banking,983.67
ORD101269,2025-10-05,CUST1269,Smartphone,Electronics,1,494.83,Coimbatore,Debit Card,494.83
ORD101270,2025-07-22,CUST1270,Mouse,Electronics,4,234.6,Bengaluru,Debit Card,938.4
ORD101271,2025-03-15,CUST1271,Headphones,Electronics,2,934.63,Hyderabad,Net Banking,1869.26
ORD101272,2025-01-25,CUST1272,Monitor,Electronics,4,635.61,Pune,UPI,2542.44
ORD101273,2025-04-11,CUST1273,Smartphone,Electronics,4,923.79,Bengaluru,Net Banking,3695.16
ORD101274,2025-06-25,CUST1274,Headphones,Electronics,5,1144.9,Bengaluru,Credit Card,5724.5
ORD101275,2025-04-27,CUST1275,Mouse,Electronics,3,823.1,Hyderabad,Net Banking,2469.3
ORD101276,2025-06-15,CUST1276,Laptop,Electronics,5,945.17,Hyderabad,UPI,4725.85
ORD101277,2025-02-10,CUST1277,Laptop,Electronics,2,1403.52,Pune,Debit Card,2807.04
ORD101278,2025-12-10,CUST1278,Shoes,Fashion,1,455.61,Kochi,Net Banking,455.61
ORD101279,2025-04-30,CUST1279,Backpack,Accessories,2,545.15,Pune,Debit Card,1090.3
ORD101280,2025-04-07,CUST1280,Tablet,Electronics,5,1079.38,Mumbai,Credit Card,5396.9
ORD101281,2025-05-25,CUST1281,Laptop,Electronics,5,920.85,Kochi,UPI,4604.25
ORD101282,2025-08-04,CUST1282,Smartwatch,Electronics,5,276.01,Delhi,Debit Card,1380.05
ORD101283,2025-08-17,CUST1283,Headphones,Electronics,5,570.46,Delhi,Debit Card,2852.3
ORD101284,2025-11-09,CUST1284,Smartwatch,Electronics,4,707.08,Pune,Debit Card,2828.32
ORD101285,2025-05-10,CUST1285,Mouse,Electronics,1,634.89,Chennai,Debit Card,634.89
ORD101286,2025-12-18,CUST1286,Laptop,Electronics,4,275.63,Kochi,Net Banking,1102.52
ORD101287,2025-11-14,CUST1287,Tablet,Electronics,5,1387.4,Pune,UPI,6937.0
ORD101288,2025-05-17,CUST1288,Mouse,Electronics,3,1145.85,Mumbai,UPI,3437.55
ORD101289,2025-11-20,CUST1289,Monitor,Electronics,4,727.22,Chennai,Debit Card,2908.88
ORD101290,2025-12-03,CUST1290,Monitor,Electronics,5,1023.29,Hyderabad,UPI,5116.45
ORD101291,2025-09-30,CUST1291,Smartwatch,Electronics,5,1346.95,Delhi,Debit Card,6734.75
ORD101292,2025-04-27,CUST1292,Backpack,Accessories,1,212.9,Delhi,Credit Card,212.9
ORD101293,2025-11-02,CUST1293,Smartphone,Electronics,2,383.06,Chennai,Credit Card,766.12
ORD101294,2025-04-04,CUST1294,Backpack,Accessories,4,818.62,Coimbatore,Credit Card,3274.48
ORD101295,2025-06-17,CUST1295,Shoes,Fashion,4,1200.53,Mumbai,UPI,4802.12
ORD101296,2025-07-22,CUST1296,Backpack,Accessories,4,64.02,Mumbai,Debit Card,256.08
ORD101297,2025-12-07,CUST1297,Shoes,Fashion,5,1476.19,Mumbai,Net Banking,7380.95
ORD101298,2025-05-29,CUST1298,Shoes,Fashion,1,687.81,Delhi,Net Banking,687.81
ORD101299,2025-07-02,CUST1299,Tablet,Electronics,5,545.25,Bengaluru,Credit Card,2726.25
ORD101300,2025-06-01,CUST1300,Laptop,Electronics,5,446.16,Delhi,Credit Card,2230.8
ORD101301,2025-03-15,CUST1301,Tablet,Electronics,3,269.79,Bengaluru,UPI,809.37
ORD101302,2025-12-31,CUST1302,Shoes,Fashion,1,1189.45,Delhi,Net Banking,1189.45
ORD101303,2025-10-01,CUST1303,Mouse,Electronics,4,1433.57,Kochi,UPI,5734.28
ORD101304,2025-02-11,CUST1304,Monitor,Electronics,2,626.33,Hyderabad,Credit Card,1252.66
ORD101305,2025-07-31,CUST1305,Shoes,Fashion,4,1429.11,Delhi,Debit Card,5716.44
ORD101306,2025-04-11,CUST1306,Tablet,Electronics,5,1237.46,Kochi,Debit Card,6187.3
ORD101307,2025-02-14,CUST1307,Mouse,Electronics,1,726.77,Kochi,Debit Card,726.77
ORD101308,2025-03-23,CUST1308,Tablet,Electronics,1,1014.3,Hyderabad,Credit Card,1014.3
ORD101309,2025-01-17,CUST1309,Backpack,Accessories,1,658.13,Kochi,UPI,658.13
ORD101310,2025-03-14,CUST1310,Headphones,Electronics,3,842.5,Bengaluru,Debit Card,2527.5
ORD101311,2025-01-14,CUST1311,Smartwatch,Electronics,4,96.49,Mumbai,Net Banking,385.96
ORD101312,2025-06-06,CUST1312,Smartphone,Electronics,3,1047.43,Bengaluru,Net Banking,3142.29
ORD101313,2025-08-11,CUST1313,Tablet,Electronics,2,88.71,Chennai,Credit Card,177.42
ORD101314,2025-05-12,CUST1314,Smartphone,Electronics,5,1227.46,Mumbai,Net Banking,6137.3
ORD101315,2025-12-04,CUST1315,Keyboard,Electronics,3,1239.17,Delhi,Net Banking,3717.51
ORD101316,2025-02-16,CUST1316,Tablet,Electronics,3,363.25,Delhi,Credit Card,1089.75
ORD101317,2025-04-17,CUST1317,Headphones,Electronics,5,492.26,Delhi,UPI,2461.3
ORD101318,2025-04-18,CUST1318,Smartphone,Electronics,1,727.15,Delhi,Debit Card,727.15
ORD101319,2025-09-22,CUST1319,Shoes,Fashion,5,899.03,Delhi,Credit Card,4495.15
ORD101320,2025-07-24,CUST1320,Tablet,Electronics,4,438.16,Bengaluru,Net Banking,1752.64
ORD101321,2025-03-20,CUST1321,Laptop,Electronics,5,892.8,Pune,Debit Card,4464.0
ORD101322,2025-06-04,CUST1322,Smartwatch,Electronics,1,453.7,Hyderabad,Debit Card,453.7
ORD101323,2025-09-28,CUST1323,Headphones,Electronics,5,92.68,Pune,Debit Card,463.4
ORD101324,2025-09-04,CUST1324,Smartphone,Electronics,3,13.77,Bengaluru,Credit Card,41.31
ORD101325,2025-01-19,CUST1325,Headphones,Electronics,2,160.72,Coimbatore,Debit Card,321.44
ORD101326,2025-12-12,CUST1326,Mouse,Electronics,3,1190.45,Kochi,UPI,3571.35
ORD101327,2025-01-26,CUST1327,Smartwatch,Electronics,2,1442.53,Pune,Net Banking,2885.06
ORD101328,2025-08-05,CUST1328,Shoes,Fashion,5,646.18,Bengaluru,Credit Card,3230.9
ORD101329,2025-06-03,CUST1329,Tablet,Electronics,4,773.9,Kochi,Credit Card,3095.6
ORD101330,2025-06-03,CUST1330,Tablet,Electronics,5,228.8,Mumbai,Debit Card,1144.0
ORD101331,2025-06-23,CUST1331,Tablet,Electronics,1,831.04,Delhi,Net Banking,831.04
ORD101332,2025-04-02,CUST1332,Smartwatch,Electronics,5,225.54,Bengaluru,Debit Card,1127.7
ORD101333,2025-12-04,CUST1333,Laptop,Electronics,2,920.71,Pune,Debit Card,1841.42
ORD101334,2025-06-30,CUST1334,Keyboard,Electronics,3,1400.56,Hyderabad,Credit Card,4201.68
ORD101335,2025-05-11,CUST1335,Monitor,Electronics,4,301.59,Pune,UPI,1206.36
ORD101336,2025-10-25,CUST1336,Backpack,Accessories,5,1149.2,Delhi,Net Banking,5746.0
ORD101337,2025-10-02,CUST1337,Smartphone,Electronics,5,45.02,Pune,Net Banking,225.1
ORD101338,2025-09-30,CUST1338,Laptop,Electronics,3,569.49,Chennai,Net Banking,1708.47
ORD101339,2025-03-17,CUST1339,Shoes,Fashion,4,175.02,Coimbatore,Net Banking,700.08
ORD101340,2025-06-26,CUST1340,Smartphone,Electronics,5,535.19,Mumbai,UPI,2675.95
ORD101341,2025-07-03,CUST1341,Tablet,Electronics,5,268.57,Hyderabad,Credit Card,1342.85
ORD101342,2025-11-15,CUST1342,Headphones,Electronics,2,566.22,Coimbatore,UPI,1132.44
ORD101343,2025-05-11,CUST1343,Shoes,Fashion,2,632.11,Bengaluru,Debit Card,1264.22
ORD101344,2025-12-29,CUST1344,Smartphone,Electronics,1,457.88,Coimbatore,Credit Card,457.88
ORD101345,2025-02-18,CUST1345,Tablet,Electronics,3,988.37,Delhi,UPI,2965.11
ORD101346,2025-02-24,CUST1346,Smartphone,Electronics,4,1379.09,Delhi,Net Banking,5516.36
ORD101347,2025-06-03,CUST1347,Headphones,Electronics,5,606.89,Chennai,Net Banking,3034.45
ORD101348,2025-12-21,CUST1348,Tablet,Electronics,5,296.59,Kochi,Credit Card,1482.95
ORD101349,2025-07-19,CUST1349,Keyboard,Electronics,1,413.38,Coimbatore,UPI,413.38
ORD101350,2025-11-04,CUST1350,Laptop,Electronics,5,1282.46,Pune,Credit Card,6412.3
ORD101351,2025-12-22,CUST1351,Mouse,Electronics,3,861.74,Coimbatore,Net Banking,2585.22
ORD101352,2025-04-28,CUST1352,Backpack,Accessories,1,687.97,Delhi,UPI,687.97
ORD101353,2025-09-20,CUST1353,Smartwatch,Electronics,3,232.96,Kochi,Net Banking,698.88
ORD101354,2025-02-15,CUST1354,Backpack,Accessories,1,680.09,Bengaluru,Credit Card,680.09
ORD101355,2025-10-29,CUST1355,Shoes,Fashion,5,424.95,Bengaluru,Credit Card,2124.75
ORD101356,2025-12-22,CUST1356,Backpack,Accessories,1,1415.31,Mumbai,Credit Card,1415.31
ORD101357,2025-07-08,CUST1357,Tablet,Electronics,2,1327.26,Pune,Credit Card,2654.52
ORD101358,2025-11-06,CUST1358,Keyboard,Electronics,4,135.01,Pune,Credit Card,540.04
ORD101359,2025-11-14,CUST1359,Mouse,Electronics,5,779.81,Bengaluru,Debit Card,3899.05
ORD101360,2025-05-09,CUST1360,Laptop,Electronics,4,345.34,Coimbatore,Credit Card,1381.36
ORD101361,2025-02-18,CUST1361,Laptop,Electronics,5,622.06,Chennai,Credit Card,3110.3
ORD101362,2025-01-25,CUST1362,Headphones,Electronics,4,1316.5,Bengaluru,Net Banking,5266.0
ORD101363,2025-09-23,CUST1363,Smartwatch,Electronics,2,796.0,Pune,Credit Card,1592.0
ORD101364,2025-04-28,CUST1364,Smartphone,Electronics,4,507.98,Pune,UPI,2031.92
ORD101365,2025-05-24,CUST1365,Keyboard,Electronics,1,319.75,Delhi,Credit Card,319.75
ORD101366,2025-07-19,CUST1366,Smartphone,Electronics,4,1202.48,Delhi,Debit Card,4809.92
ORD101367,2025-06-06,CUST1367,Mouse,Electronics,5,940.53,Mumbai,Credit Card,4702.65
ORD101368,2025-12-14,CUST1368,Backpack,Accessories,3,707.42,Kochi,Net Banking,2122.26
ORD101369,2025-05-14,CUST1369,Laptop,Electronics,4,334.05,Mumbai,UPI,1336.2
ORD101370,2025-05-28,CUST1370,Mouse,Electronics,4,508.03,Coimbatore,UPI,2032.12
ORD101371,2025-12-02,CUST1371,Backpack,Accessories,4,1440.17,Bengaluru,Credit Card,5760.68
ORD101372,2025-03-12,CUST1372,Laptop,Electronics,5,784.93,Bengaluru,Credit Card,3924.65
ORD101373,2025-08-21,CUST1373,Backpack,Accessories,4,607.04,Mumbai,Credit Card,2428.16
ORD101374,2025-11-30,CUST1374,Smartwatch,Electronics,5,786.92,Bengaluru,Credit Card,3934.6
ORD101375,2025-10-26,CUST1375,Keyboard,Electronics,5,1170.69,Coimbatore,Net Banking,5853.45
ORD101376,2025-06-03,CUST1376,Shoes,Fashion,3,516.76,Chennai,Net Banking,1550.28
ORD101377,2025-03-31,CUST1377,Mouse,Electronics,1,276.27,Kochi,UPI,276.27
ORD101378,2025-11-30,CUST1378,Mouse,Electronics,5,881.55,Delhi,Credit Card,4407.75
ORD101379,2025-07-18,CUST1379,Monitor,Electronics,2,1001.15,Coimbatore,Net Banking,2002.3
ORD101380,2025-06-10,CUST1380,Tablet,Electronics,4,1071.95,Bengaluru,Net Banking,4287.8
ORD101381,2025-01-26,CUST1381,Smartwatch,Electronics,2,1324.16,Coimbatore,UPI,2648.32
ORD101382,2025-05-01,CUST1382,Smartwatch,Electronics,4,563.05,Delhi,UPI,2252.2
ORD101383,2025-10-28,CUST1383,Smartphone,Electronics,3,122.28,Hyderabad,Debit Card,366.84
ORD101384,2025-07-31,CUST1384,Backpack,Accessories,5,1437.94,Pune,Net Banking,7189.7
ORD101385,2025-03-04,CUST1385,Tablet,Electronics,1,658.17,Delhi,UPI,658.17
ORD101386,2025-03-09,CUST1386,Keyboard,Electronics,5,938.65,Pune,Net Banking,4693.25
ORD101387,2025-09-10,CUST1387,Keyboard,Electronics,4,1002.79,Delhi,Net Banking,4011.16
ORD101388,2025-01-02,CUST1388,Smartwatch,Electronics,1,824.31,Hyderabad,Credit Card,824.31
ORD101389,2025-04-18,CUST1389,Keyboard,Electronics,5,315.83,Bengaluru,Credit Card,1579.15
ORD101390,2025-10-13,CUST1390,Monitor,Electronics,1,1135.16,Bengaluru,Credit Card,1135.16
ORD101391,2025-02-18,CUST1391,Mouse,Electronics,4,1207.59,Kochi,Credit Card,4830.36
ORD101392,2025-05-20,CUST1392,Headphones,Electronics,3,833.93,Chennai,Net Banking,2501.79
ORD101393,2025-08-06,CUST1393,Shoes,Fashion,3,737.96,Delhi,Debit Card,2213.88
ORD101394,2025-02-13,CUST1394,Smartphone,Electronics,5,179.77,Coimbatore,Debit Card,898.85
ORD101395,2025-09-26,CUST1395,Backpack,Accessories,2,135.09,Chennai,Debit Card,270.18
ORD101396,2025-03-19,CUST1396,Shoes,Fashion,4,515.95,Bengaluru,Net Banking,2063.8
ORD101397,2025-08-04,CUST1397,Backpack,Accessories,5,473.16,Bengaluru,Debit Card,2365.8
ORD101398,2025-04-08,CUST1398,Laptop,Electronics,5,1430.95,Kochi,Net Banking,7154.75
ORD101399,2025-08-24,CUST1399,Shoes,Fashion,3,1177.6,Kochi,UPI,3532.8
ORD101400,2025-10-09,CUST1400,Headphones,Electronics,1,993.29,Kochi,Debit Card,993.29
ORD101401,2025-05-29,CUST1401,Smartwatch,Electronics,4,781.3,Mumbai,Net Banking,3125.2
ORD101402,2025-10-31,CUST1402,Monitor,Electronics,1,259.38,Chennai,UPI,259.38
ORD101403,2025-03-07,CUST1403,Mouse,Electronics,4,1467.9,Bengaluru,Credit Card,5871.6
ORD101404,2025-08-22,CUST1404,Mouse,Electronics,2,568.81,Hyderabad,UPI,1137.62
ORD101405,2025-03-28,CUST1405,Monitor,Electronics,3,169.32,Pune,UPI,507.96
ORD101406,2025-03-20,CUST1406,Tablet,Electronics,2,745.76,Mumbai,Debit Card,1491.52
ORD101407,2025-07-24,CUST1407,Laptop,Electronics,5,1312.26,Coimbatore,Credit Card,6561.3
ORD101408,2025-10-06,CUST1408,Backpack,Accessories,3,1332.06,Pune,Credit Card,3996.18
ORD101409,2025-12-03,CUST1409,Headphones,Electronics,5,26.34,Mumbai,Debit Card,131.7
ORD101410,2025-09-11,CUST1410,Keyboard,Electronics,2,1330.58,Kochi,UPI,2661.16
ORD101411,2025-10-31,CUST1411,Shoes,Fashion,4,414.51,Delhi,Net Banking,1658.04
ORD101412,2025-05-10,CUST1412,Laptop,Electronics,5,68.07,Delhi,Debit Card,340.35
ORD101413,2025-03-25,CUST1413,Shoes,Fashion,1,1273.21,Coimbatore,UPI,1273.21
ORD101414,2025-10-03,CUST1414,Headphones,Electronics,4,1297.16,Hyderabad,Net Banking,5188.64
ORD101415,2025-07-06,CUST1415,Smartphone,Electronics,4,898.38,Coimbatore,Debit Card,3593.52
ORD101416,2025-02-15,CUST1416,Smartphone,Electronics,2,865.91,Chennai,Debit Card,1731.82
ORD101417,2025-07-02,CUST1417,Laptop,Electronics,2,1221.55,Pune,Credit Card,2443.1
ORD101418,2025-09-25,CUST1418,Smartwatch,Electronics,3,1181.6,Coimbatore,Credit Card,3544.8
ORD101419,2025-10-23,CUST1419,Headphones,Electronics,3,1336.26,Coimbatore,Credit Card,4008.78
ORD101420,2025-11-18,CUST1420,Headphones,Electronics,1,833.59,Mumbai,Net Banking,833.59
ORD101421,2025-04-10,CUST1421,Monitor,Electronics,4,1451.79,Hyderabad,Debit Card,5807.16
ORD101422,2025-03-19,CUST1422,Smartwatch,Electronics,1,1494.26,Coimbatore,Credit Card,1494.26
ORD101423,2025-09-29,CUST1423,Backpack,Accessories,1,183.65,Chennai,Credit Card,183.65
ORD101424,2025-12-05,CUST1424,Backpack,Accessories,2,1275.82,Mumbai,Debit Card,2551.64
ORD101425,2025-06-11,CUST1425,Keyboard,Electronics,1,754.74,Hyderabad,Net Banking,754.74
ORD101426,2025-02-13,CUST1426,Mouse,Electronics,1,587.47,Hyderabad,Credit Card,587.47
ORD101427,2025-08-26,CUST1427,Smartphone,Electronics,5,923.48,Bengaluru,UPI,4617.4
ORD101428,2025-05-14,CUST1428,Backpack,Accessories,3,93.39,Delhi,Net Banking,280.17
ORD101429,2025-07-11,CUST1429,Smartwatch,Electronics,3,764.63,Pune,Credit Card,2293.89
ORD101430,2025-12-22,CUST1430,Headphones,Electronics,4,1307.63,Chennai,UPI,5230.52
ORD101431,2025-10-05,CUST1431,Backpack,Accessories,3,328.06,Delhi,Credit Card,984.18
ORD101432,2025-01-18,CUST1432,Headphones,Electronics,4,645.32,Mumbai,Net Banking,2581.28
ORD101433,2025-01-12,CUST1433,Backpack,Accessories,5,1409.83,Mumbai,Debit Card,7049.15
ORD101434,2025-06-29,CUST1434,Smartphone,Electronics,3,648.56,Chennai,Debit Card,1945.68
ORD101435,2025-05-03,CUST1435,Shoes,Fashion,5,543.97,Hyderabad,Net Banking,2719.85
ORD101436,2025-09-03,CUST1436,Backpack,Accessories,3,666.4,Kochi,Credit Card,1999.2
ORD101437,2025-08-10,CUST1437,Smartwatch,Electronics,3,783.98,Coimbatore,Net Banking,2351.94
ORD101438,2025-02-20,CUST1438,Backpack,Accessories,5,951.67,Chennai,UPI,4758.35
ORD101439,2025-03-12,CUST1439,Mouse,Electronics,1,1203.03,Mumbai,Credit Card,1203.03
ORD101440,2025-02-17,CUST1440,Smartphone,Electronics,1,683.63,Delhi,Net Banking,683.63
ORD101441,2025-01-19,CUST1441,Smartwatch,Electronics,1,1228.05,Pune,Debit Card,1228.05
ORD101442,2025-09-19,CUST1442,Monitor,Electronics,1,805.24,Chennai,Net Banking,805.24
ORD101443,2025-03-25,CUST1443,Smartwatch,Electronics,3,514.34,Hyderabad,Credit Card,1543.02
ORD101444,2025-06-04,CUST1444,Mouse,Electronics,2,990.35,Pune,Net Banking,1980.7
ORD101445,2025-02-22,CUST1445,Shoes,Fashion,5,1079.41,Pune,Debit Card,5397.05
ORD101446,2025-04-17,CUST1446,Smartphone,Electronics,2,841.49,Pune,UPI,1682.98
ORD101447,2025-12-23,CUST1447,Monitor,Electronics,2,94.36,Bengaluru,Net Banking,188.72
ORD101448,2025-10-31,CUST1448,Mouse,Electronics,4,263.13,Pune,Net Banking,1052.52
ORD101449,2025-05-15,CUST1449,Mouse,Electronics,1,435.09,Bengaluru,UPI,435.09
ORD101450,2025-03-10,CUST1450,Laptop,Electronics,3,431.11,Coimbatore,Net Banking,1293.33
ORD101451,2025-01-11,CUST1451,Smartphone,Electronics,1,1013.4,Coimbatore,Debit Card,1013.4
ORD101452,2025-05-23,CUST1452,Smartwatch,Electronics,1,37.34,Pune,UPI,37.34
ORD101453,2025-07-11,CUST1453,Headphones,Electronics,2,1135.97,Hyderabad,Debit Card,2271.94
ORD101454,2025-03-10,CUST1454,Shoes,Fashion,4,405.36,Delhi,Debit Card,1621.44
ORD101455,2025-01-23,CUST1455,Headphones,Electronics,1,471.93,Coimbatore,Debit Card,471.93
ORD101456,2025-06-30,CUST1456,Smartwatch,Electronics,5,796.59,Bengaluru,Credit Card,3982.95
ORD101457,2025-10-20,CUST1457,Smartwatch,Electronics,5,331.73,Hyderabad,UPI,1658.65
ORD101458,2025-01-09,CUST1458,Smartphone,Electronics,1,1327.86,Pune,Credit Card,1327.86
ORD101459,2025-09-28,CUST1459,Smartwatch,Electronics,2,137.2,Hyderabad,Credit Card,274.4
ORD101460,2025-04-03,CUST1460,Laptop,Electronics,2,672.13,Hyderabad,Net Banking,1344.26
ORD101461,2025-01-17,CUST1461,Monitor,Electronics,3,1275.64,Chennai,UPI,3826.92
ORD101462,2025-06-03,CUST1462,Smartwatch,Electronics,4,927.61,Delhi,Net Banking,3710.44
ORD101463,2025-11-24,CUST1463,Headphones,Electronics,2,445.57,Pune,Credit Card,891.14
ORD101464,2025-05-29,CUST1464,Smartwatch,Electronics,3,636.93,Delhi,Net Banking,1910.79
ORD101465,2025-09-24,CUST1465,Laptop,Electronics,5,1062.97,Coimbatore,Debit Card,5314.85
ORD101466,2025-11-24,CUST1466,Backpack,Accessories,5,1460.16,Kochi,Credit Card,7300.8
ORD101467,2025-04-16,CUST1467,Backpack,Accessories,5,1340.78,Delhi,Debit Card,6703.9
ORD101468,2025-02-04,CUST1468,Mouse,Electronics,1,520.22,Mumbai,UPI,520.22
ORD101469,2025-04-29,CUST1469,Shoes,Fashion,4,1497.31,Bengaluru,Net Banking,5989.24
ORD101470,2025-01-14,CUST1470,Keyboard,Electronics,3,15.22,Coimbatore,Credit Card,45.66
ORD101471,2025-01-14,CUST1471,Monitor,Electronics,4,51.17,Pune,UPI,204.68
ORD101472,2025-09-23,CUST1472,Tablet,Electronics,1,1237.52,Delhi,Debit Card,1237.52
ORD101473,2025-05-20,CUST1473,Mouse,Electronics,3,307.2,Bengaluru,Net Banking,921.6
ORD101474,2025-10-21,CUST1474,Shoes,Fashion,3,100.55,Pune,Net Banking,301.65
ORD101475,2025-12-30,CUST1475,Backpack,Accessories,2,363.35,Pune,Credit Card,726.7
ORD101476,2025-04-29,CUST1476,Headphones,Electronics,4,644.89,Coimbatore,Net Banking,2579.56
ORD101477,2025-08-26,CUST1477,Tablet,Electronics,4,1098.54,Mumbai,Net Banking,4394.16
ORD101478,2025-02-03,CUST1478,Shoes,Fashion,2,940.26,Bengaluru,Debit Card,1880.52
ORD101479,2025-06-18,CUST1479,Shoes,Fashion,5,364.06,Kochi,Debit Card,1820.3
ORD101480,2025-01-10,CUST1480,Mouse,Electronics,1,759.87,Kochi,Debit Card,759.87
ORD101481,2025-05-02,CUST1481,Tablet,Electronics,4,1390.06,Kochi,UPI,5560.24
ORD101482,2025-05-25,CUST1482,Smartphone,Electronics,2,1224.36,Mumbai,UPI,2448.72
ORD101483,2025-08-11,CUST1483,Keyboard,Electronics,3,491.55,Bengaluru,Net Banking,1474.65
ORD101484,2025-09-14,CUST1484,Smartphone,Electronics,2,1473.57,Chennai,UPI,2947.14
ORD101485,2025-09-25,CUST1485,Tablet,Electronics,5,1065.84,Pune,Credit Card,5329.2
ORD101486,2025-12-25,CUST1486,Smartphone,Electronics,1,103.05,Chennai,Debit Card,103.05
ORD101487,2025-01-04,CUST1487,Laptop,Electronics,5,62.39,Bengaluru,UPI,311.95
ORD101488,2025-12-20,CUST1488,Backpack,Accessories,3,260.93,Kochi,Net Banking,782.79
ORD101489,2025-04-16,CUST1489,Laptop,Electronics,3,1094.51,Bengaluru,Debit Card,3283.53
ORD101490,2025-03-26,CUST1490,Smartwatch,Electronics,3,283.77,Mumbai,UPI,851.31
ORD101491,2025-08-02,CUST1491,Smartphone,Electronics,3,772.12,Pune,Debit Card,2316.36
ORD101492,2025-05-01,CUST1492,Smartwatch,Electronics,2,148.96,Delhi,UPI,297.92
ORD101493,2025-05-12,CUST1493,Headphones,Electronics,3,1382.12,Pune,Net Banking,4146.36
ORD101494,2025-12-04,CUST1494,Monitor,Electronics,3,522.5,Hyderabad,UPI,1567.5
ORD101495,2025-07-16,CUST1495,Headphones,Electronics,2,1363.12,Bengaluru,UPI,2726.24
ORD101496,2025-01-19,CUST1496,Tablet,Electronics,3,1417.86,Coimbatore,UPI,4253.58
ORD101497,2025-05-10,CUST1497,Shoes,Fashion,5,19.13,Coimbatore,Debit Card,95.65
ORD101498,2025-01-12,CUST1498,Backpack,Accessories,5,701.56,Coimbatore,UPI,3507.8
ORD101499,2025-03-22,CUST1499,Smartphone,Electronics,4,46.74,Chennai,UPI,186.96
ORD101500,2025-11-26,CUST1500,Mouse,Electronics,5,1363.95,Delhi,UPI,6819.75
ORD101501,2025-12-20,CUST1501,Monitor,Electronics,1,782.43,Mumbai,Debit Card,782.43
ORD101502,2025-09-19,CUST1502,Keyboard,Electronics,1,121.67,Delhi,Net Banking,121.67
ORD101503,2025-05-05,CUST1503,Keyboard,Electronics,1,174.31,Chennai,Net Banking,174.31
ORD101504,2025-11-03,CUST1504,Keyboard,Electronics,2,581.43,Delhi,Net Banking,1162.86
ORD101505,2025-09-24,CUST1505,Smartphone,Electronics,5,1410.95,Delhi,UPI,7054.75
ORD101506,2025-05-20,CUST1506,Keyboard,Electronics,1,1042.43,Pune,Debit Card,1042.43
ORD101507,2025-11-25,CUST1507,Laptop,Electronics,4,1302.75,Coimbatore,Net Banking,5211.0
ORD101508,2025-01-02,CUST1508,Monitor,Electronics,2,556.02,Bengaluru,Net Banking,1112.04
ORD101509,2025-01-08,CUST1509,Laptop,Electronics,4,74.39,Coimbatore,Net Banking,297.56
ORD101510,2025-09-07,CUST1510,Shoes,Fashion,5,1461.73,Delhi,Credit Card,7308.65
ORD101511,2025-05-19,CUST1511,Monitor,Electronics,3,35.59,Bengaluru,Debit Card,106.77
ORD101512,2025-05-04,CUST1512,Laptop,Electronics,4,1422.0,Pune,Credit Card,5688.0
ORD101513,2025-11-05,CUST1513,Monitor,Electronics,3,559.33,Mumbai,UPI,1677.99
ORD101514,2025-08-16,CUST1514,Shoes,Fashion,2,25.03,Hyderabad,Net Banking,50.06
ORD101515,2025-01-10,CUST1515,Smartwatch,Electronics,4,1036.84,Bengaluru,UPI,4147.36
ORD101516,2025-07-31,CUST1516,Smartphone,Electronics,4,1471.01,Chennai,Debit Card,5884.04
ORD101517,2025-04-22,CUST1517,Smartphone,Electronics,2,1448.78,Coimbatore,UPI,2897.56
ORD101518,2025-01-08,CUST1518,Keyboard,Electronics,2,249.8,Pune,UPI,499.6
ORD101519,2025-10-19,CUST1519,Headphones,Electronics,1,280.06,Pune,Net Banking,280.06
ORD101520,2025-12-28,CUST1520,Keyboard,Electronics,5,852.65,Coimbatore,Debit Card,4263.25
ORD101521,2025-09-10,CUST1521,Tablet,Electronics,4,959.58,Delhi,UPI,3838.32
ORD101522,2025-01-14,CUST1522,Laptop,Electronics,4,1111.73,Delhi,Credit Card,4446.92
ORD101523,2025-08-28,CUST1523,Monitor,Electronics,2,279.77,Delhi,Net Banking,559.54
ORD101524,2025-08-30,CUST1524,Headphones,Electronics,2,1438.92,Kochi,Credit Card,2877.84
ORD101525,2025-12-08,CUST1525,Shoes,Fashion,5,961.72,Pune,Net Banking,4808.6
ORD101526,2025-05-29,CUST1526,Tablet,Electronics,2,1272.1,Delhi,UPI,2544.2
ORD101527,2025-08-24,CUST1527,Shoes,Fashion,3,814.7,Coimbatore,Net Banking,2444.1
ORD101528,2025-11-02,CUST1528,Smartphone,Electronics,3,627.27,Kochi,UPI,1881.81
ORD101529,2025-06-16,CUST1529,Smartphone,Electronics,3,1466.0,Bengaluru,Credit Card,4398.0
ORD101530,2025-01-20,CUST1530,Keyboard,Electronics,3,877.36,Mumbai,UPI,2632.08
ORD101531,2025-08-04,CUST1531,Laptop,Electronics,5,1301.64,Bengaluru,Net Banking,6508.2
ORD101532,2025-12-09,CUST1532,Headphones,Electronics,4,1430.41,Chennai,Net Banking,5721.64
ORD101533,2025-05-15,CUST1533,Backpack,Accessories,3,1016.28,Kochi,Net Banking,3048.84
ORD101534,2025-05-09,CUST1534,Tablet,Electronics,2,827.92,Coimbatore,Credit Card,1655.84
ORD101535,2025-10-21,CUST1535,Tablet,Electronics,3,15.23,Kochi,Debit Card,45.69
ORD101536,2025-09-03,CUST1536,Keyboard,Electronics,5,69.63,Bengaluru,Credit Card,348.15
ORD101537,2025-07-08,CUST1537,Smartphone,Electronics,2,309.27,Coimbatore,UPI,618.54
ORD101538,2025-02-13,CUST1538,Keyboard,Electronics,3,287.15,Pune,UPI,861.45
ORD101539,2025-03-27,CUST1539,Monitor,Electronics,4,389.59,Chennai,Credit Card,1558.36
ORD101540,2025-02-13,CUST1540,Headphones,Electronics,2,464.35,Pune,Credit Card,928.7
ORD101541,2025-11-26,CUST1541,Laptop,Electronics,2,546.5,Hyderabad,UPI,1093.0
ORD101542,2025-05-25,CUST1542,Smartwatch,Electronics,4,636.6,Hyderabad,UPI,2546.4
ORD101543,2025-02-20,CUST1543,Mouse,Electronics,2,157.31,Hyderabad,UPI,314.62
ORD101544,2025-08-30,CUST1544,Mouse,Electronics,3,73.12,Coimbatore,Debit Card,219.36
ORD101545,2025-10-21,CUST1545,Keyboard,Electronics,2,1014.18,Bengaluru,Debit Card,2028.36
ORD101546,2025-02-20,CUST1546,Monitor,Electronics,3,810.63,Coimbatore,Credit Card,2431.89
ORD101547,2025-09-23,CUST1547,Headphones,Electronics,4,671.77,Pune,Credit Card,2687.08
ORD101548,2025-04-30,CUST1548,Backpack,Accessories,1,955.32,Mumbai,Debit Card,955.32
ORD101549,2025-07-19,CUST1549,Mouse,Electronics,4,1243.24,Pune,Net Banking,4972.96
ORD101550,2025-09-05,CUST1550,Headphones,Electronics,3,647.26,Bengaluru,Debit Card,1941.78
ORD101551,2025-03-11,CUST1551,Laptop,Electronics,5,965.27,Pune,Credit Card,4826.35
ORD101552,2025-12-07,CUST1552,Shoes,Fashion,4,1430.82,Pune,Debit Card,5723.28
ORD101553,2025-02-26,CUST1553,Monitor,Electronics,5,1261.04,Chennai,Net Banking,6305.2
ORD101554,2025-02-08,CUST1554,Smartphone,Electronics,5,644.74,Delhi,Credit Card,3223.7
ORD101555,2025-10-16,CUST1555,Headphones,Electronics,3,970.63,Hyderabad,UPI,2911.89
ORD101556,2025-01-18,CUST1556,Laptop,Electronics,3,273.84,Bengaluru,Credit Card,821.52
ORD101557,2025-08-08,CUST1557,Backpack,Accessories,1,845.18,Kochi,Debit Card,845.18
ORD101558,2025-11-09,CUST1558,Smartwatch,Electronics,2,1472.18,Kochi,Debit Card,2944.36
ORD101559,2025-09-01,CUST1559,Smartphone,Electronics,4,782.29,Kochi,Net Banking,3129.16
ORD101560,2025-12-18,CUST1560,Smartwatch,Electronics,3,1392.18,Kochi,Debit Card,4176.54
ORD101561,2025-10-31,CUST1561,Backpack,Accessories,4,616.93,Bengaluru,Net Banking,2467.72
ORD101562,2025-10-25,CUST1562,Laptop,Electronics,5,1498.28,Hyderabad,Credit Card,7491.4
ORD101563,2025-10-10,CUST1563,Mouse,Electronics,2,873.04,Pune,Debit Card,1746.08
ORD101564,2025-03-15,CUST1564,Smartwatch,Electronics,1,72.98,Chennai,Credit Card,72.98
ORD101565,2025-04-20,CUST1565,Smartphone,Electronics,4,884.26,Coimbatore,UPI,3537.04
ORD101566,2025-06-29,CUST1566,Keyboard,Electronics,2,419.11,Coimbatore,UPI,838.22
ORD101567,2025-02-01,CUST1567,Tablet,Electronics,1,58.4,Pune,Net Banking,58.4
ORD101568,2025-08-22,CUST1568,Headphones,Electronics,4,1233.07,Pune,Debit Card,4932.28
ORD101569,2025-10-09,CUST1569,Mouse,Electronics,2,420.84,Delhi,Credit Card,841.68
ORD101570,2025-01-25,CUST1570,Smartwatch,Electronics,3,1196.86,Kochi,Credit Card,3590.58
ORD101571,2025-11-27,CUST1571,Shoes,Fashion,4,439.44,Bengaluru,Debit Card,1757.76
ORD101572,2025-10-06,CUST1572,Headphones,Electronics,2,299.55,Hyderabad,Credit Card,599.1
ORD101573,2025-08-14,CUST1573,Keyboard,Electronics,1,1461.16,Pune,Debit Card,1461.16
ORD101574,2025-02-26,CUST1574,Backpack,Accessories,2,548.85,Pune,Debit Card,1097.7
ORD101575,2025-06-29,CUST1575,Tablet,Electronics,3,906.05,Mumbai,UPI,2718.15
ORD101576,2025-08-20,CUST1576,Laptop,Electronics,4,918.87,Chennai,Debit Card,3675.48
ORD101577,2025-12-09,CUST1577,Keyboard,Electronics,4,845.11,Coimbatore,Credit Card,3380.44
ORD101578,2025-10-14,CUST1578,Keyboard,Electronics,4,1372.9,Chennai,Debit Card,5491.6
ORD101579,2025-03-05,CUST1579,Backpack,Accessories,3,1014.92,Chennai,UPI,3044.76
ORD101580,2025-08-20,CUST1580,Monitor,Electronics,1,611.56,Delhi,UPI,611.56
ORD101581,2025-10-16,CUST1581,Backpack,Accessories,4,1294.95,Kochi,Net Banking,5179.8
ORD101582,2025-08-01,CUST1582,Monitor,Electronics,1,279.78,Chennai,Credit Card,279.78
ORD101583,2025-09-15,CUST1583,Monitor,Electronics,2,820.91,Hyderabad,Debit Card,1641.82
ORD101584,2025-01-18,CUST1584,Mouse,Electronics,1,1426.32,Delhi,Credit Card,1426.32
ORD101585,2025-06-24,CUST1585,Mouse,Electronics,1,941.84,Pune,Credit Card,941.84
ORD101586,2025-08-17,CUST1586,Smartphone,Electronics,4,1227.28,Hyderabad,Debit Card,4909.12
ORD101587,2025-08-14,CUST1587,Smartwatch,Electronics,5,983.81,Delhi,UPI,4919.05
ORD101588,2025-03-25,CUST1588,Smartwatch,Electronics,5,1260.66,Hyderabad,Credit Card,6303.3
ORD101589,2025-10-18,CUST1589,Laptop,Electronics,3,1417.29,Delhi,Net Banking,4251.87
ORD101590,2025-09-03,CUST1590,Smartwatch,Electronics,3,416.65,Delhi,Credit Card,1249.95
ORD101591,2025-04-20,CUST1591,Mouse,Electronics,5,262.8,Bengaluru,UPI,1314.0
ORD101592,2025-09-11,CUST1592,Smartphone,Electronics,2,731.15,Hyderabad,Net Banking,1462.3
ORD101593,2025-03-29,CUST1593,Smartphone,Electronics,4,1055.78,Bengaluru,Net Banking,4223.12
ORD101594,2025-03-13,CUST1594,Monitor,Electronics,4,348.51,Pune,Net Banking,1394.04
ORD101595,2025-01-30,CUST1595,Backpack,Accessories,2,16.11,Kochi,Net Banking,32.22
ORD101596,2025-06-21,CUST1596,Laptop,Electronics,2,520.97,Kochi,Debit Card,1041.94
ORD101597,2025-11-05,CUST1597,Monitor,Electronics,5,1453.6,Delhi,Debit Card,7268.0
ORD101598,2025-12-09,CUST1598,Backpack,Accessories,3,1045.5,Kochi,Debit Card,3136.5
ORD101599,2025-06-26,CUST1599,Smartwatch,Electronics,2,607.97,Coimbatore,Net Banking,1215.94
ORD101600,2025-05-19,CUST1600,Monitor,Electronics,3,296.94,Delhi,UPI,890.82
ORD101601,2025-07-13,CUST1601,Headphones,Electronics,1,540.57,Coimbatore,Credit Card,540.57
ORD101602,2025-07-05,CUST1602,Smartwatch,Electronics,4,263.06,Coimbatore,Net Banking,1052.24
ORD101603,2025-08-06,CUST1603,Backpack,Accessories,5,168.4,Coimbatore,UPI,842.0
ORD101604,2025-06-13,CUST1604,Laptop,Electronics,4,1361.05,Coimbatore,Credit Card,5444.2
ORD101605,2025-06-10,CUST1605,Backpack,Accessories,5,1496.5,Kochi,Net Banking,7482.5
ORD101606,2025-01-13,CUST1606,Monitor,Electronics,1,254.53,Hyderabad,Credit Card,254.53
ORD101607,2025-10-23,CUST1607,Monitor,Electronics,4,91.24,Mumbai,Debit Card,364.96
ORD101608,2025-03-30,CUST1608,Keyboard,Electronics,1,501.3,Hyderabad,Debit Card,501.3
ORD101609,2025-11-20,CUST1609,Laptop,Electronics,5,697.87,Pune,Debit Card,3489.35
ORD101610,2025-02-11,CUST1610,Shoes,Fashion,2,315.18,Mumbai,UPI,630.36
ORD101611,2025-07-29,CUST1611,Smartwatch,Electronics,4,459.12,Hyderabad,Debit Card,1836.48
ORD101612,2025-08-17,CUST1612,Smartphone,Electronics,1,309.3,Pune,UPI,309.3
ORD101613,2025-12-16,CUST1613,Laptop,Electronics,4,1163.65,Kochi,Debit Card,4654.6
ORD101614,2025-10-02,CUST1614,Smartphone,Electronics,4,1071.74,Coimbatore,Debit Card,4286.96
ORD101615,2025-10-06,CUST1615,Laptop,Electronics,4,956.08,Chennai,Debit Card,3824.32
ORD101616,2025-09-08,CUST1616,Laptop,Electronics,3,586.95,Delhi,UPI,1760.85
ORD101617,2025-11-06,CUST1617,Backpack,Accessories,1,1364.47,Mumbai,Credit Card,1364.47
ORD101618,2025-07-27,CUST1618,Laptop,Electronics,1,1454.6,Chennai,UPI,1454.6
ORD101619,2025-11-17,CUST1619,Keyboard,Electronics,4,268.72,Coimbatore,Net Banking,1074.88
ORD101620,2025-05-20,CUST1620,Shoes,Fashion,2,342.29,Mumbai,Net Banking,684.58
ORD101621,2025-10-07,CUST1621,Monitor,Electronics,4,793.19,Chennai,UPI,3172.76
ORD101622,2025-02-03,CUST1622,Tablet,Electronics,3,145.96,Hyderabad,UPI,437.88
ORD101623,2025-11-05,CUST1623,Smartphone,Electronics,5,660.31,Pune,Credit Card,3301.55
ORD101624,2025-01-18,CUST1624,Monitor,Electronics,3,876.87,Coimbatore,UPI,2630.61
ORD101625,2025-02-26,CUST1625,Tablet,Electronics,2,787.89,Hyderabad,Debit Card,1575.78
ORD101626,2025-04-22,CUST1626,Shoes,Fashion,4,503.05,Hyderabad,Credit Card,2012.2
ORD101627,2025-01-05,CUST1627,Shoes,Fashion,1,818.24,Coimbatore,UPI,818.24
ORD101628,2025-07-01,CUST1628,Smartphone,Electronics,4,1438.61,Mumbai,UPI,5754.44
ORD101629,2025-01-13,CUST1629,Smartphone,Electronics,2,316.97,Delhi,Net Banking,633.94
ORD101630,2025-12-05,CUST1630,Shoes,Fashion,1,985.7,Bengaluru,Credit Card,985.7
ORD101631,2025-10-12,CUST1631,Tablet,Electronics,3,74.66,Bengaluru,Net Banking,223.98
ORD101632,2025-09-16,CUST1632,Laptop,Electronics,5,108.96,Delhi,UPI,544.8
ORD101633,2025-03-31,CUST1633,Smartwatch,Electronics,5,832.22,Kochi,Credit Card,4161.1
ORD101634,2025-04-14,CUST1634,Headphones,Electronics,4,166.36,Coimbatore,Debit Card,665.44
ORD101635,2025-07-05,CUST1635,Monitor,Electronics,3,43.3,Bengaluru,UPI,129.9
ORD101636,2025-09-07,CUST1636,Backpack,Accessories,2,265.55,Delhi,UPI,531.1
ORD101637,2025-09-12,CUST1637,Monitor,Electronics,5,851.63,Chennai,Net Banking,4258.15
ORD101638,2025-03-17,CUST1638,Backpack,Accessories,3,1057.98,Delhi,Debit Card,3173.94
ORD101639,2025-04-18,CUST1639,Tablet,Electronics,4,311.69,Kochi,UPI,1246.76
ORD101640,2025-06-05,CUST1640,Backpack,Accessories,1,1005.71,Mumbai,Net Banking,1005.71
ORD101641,2025-03-23,CUST1641,Smartphone,Electronics,4,281.89,Pune,Net Banking,1127.56
ORD101642,2025-03-18,CUST1642,Smartwatch,Electronics,4,924.05,Delhi,UPI,3696.2
ORD101643,2025-09-15,CUST1643,Smartwatch,Electronics,3,623.82,Hyderabad,Credit Card,1871.46
ORD101644,2025-05-07,CUST1644,Smartphone,Electronics,5,984.16,Hyderabad,UPI,4920.8
ORD101645,2025-10-09,CUST1645,Keyboard,Electronics,3,1492.63,Pune,Debit Card,4477.89
ORD101646,2025-03-29,CUST1646,Tablet,Electronics,1,1407.35,Coimbatore,UPI,1407.35
ORD101647,2025-07-23,CUST1647,Keyboard,Electronics,3,16.38,Hyderabad,Credit Card,49.14
ORD101648,2025-01-16,CUST1648,Keyboard,Electronics,2,1329.3,Chennai,Net Banking,2658.6
ORD101649,2025-05-31,CUST1649,Monitor,Electronics,4,109.07,Delhi,Debit Card,436.28
ORD101650,2025-09-11,CUST1650,Shoes,Fashion,5,1430.04,Pune,Debit Card,7150.2
ORD101651,2025-07-07,CUST1651,Monitor,Electronics,1,429.92,Chennai,Debit Card,429.92
ORD101652,2025-11-25,CUST1652,Shoes,Fashion,4,579.23,Coimbatore,Debit Card,2316.92
ORD101653,2025-02-01,CUST1653,Headphones,Electronics,3,146.54,Hyderabad,Credit Card,439.62
ORD101654,2025-09-28,CUST1654,Backpack,Accessories,2,177.29,Pune,Credit Card,354.58
ORD101655,2025-01-05,CUST1655,Shoes,Fashion,3,1092.84,Bengaluru,Credit Card,3278.52
ORD101656,2025-11-26,CUST1656,Smartphone,Electronics,4,1417.06,Delhi,Credit Card,5668.24
ORD101657,2025-11-04,CUST1657,Monitor,Electronics,1,920.02,Bengaluru,Net Banking,920.02
ORD101658,2025-11-29,CUST1658,Tablet,Electronics,5,1076.62,Mumbai,UPI,5383.1
ORD101659,2025-06-18,CUST1659,Backpack,Accessories,4,1145.33,Coimbatore,Credit Card,4581.32
ORD101660,2025-06-30,CUST1660,Headphones,Electronics,1,401.59,Mumbai,UPI,401.59
ORD101661,2025-06-27,CUST1661,Shoes,Fashion,4,77.39,Bengaluru,Debit Card,309.56
ORD101662,2025-05-23,CUST1662,Headphones,Electronics,2,12.79,Bengaluru,Net Banking,25.58
ORD101663,2025-12-28,CUST1663,Tablet,Electronics,3,532.47,Bengaluru,Net Banking,1597.41
ORD101664,2025-09-05,CUST1664,Keyboard,Electronics,5,369.78,Mumbai,UPI,1848.9
ORD101665,2025-05-07,CUST1665,Smartwatch,Electronics,1,102.85,Pune,UPI,102.85
ORD101666,2025-09-20,CUST1666,Tablet,Electronics,5,277.5,Coimbatore,UPI,1387.5
ORD101667,2025-02-09,CUST1667,Mouse,Electronics,5,195.5,Kochi,Net Banking,977.5
ORD101668,2025-12-21,CUST1668,Tablet,Electronics,5,1373.17,Delhi,Credit Card,6865.85
ORD101669,2025-09-12,CUST1669,Headphones,Electronics,1,219.0,Kochi,Net Banking,219.0
ORD101670,2025-05-23,CUST1670,Smartphone,Electronics,1,811.1,Pune,Credit Card,811.1
ORD101671,2025-08-28,CUST1671,Monitor,Electronics,5,893.73,Delhi,Debit Card,4468.65
ORD101672,2025-08-16,CUST1672,Smartphone,Electronics,3,819.8,Chennai,Credit Card,2459.4
ORD101673,2025-12-07,CUST1673,Headphones,Electronics,4,157.59,Kochi,UPI,630.36
ORD101674,2025-07-17,CUST1674,Monitor,Electronics,5,485.01,Chennai,Credit Card,2425.05
ORD101675,2025-03-06,CUST1675,Mouse,Electronics,2,86.39,Kochi,Credit Card,172.78
ORD101676,2025-01-11,CUST1676,Smartwatch,Electronics,5,599.55,Bengaluru,Net Banking,2997.75
ORD101677,2025-04-18,CUST1677,Backpack,Accessories,1,291.01,Coimbatore,UPI,291.01
ORD101678,2025-01-26,CUST1678,Headphones,Electronics,4,846.83,Kochi,Debit Card,3387.32
ORD101679,2025-05-31,CUST1679,Shoes,Fashion,2,1042.28,Coimbatore,Credit Card,2084.56
ORD101680,2025-08-09,CUST1680,Headphones,Electronics,4,802.86,Hyderabad,Debit Card,3211.44
ORD101681,2025-12-07,CUST1681,Headphones,Electronics,4,657.01,Hyderabad,UPI,2628.04
ORD101682,2025-08-25,CUST1682,Monitor,Electronics,2,587.13,Pune,Credit Card,1174.26
ORD101683,2025-08-25,CUST1683,Laptop,Electronics,5,1264.12,Kochi,Net Banking,6320.6
ORD101684,2025-08-07,CUST1684,Tablet,Electronics,5,336.86,Mumbai,Debit Card,1684.3
ORD101685,2025-05-31,CUST1685,Laptop,Electronics,5,1103.99,Kochi,Net Banking,5519.95
ORD101686,2025-05-03,CUST1686,Mouse,Electronics,3,1138.65,Kochi,Debit Card,3415.95
ORD101687,2025-05-24,CUST1687,Shoes,Fashion,5,634.61,Hyderabad,UPI,3173.05
ORD101688,2025-07-08,CUST1688,Smartwatch,Electronics,2,452.98,Pune,Credit Card,905.96
ORD101689,2025-09-12,CUST1689,Keyboard,Electronics,3,711.11,Delhi,Debit Card,2133.33
ORD101690,2025-03-09,CUST1690,Mouse,Electronics,5,148.89,Delhi,Net Banking,744.45
ORD101691,2025-04-14,CUST1691,Keyboard,Electronics,3,78.44,Pune,Debit Card,235.32
ORD101692,2025-12-02,CUST1692,Keyboard,Electronics,2,176.29,Mumbai,Debit Card,352.58
ORD101693,2025-06-08,CUST1693,Smartwatch,Electronics,5,288.85,Chennai,Debit Card,1444.25
ORD101694,2025-11-05,CUST1694,Smartphone,Electronics,1,761.22,Bengaluru,Debit Card,761.22
ORD101695,2025-12-28,CUST1695,Laptop,Electronics,2,1275.21,Coimbatore,Debit Card,2550.42
ORD101696,2025-10-27,CUST1696,Headphones,Electronics,4,361.11,Chennai,Debit Card,1444.44
ORD101697,2025-03-31,CUST1697,Backpack,Accessories,4,1403.39,Pune,Net Banking,5613.56
ORD101698,2025-12-23,CUST1698,Keyboard,Electronics,2,1432.81,Delhi,Debit Card,2865.62
ORD101699,2025-09-13,CUST1699,Shoes,Fashion,4,1438.77,Chennai,Debit Card,5755.08
ORD101700,2025-12-19,CUST1700,Mouse,Electronics,2,1257.97,Mumbai,Debit Card,2515.94
ORD101701,2025-08-08,CUST1701,Smartphone,Electronics,1,552.1,Bengaluru,Credit Card,552.1
ORD101702,2025-01-09,CUST1702,Keyboard,Electronics,2,118.3,Delhi,UPI,236.6
ORD101703,2025-01-12,CUST1703,Smartphone,Electronics,5,857.54,Mumbai,UPI,4287.7
ORD101704,2025-11-21,CUST1704,Smartphone,Electronics,5,842.44,Pune,UPI,4212.2
ORD101705,2025-09-01,CUST1705,Keyboard,Electronics,3,1276.46,Chennai,Net Banking,3829.38
ORD101706,2025-07-01,CUST1706,Monitor,Electronics,4,1494.03,Coimbatore,Net Banking,5976.12
ORD101707,2025-10-11,CUST1707,Tablet,Electronics,4,767.15,Hyderabad,Net Banking,3068.6
ORD101708,2025-11-08,CUST1708,Shoes,Fashion,2,524.35,Mumbai,Debit Card,1048.7
ORD101709,2025-04-09,CUST1709,Headphones,Electronics,4,286.99,Delhi,UPI,1147.96
ORD101710,2025-07-16,CUST1710,Headphones,Electronics,5,17.15,Chennai,Debit Card,85.75
ORD101711,2025-08-14,CUST1711,Shoes,Fashion,1,768.58,Hyderabad,Credit Card,768.58
ORD101712,2025-11-29,CUST1712,Monitor,Electronics,2,837.72,Hyderabad,UPI,1675.44
ORD101713,2025-04-13,CUST1713,Headphones,Electronics,4,1239.16,Chennai,Credit Card,4956.64
ORD101714,2025-04-16,CUST1714,Smartphone,Electronics,5,761.82,Bengaluru,Credit Card,3809.1
ORD101715,2025-12-31,CUST1715,Smartwatch,Electronics,3,1375.54,Chennai,Debit Card,4126.62
ORD101716,2025-02-27,CUST1716,Mouse,Electronics,4,945.84,Delhi,UPI,3783.36
ORD101717,2025-03-19,CUST1717,Laptop,Electronics,1,1262.1,Pune,Credit Card,1262.1
ORD101718,2025-03-16,CUST1718,Headphones,Electronics,1,230.97,Coimbatore,UPI,230.97
ORD101719,2025-02-11,CUST1719,Shoes,Fashion,4,1284.45,Delhi,Credit Card,5137.8
ORD101720,2025-11-20,CUST1720,Smartwatch,Electronics,4,1015.96,Pune,Credit Card,4063.84
ORD101721,2025-06-30,CUST1721,Keyboard,Electronics,5,263.65,Hyderabad,Debit Card,1318.25
ORD101722,2025-02-02,CUST1722,Tablet,Electronics,4,292.75,Coimbatore,UPI,1171.0
ORD101723,2025-03-12,CUST1723,Shoes,Fashion,3,1390.49,Mumbai,Debit Card,4171.47
ORD101724,2025-02-25,CUST1724,Smartphone,Electronics,5,58.0,Hyderabad,Debit Card,290.0
ORD101725,2025-04-15,CUST1725,Tablet,Electronics,2,699.18,Kochi,Debit Card,1398.36
ORD101726,2025-07-19,CUST1726,Mouse,Electronics,3,477.08,Bengaluru,Debit Card,1431.24
ORD101727,2025-04-11,CUST1727,Mouse,Electronics,5,1000.97,Chennai,Debit Card,5004.85
ORD101728,2025-09-13,CUST1728,Monitor,Electronics,5,1261.05,Mumbai,Credit Card,6305.25
ORD101729,2025-11-03,CUST1729,Backpack,Accessories,1,546.96,Kochi,UPI,546.96
ORD101730,2025-03-15,CUST1730,Monitor,Electronics,5,646.08,Delhi,UPI,3230.4
ORD101731,2025-06-20,CUST1731,Smartwatch,Electronics,3,1473.06,Coimbatore,Debit Card,4419.18
ORD101732,2025-05-23,CUST1732,Tablet,Electronics,4,1178.04,Mumbai,UPI,4712.16
ORD101733,2025-06-15,CUST1733,Backpack,Accessories,3,1346.83,Kochi,Credit Card,4040.49
ORD101734,2025-09-18,CUST1734,Keyboard,Electronics,2,663.76,Kochi,Debit Card,1327.52
ORD101735,2025-08-09,CUST1735,Smartphone,Electronics,5,358.77,Kochi,Net Banking,1793.85
ORD101736,2025-03-24,CUST1736,Tablet,Electronics,5,623.68,Bengaluru,Net Banking,3118.4
ORD101737,2025-07-01,CUST1737,Monitor,Electronics,5,1076.98,Chennai,Credit Card,5384.9
ORD101738,2025-11-03,CUST1738,Laptop,Electronics,5,173.05,Mumbai,Credit Card,865.25
ORD101739,2025-01-10,CUST1739,Backpack,Accessories,1,413.0,Delhi,Net Banking,413.0
ORD101740,2025-01-04,CUST1740,Backpack,Accessories,1,79.49,Coimbatore,Debit Card,79.49
ORD101741,2025-12-17,CUST1741,Smartphone,Electronics,4,654.2,Mumbai,Credit Card,2616.8
ORD101742,2025-12-02,CUST1742,Headphones,Electronics,5,1242.89,Chennai,Net Banking,6214.45
ORD101743,2025-10-19,CUST1743,Mouse,Electronics,2,46.75,Delhi,Debit Card,93.5
ORD101744,2025-10-08,CUST1744,Mouse,Electronics,4,1016.23,Mumbai,Credit Card,4064.92
ORD101745,2025-08-03,CUST1745,Laptop,Electronics,5,1399.42,Coimbatore,UPI,6997.1
ORD101746,2025-04-08,CUST1746,Smartwatch,Electronics,1,363.02,Chennai,UPI,363.02
ORD101747,2025-04-11,CUST1747,Smartwatch,Electronics,2,1043.52,Bengaluru,UPI,2087.04
ORD101748,2025-01-09,CUST1748,Keyboard,Electronics,4,1462.9,Bengaluru,Debit Card,5851.6
ORD101749,2025-03-02,CUST1749,Tablet,Electronics,2,1443.79,Hyderabad,Credit Card,2887.58
ORD101750,2025-11-05,CUST1750,Shoes,Fashion,5,360.04,Mumbai,Net Banking,1800.2
ORD101751,2025-05-26,CUST1751,Headphones,Electronics,3,159.49,Coimbatore,Credit Card,478.47
ORD101752,2025-03-04,CUST1752,Monitor,Electronics,2,230.94,Mumbai,UPI,461.88
ORD101753,2025-05-01,CUST1753,Shoes,Fashion,2,1056.03,Chennai,UPI,2112.06
ORD101754,2025-08-14,CUST1754,Shoes,Fashion,1,1091.38,Hyderabad,Debit Card,1091.38
ORD101755,2025-04-15,CUST1755,Backpack,Accessories,5,1014.61,Coimbatore,Net Banking,5073.05
ORD101756,2025-09-17,CUST1756,Laptop,Electronics,2,510.76,Mumbai,Debit Card,1021.52
ORD101757,2025-12-15,CUST1757,Mouse,Electronics,5,262.97,Coimbatore,Net Banking,1314.85
ORD101758,2025-09-12,CUST1758,Keyboard,Electronics,1,875.33,Chennai,Credit Card,875.33
ORD101759,2025-07-26,CUST1759,Smartwatch,Electronics,5,730.68,Hyderabad,Debit Card,3653.4
ORD101760,2025-01-28,CUST1760,Laptop,Electronics,1,1095.96,Coimbatore,Debit Card,1095.96
ORD101761,2025-06-19,CUST1761,Backpack,Accessories,1,667.63,Chennai,Debit Card,667.63
ORD101762,2025-12-02,CUST1762,Monitor,Electronics,4,514.57,Bengaluru,UPI,2058.28
ORD101763,2025-03-17,CUST1763,Keyboard,Electronics,5,447.28,Coimbatore,UPI,2236.4
ORD101764,2025-04-26,CUST1764,Backpack,Accessories,3,325.09,Hyderabad,Net Banking,975.27
ORD101765,2025-03-10,CUST1765,Mouse,Electronics,4,405.96,Pune,Credit Card,1623.84
ORD101766,2025-12-20,CUST1766,Mouse,Electronics,1,151.3,Delhi,Debit Card,151.3
ORD101767,2025-08-22,CUST1767,Mouse,Electronics,3,526.82,Delhi,UPI,1580.46
ORD101768,2025-01-01,CUST1768,Laptop,Electronics,2,64.49,Coimbatore,Debit Card,128.98
ORD101769,2025-06-16,CUST1769,Laptop,Electronics,2,287.76,Coimbatore,Net Banking,575.52
ORD101770,2025-12-18,CUST1770,Smartwatch,Electronics,4,1122.69,Chennai,Net Banking,4490.76
ORD101771,2025-08-06,CUST1771,Smartwatch,Electronics,3,494.95,Mumbai,Credit Card,1484.85
ORD101772,2025-09-30,CUST1772,Monitor,Electronics,5,1005.67,Delhi,Net Banking,5028.35
ORD101773,2025-09-08,CUST1773,Keyboard,Electronics,3,1078.16,Kochi,Debit Card,3234.48
ORD101774,2025-12-13,CUST1774,Smartphone,Electronics,4,875.97,Mumbai,Credit Card,3503.88
ORD101775,2025-12-10,CUST1775,Smartphone,Electronics,5,1438.46,Delhi,Credit Card,7192.3
ORD101776,2025-06-23,CUST1776,Backpack,Accessories,5,41.95,Coimbatore,UPI,209.75
ORD101777,2025-06-19,CUST1777,Mouse,Electronics,2,1110.59,Kochi,Debit Card,2221.18
ORD101778,2025-09-03,CUST1778,Keyboard,Electronics,3,1438.59,Hyderabad,Net Banking,4315.77
ORD101779,2025-03-31,CUST1779,Shoes,Fashion,5,1294.78,Hyderabad,UPI,6473.9
ORD101780,2025-02-18,CUST1780,Laptop,Electronics,4,260.16,Pune,Debit Card,1040.64
ORD101781,2025-10-21,CUST1781,Tablet,Electronics,2,496.96,Delhi,Debit Card,993.92
ORD101782,2025-05-30,CUST1782,Headphones,Electronics,5,266.95,Kochi,Credit Card,1334.75
ORD101783,2025-05-12,CUST1783,Monitor,Electronics,3,905.95,Delhi,Credit Card,2717.85
ORD101784,2025-02-28,CUST1784,Mouse,Electronics,2,1071.16,Chennai,Debit Card,2142.32
ORD101785,2025-11-20,CUST1785,Mouse,Electronics,3,482.44,Coimbatore,UPI,1447.32
ORD101786,2025-07-18,CUST1786,Mouse,Electronics,3,813.86,Coimbatore,Credit Card,2441.58
ORD101787,2025-08-03,CUST1787,Laptop,Electronics,3,1039.47,Pune,Credit Card,3118.41
ORD101788,2025-02-18,CUST1788,Laptop,Electronics,2,637.8,Mumbai,Debit Card,1275.6
ORD101789,2025-08-20,CUST1789,Headphones,Electronics,5,1282.48,Chennai,Debit Card,6412.4
ORD101790,2025-09-04,CUST1790,Shoes,Fashion,1,1159.61,Bengaluru,Credit Card,1159.61
ORD101791,2025-08-27,CUST1791,Keyboard,Electronics,5,106.35,Hyderabad,UPI,531.75
ORD101792,2025-06-17,CUST1792,Mouse,Electronics,2,935.48,Hyderabad,Credit Card,1870.96
ORD101793,2025-02-17,CUST1793,Smartphone,Electronics,1,360.64,Coimbatore,Debit Card,360.64
ORD101794,2025-02-20,CUST1794,Smartwatch,Electronics,1,840.7,Pune,Credit Card,840.7
ORD101795,2025-10-26,CUST1795,Smartphone,Electronics,1,1435.76,Kochi,Debit Card,1435.76
ORD101796,2025-04-08,CUST1796,Backpack,Accessories,4,1319.8,Chennai,Credit Card,5279.2
ORD101797,2025-08-04,CUST1797,Smartphone,Electronics,2,612.73,Bengaluru,Debit Card,1225.46
ORD101798,2025-06-26,CUST1798,Backpack,Accessories,4,444.36,Hyderabad,Debit Card,1777.44
ORD101799,2025-03-21,CUST1799,Tablet,Electronics,1,359.26,Chennai,UPI,359.26
ORD101800,2025-07-04,CUST1800,Smartwatch,Electronics,4,803.45,Bengaluru,Debit Card,3213.8
ORD101801,2025-01-27,CUST1801,Smartphone,Electronics,4,180.23,Delhi,Credit Card,720.92
ORD101802,2025-07-14,CUST1802,Tablet,Electronics,2,828.42,Coimbatore,Debit Card,1656.84
ORD101803,2025-08-02,CUST1803,Monitor,Electronics,3,11.99,Mumbai,Net Banking,35.97
ORD101804,2025-12-08,CUST1804,Keyboard,Electronics,4,492.54,Hyderabad,Credit Card,1970.16
ORD101805,2025-04-24,CUST1805,Tablet,Electronics,4,337.7,Hyderabad,UPI,1350.8
ORD101806,2025-08-30,CUST1806,Keyboard,Electronics,1,1457.12,Bengaluru,Credit Card,1457.12
ORD101807,2025-05-04,CUST1807,Smartphone,Electronics,1,1093.59,Mumbai,UPI,1093.59
ORD101808,2025-11-01,CUST1808,Shoes,Fashion,1,530.98,Kochi,Net Banking,530.98
ORD101809,2025-03-17,CUST1809,Tablet,Electronics,5,148.34,Delhi,UPI,741.7
ORD101810,2025-11-07,CUST1810,Smartwatch,Electronics,4,780.03,Chennai,Debit Card,3120.12
ORD101811,2025-11-08,CUST1811,Smartphone,Electronics,1,328.04,Coimbatore,Net Banking,328.04
ORD101812,2025-07-15,CUST1812,Mouse,Electronics,2,809.28,Chennai,Net Banking,1618.56
ORD101813,2025-12-17,CUST1813,Laptop,Electronics,5,1254.69,Bengaluru,UPI,6273.45
ORD101814,2025-02-13,CUST1814,Tablet,Electronics,3,927.53,Kochi,Credit Card,2782.59
ORD101815,2025-07-05,CUST1815,Smartwatch,Electronics,4,954.34,Kochi,UPI,3817.36
ORD101816,2025-12-09,CUST1816,Monitor,Electronics,4,816.14,Hyderabad,UPI,3264.56
ORD101817,2025-09-03,CUST1817,Mouse,Electronics,2,1391.63,Delhi,Net Banking,2783.26
ORD101818,2025-03-25,CUST1818,Monitor,Electronics,3,1398.53,Hyderabad,Debit Card,4195.59
ORD101819,2025-07-26,CUST1819,Smartphone,Electronics,3,773.96,Chennai,Credit Card,2321.88
ORD101820,2025-05-31,CUST1820,Laptop,Electronics,5,465.58,Delhi,UPI,2327.9
ORD101821,2025-06-05,CUST1821,Tablet,Electronics,4,694.78,Pune,Debit Card,2779.12
ORD101822,2025-01-16,CUST1822,Tablet,Electronics,1,287.97,Coimbatore,Debit Card,287.97
ORD101823,2025-06-14,CUST1823,Shoes,Fashion,2,958.15,Bengaluru,Credit Card,1916.3
ORD101824,2025-05-25,CUST1824,Shoes,Fashion,2,755.14,Coimbatore,Debit Card,1510.28
ORD101825,2025-02-06,CUST1825,Smartphone,Electronics,2,163.92,Kochi,UPI,327.84
ORD101826,2025-11-29,CUST1826,Smartphone,Electronics,2,304.5,Bengaluru,Net Banking,609.0
ORD101827,2025-02-14,CUST1827,Laptop,Electronics,1,724.65,Kochi,Debit Card,724.65
ORD101828,2025-07-25,CUST1828,Shoes,Fashion,1,1332.51,Coimbatore,Net Banking,1332.51
ORD101829,2025-03-03,CUST1829,Smartwatch,Electronics,5,853.92,Pune,Credit Card,4269.6
ORD101830,2025-12-22,CUST1830,Smartwatch,Electronics,4,1025.49,Chennai,Credit Card,4101.96
ORD101831,2025-11-04,CUST1831,Laptop,Electronics,1,515.15,Mumbai,Debit Card,515.15
ORD101832,2025-01-19,CUST1832,Smartwatch,Electronics,5,861.4,Delhi,Net Banking,4307.0
ORD101833,2025-12-31,CUST1833,Backpack,Accessories,3,676.6,Bengaluru,UPI,2029.8
ORD101834,2025-10-27,CUST1834,Keyboard,Electronics,4,992.1,Chennai,Net Banking,3968.4
ORD101835,2025-01-07,CUST1835,Laptop,Electronics,1,85.36,Hyderabad,Debit Card,85.36
ORD101836,2025-09-06,CUST1836,Laptop,Electronics,3,745.02,Hyderabad,Net Banking,2235.06
ORD101837,2025-04-27,CUST1837,Headphones,Electronics,5,451.03,Coimbatore,Net Banking,2255.15
ORD101838,2025-03-09,CUST1838,Mouse,Electronics,1,496.02,Kochi,Credit Card,496.02
ORD101839,2025-02-03,CUST1839,Mouse,Electronics,1,1441.77,Hyderabad,Debit Card,1441.77
ORD101840,2025-07-13,CUST1840,Backpack,Accessories,3,282.22,Kochi,Net Banking,846.66
ORD101841,2025-11-21,CUST1841,Shoes,Fashion,1,473.76,Mumbai,Debit Card,473.76
ORD101842,2025-02-24,CUST1842,Smartphone,Electronics,2,769.74,Bengaluru,UPI,1539.48
ORD101843,2025-09-23,CUST1843,Smartphone,Electronics,1,1295.91,Coimbatore,Debit Card,1295.91
ORD101844,2025-02-11,CUST1844,Monitor,Electronics,4,630.84,Bengaluru,UPI,2523.36
ORD101845,2025-10-24,CUST1845,Backpack,Accessories,3,1118.36,Bengaluru,Debit Card,3355.08
ORD101846,2025-08-19,CUST1846,Laptop,Electronics,4,1286.0,Pune,Debit Card,5144.0
ORD101847,2025-01-10,CUST1847,Backpack,Accessories,5,471.92,Chennai,Net Banking,2359.6
ORD101848,2025-12-24,CUST1848,Backpack,Accessories,4,595.2,Hyderabad,Net Banking,2380.8
ORD101849,2025-05-08,CUST1849,Backpack,Accessories,2,541.27,Delhi,UPI,1082.54
ORD101850,2025-06-28,CUST1850,Mouse,Electronics,2,1250.96,Bengaluru,UPI,2501.92
ORD101851,2025-07-12,CUST1851,Backpack,Accessories,4,76.08,Kochi,Credit Card,304.32
ORD101852,2025-04-02,CUST1852,Keyboard,Electronics,5,469.55,Mumbai,Net Banking,2347.75
ORD101853,2025-08-19,CUST1853,Smartphone,Electronics,1,1022.32,Pune,UPI,1022.32
ORD101854,2025-03-19,CUST1854,Monitor,Electronics,2,852.51,Kochi,Net Banking,1705.02
ORD101855,2025-03-26,CUST1855,Keyboard,Electronics,4,660.07,Mumbai,Debit Card,2640.28
ORD101856,2025-01-30,CUST1856,Monitor,Electronics,4,814.52,Kochi,Credit Card,3258.08
ORD101857,2025-08-01,CUST1857,Headphones,Electronics,4,304.4,Delhi,Net Banking,1217.6
ORD101858,2025-02-18,CUST1858,Monitor,Electronics,1,651.77,Hyderabad,Net Banking,651.77
ORD101859,2025-09-22,CUST1859,Smartphone,Electronics,3,757.54,Hyderabad,Net Banking,2272.62
ORD101860,2025-05-25,CUST1860,Smartphone,Electronics,5,1352.77,Coimbatore,Net Banking,6763.85
ORD101861,2025-03-10,CUST1861,Backpack,Accessories,3,398.64,Coimbatore,UPI,1195.92
ORD101862,2025-02-27,CUST1862,Tablet,Electronics,5,1303.06,Kochi,UPI,6515.3
ORD101863,2025-07-04,CUST1863,Headphones,Electronics,5,969.92,Coimbatore,Credit Card,4849.6
ORD101864,2025-03-03,CUST1864,Laptop,Electronics,4,40.31,Hyderabad,Debit Card,161.24
ORD101865,2025-11-04,CUST1865,Smartwatch,Electronics,2,1089.7,Bengaluru,Debit Card,2179.4
ORD101866,2025-10-23,CUST1866,Monitor,Electronics,4,62.97,Kochi,Credit Card,251.88
ORD101867,2025-06-15,CUST1867,Tablet,Electronics,1,1496.1,Chennai,Debit Card,1496.1
ORD101868,2025-06-20,CUST1868,Backpack,Accessories,5,1310.23,Delhi,UPI,6551.15
ORD101869,2025-03-04,CUST1869,Mouse,Electronics,2,453.04,Pune,Net Banking,906.08
ORD101870,2025-05-27,CUST1870,Laptop,Electronics,5,393.54,Delhi,Debit Card,1967.7
ORD101871,2025-11-02,CUST1871,Shoes,Fashion,5,578.35,Delhi,Net Banking,2891.75
ORD101872,2025-06-10,CUST1872,Tablet,Electronics,4,540.69,Coimbatore,Net Banking,2162.76
ORD101873,2025-05-21,CUST1873,Mouse,Electronics,2,564.78,Chennai,UPI,1129.56
ORD101874,2025-11-30,CUST1874,Headphones,Electronics,2,484.23,Mumbai,Net Banking,968.46
ORD101875,2025-04-07,CUST1875,Backpack,Accessories,5,935.49,Hyderabad,Debit Card,4677.45
ORD101876,2025-08-09,CUST1876,Laptop,Electronics,2,254.75,Mumbai,UPI,509.5
ORD101877,2025-02-12,CUST1877,Laptop,Electronics,2,1270.51,Coimbatore,Credit Card,2541.02
ORD101878,2025-10-19,CUST1878,Laptop,Electronics,4,1220.48,Bengaluru,UPI,4881.92
ORD101879,2025-04-18,CUST1879,Headphones,Electronics,3,719.96,Pune,Debit Card,2159.88
ORD101880,2025-09-23,CUST1880,Monitor,Electronics,1,1280.57,Pune,UPI,1280.57
ORD101881,2025-04-05,CUST1881,Shoes,Fashion,3,378.25,Coimbatore,Debit Card,1134.75
ORD101882,2025-09-19,CUST1882,Headphones,Electronics,2,36.17,Chennai,Debit Card,72.34
ORD101883,2025-11-09,CUST1883,Smartwatch,Electronics,5,932.62,Pune,UPI,4663.1
ORD101884,2025-03-12,CUST1884,Shoes,Fashion,1,692.29,Coimbatore,Debit Card,692.29
ORD101885,2025-08-07,CUST1885,Smartphone,Electronics,1,855.08,Delhi,Credit Card,855.08
ORD101886,2025-01-21,CUST1886,Backpack,Accessories,5,1350.02,Bengaluru,Debit Card,6750.1
ORD101887,2025-04-02,CUST1887,Headphones,Electronics,1,1455.19,Bengaluru,Credit Card,1455.19
ORD101888,2025-05-07,CUST1888,Mouse,Electronics,5,955.34,Hyderabad,Credit Card,4776.7
ORD101889,2025-03-21,CUST1889,Shoes,Fashion,1,1148.44,Hyderabad,Debit Card,1148.44
ORD101890,2025-11-08,CUST1890,Smartwatch,Electronics,3,134.87,Delhi,Net Banking,404.61
ORD101891,2025-08-26,CUST1891,Smartphone,Electronics,1,249.47,Kochi,Credit Card,249.47
ORD101892,2025-07-01,CUST1892,Monitor,Electronics,4,1102.48,Kochi,Credit Card,4409.92
ORD101893,2025-01-25,CUST1893,Mouse,Electronics,5,652.73,Bengaluru,UPI,3263.65
ORD101894,2025-06-05,CUST1894,Shoes,Fashion,1,674.49,Kochi,Credit Card,674.49
ORD101895,2025-01-05,CUST1895,Backpack,Accessories,5,469.83,Delhi,Credit Card,2349.15
ORD101896,2025-04-30,CUST1896,Mouse,Electronics,4,914.96,Bengaluru,Credit Card,3659.84
ORD101897,2025-10-04,CUST1897,Smartphone,Electronics,1,285.9,Kochi,Credit Card,285.9
ORD101898,2025-01-18,CUST1898,Mouse,Electronics,1,944.11,Kochi,Net Banking,944.11
ORD101899,2025-07-17,CUST1899,Keyboard,Electronics,4,268.96,Kochi,Credit Card,1075.84
ORD101900,2025-02-26,CUST1900,Tablet,Electronics,4,105.1,Chennai,Debit Card,420.4
ORD101901,2025-04-03,CUST1901,Monitor,Electronics,4,502.23,Kochi,Net Banking,2008.92
ORD101902,2025-01-19,CUST1902,Smartphone,Electronics,5,354.4,Kochi,Credit Card,1772.0
ORD101903,2025-12-19,CUST1903,Mouse,Electronics,4,1334.6,Coimbatore,Debit Card,5338.4
ORD101904,2025-07-12,CUST1904,Tablet,Electronics,5,91.88,Hyderabad,Debit Card,459.4
ORD101905,2025-08-25,CUST1905,Tablet,Electronics,3,273.15,Chennai,Net Banking,819.45
ORD101906,2025-10-04,CUST1906,Mouse,Electronics,1,827.59,Pune,Net Banking,827.59
ORD101907,2025-08-15,CUST1907,Backpack,Accessories,1,726.79,Kochi,Debit Card,726.79
ORD101908,2025-08-21,CUST1908,Keyboard,Electronics,2,78.32,Kochi,Net Banking,156.64
ORD101909,2025-02-09,CUST1909,Headphones,Electronics,3,20.81,Coimbatore,Net Banking,62.43
ORD101910,2025-11-19,CUST1910,Keyboard,Electronics,4,1482.22,Kochi,UPI,5928.88
ORD101911,2025-06-02,CUST1911,Mouse,Electronics,4,991.66,Kochi,Net Banking,3966.64
ORD101912,2025-05-07,CUST1912,Monitor,Electronics,3,554.46,Kochi,UPI,1663.38
ORD101913,2025-08-25,CUST1913,Headphones,Electronics,4,710.94,Hyderabad,Net Banking,2843.76
ORD101914,2025-02-24,CUST1914,Smartphone,Electronics,2,407.16,Pune,Net Banking,814.32
ORD101915,2025-06-21,CUST1915,Keyboard,Electronics,5,523.86,Delhi,Debit Card,2619.3
ORD101916,2025-04-19,CUST1916,Mouse,Electronics,1,977.08,Pune,UPI,977.08
ORD101917,2025-12-20,CUST1917,Keyboard,Electronics,3,1325.39,Chennai,Net Banking,3976.17
ORD101918,2025-07-03,CUST1918,Headphones,Electronics,1,284.35,Kochi,Credit Card,284.35
ORD101919,2025-07-17,CUST1919,Smartwatch,Electronics,5,1262.14,Mumbai,Net Banking,6310.7
ORD101920,2025-03-28,CUST1920,Shoes,Fashion,3,191.12,Pune,Debit Card,573.36
ORD101921,2025-07-20,CUST1921,Keyboard,Electronics,5,330.34,Mumbai,Debit Card,1651.7
ORD101922,2025-12-03,CUST1922,Smartphone,Electronics,4,65.39,Hyderabad,Debit Card,261.56
ORD101923,2025-11-18,CUST1923,Smartphone,Electronics,4,219.81,Chennai,UPI,879.24
ORD101924,2025-10-02,CUST1924,Laptop,Electronics,4,1376.78,Pune,UPI,5507.12
ORD101925,2025-07-30,CUST1925,Keyboard,Electronics,5,694.56,Kochi,UPI,3472.8
ORD101926,2025-04-28,CUST1926,Shoes,Fashion,5,125.72,Coimbatore,Credit Card,628.6
ORD101927,2025-07-10,CUST1927,Backpack,Accessories,5,1439.99,Pune,UPI,7199.95
ORD101928,2025-02-11,CUST1928,Tablet,Electronics,1,1319.7,Kochi,Debit Card,1319.7
ORD101929,2025-02-11,CUST1929,Shoes,Fashion,5,1134.48,Coimbatore,UPI,5672.4
ORD101930,2025-11-11,CUST1930,Tablet,Electronics,4,1400.87,Chennai,UPI,5603.48
ORD101931,2025-10-03,CUST1931,Tablet,Electronics,2,337.99,Mumbai,Net Banking,675.98
ORD101932,2025-11-25,CUST1932,Smartwatch,Electronics,5,1256.19,Chennai,UPI,6280.95
ORD101933,2025-01-17,CUST1933,Laptop,Electronics,2,1038.09,Kochi,Net Banking,2076.18
ORD101934,2025-10-10,CUST1934,Shoes,Fashion,4,1305.94,Mumbai,UPI,5223.76
ORD101935,2025-09-15,CUST1935,Shoes,Fashion,5,1197.4,Mumbai,Net Banking,5987.0
ORD101936,2025-03-04,CUST1936,Smartwatch,Electronics,1,526.28,Delhi,Debit Card,526.28
ORD101937,2025-03-03,CUST1937,Keyboard,Electronics,1,1163.85,Delhi,UPI,1163.85
ORD101938,2025-04-10,CUST1938,Keyboard,Electronics,2,401.06,Coimbatore,Debit Card,802.12
ORD101939,2025-01-19,CUST1939,Keyboard,Electronics,1,499.6,Hyderabad,UPI,499.6
ORD101940,2025-01-17,CUST1940,Monitor,Electronics,1,170.78,Bengaluru,Credit Card,170.78
ORD101941,2025-11-21,CUST1941,Tablet,Electronics,1,1403.26,Chennai,Credit Card,1403.26
ORD101942,2025-09-03,CUST1942,Monitor,Electronics,4,443.6,Mumbai,Debit Card,1774.4
ORD101943,2025-09-08,CUST1943,Laptop,Electronics,1,785.73,Kochi,Debit Card,785.73
ORD101944,2025-03-22,CUST1944,Smartwatch,Electronics,3,593.09,Chennai,Credit Card,1779.27
ORD101945,2025-02-08,CUST1945,Shoes,Fashion,5,1440.29,Hyderabad,Credit Card,7201.45
ORD101946,2025-02-05,CUST1946,Tablet,Electronics,1,509.22,Kochi,Net Banking,509.22
ORD101947,2025-07-16,CUST1947,Monitor,Electronics,1,1170.03,Hyderabad,UPI,1170.03
ORD101948,2025-06-07,CUST1948,Monitor,Electronics,1,1284.57,Bengaluru,Credit Card,1284.57
ORD101949,2025-07-23,CUST1949,Mouse,Electronics,3,659.05,Kochi,Debit Card,1977.15
ORD101950,2025-07-15,CUST1950,Monitor,Electronics,1,573.48,Pune,Debit Card,573.48
ORD101951,2025-08-04,CUST1951,Backpack,Accessories,1,1124.14,Bengaluru,Credit Card,1124.14
ORD101952,2025-10-12,CUST1952,Shoes,Fashion,5,1370.22,Mumbai,Debit Card,6851.1
ORD101953,2025-07-15,CUST1953,Backpack,Accessories,3,1134.85,Delhi,UPI,3404.55
ORD101954,2025-11-03,CUST1954,Shoes,Fashion,3,348.42,Pune,Net Banking,1045.26
ORD101955,2025-06-01,CUST1955,Smartwatch,Electronics,1,1333.58,Bengaluru,UPI,1333.58
ORD101956,2025-01-14,CUST1956,Shoes,Fashion,3,587.5,Delhi,Net Banking,1762.5
ORD101957,2025-11-21,CUST1957,Backpack,Accessories,2,868.58,Pune,Net Banking,1737.16
ORD101958,2025-05-26,CUST1958,Shoes,Fashion,3,1248.84,Delhi,Credit Card,3746.52
ORD101959,2025-02-26,CUST1959,Smartwatch,Electronics,3,290.71,Mumbai,Debit Card,872.13
ORD101960,2025-07-30,CUST1960,Smartwatch,Electronics,3,1178.92,Kochi,Net Banking,3536.76
ORD101961,2025-09-25,CUST1961,Laptop,Electronics,4,898.28,Coimbatore,Credit Card,3593.12
ORD101962,2025-07-29,CUST1962,Shoes,Fashion,4,1341.08,Kochi,Debit Card,5364.32
ORD101963,2025-01-17,CUST1963,Mouse,Electronics,4,266.24,Delhi,Debit Card,1064.96
ORD101964,2025-10-13,CUST1964,Keyboard,Electronics,3,636.82,Kochi,Net Banking,1910.46
ORD101965,2025-12-10,CUST1965,Smartphone,Electronics,2,1250.94,Mumbai,Debit Card,2501.88
ORD101966,2025-07-22,CUST1966,Smartwatch,Electronics,3,38.66,Bengaluru,UPI,115.98
ORD101967,2025-04-09,CUST1967,Headphones,Electronics,1,177.18,Chennai,Debit Card,177.18
ORD101968,2025-10-06,CUST1968,Keyboard,Electronics,2,1485.94,Bengaluru,UPI,2971.88
ORD101969,2025-07-28,CUST1969,Tablet,Electronics,4,427.79,Kochi,Debit Card,1711.16
ORD101970,2025-05-09,CUST1970,Shoes,Fashion,5,1463.56,Hyderabad,Net Banking,7317.8
ORD101971,2025-12-01,CUST1971,Backpack,Accessories,2,281.97,Bengaluru,Net Banking,563.94
ORD101972,2025-10-15,CUST1972,Smartphone,Electronics,4,548.03,Coimbatore,Credit Card,2192.12
ORD101973,2025-09-09,CUST1973,Headphones,Electronics,2,1131.78,Mumbai,UPI,2263.56
ORD101974,2025-09-22,CUST1974,Keyboard,Electronics,2,990.09,Delhi,UPI,1980.18
ORD101975,2025-09-28,CUST1975,Shoes,Fashion,3,875.87,Hyderabad,Net Banking,2627.61
ORD101976,2025-07-07,CUST1976,Laptop,Electronics,1,799.55,Mumbai,Net Banking,799.55
ORD101977,2025-08-02,CUST1977,Tablet,Electronics,5,1266.73,Mumbai,Net Banking,6333.65
ORD101978,2025-10-10,CUST1978,Smartphone,Electronics,4,360.07,Delhi,UPI,1440.28
ORD101979,2025-07-30,CUST1979,Mouse,Electronics,2,669.28,Pune,Credit Card,1338.56
ORD101980,2025-12-31,CUST1980,Laptop,Electronics,5,241.62,Bengaluru,UPI,1208.1
ORD101981,2025-03-17,CUST1981,Headphones,Electronics,2,897.95,Chennai,Net Banking,1795.9
ORD101982,2025-05-28,CUST1982,Smartphone,Electronics,1,383.31,Pune,Credit Card,383.31
ORD101983,2025-11-17,CUST1983,Laptop,Electronics,5,507.42,Hyderabad,Debit Card,2537.1
ORD101984,2025-08-01,CUST1984,Tablet,Electronics,4,712.16,Delhi,Debit Card,2848.64
ORD101985,2025-04-19,CUST1985,Mouse,Electronics,2,49.89,Coimbatore,Net Banking,99.78
ORD101986,2025-05-09,CUST1986,Laptop,Electronics,1,146.99,Coimbatore,Credit Card,146.99
ORD101987,2025-01-10,CUST1987,Monitor,Electronics,5,1032.03,Chennai,Net Banking,5160.15
ORD101988,2025-02-16,CUST1988,Mouse,Electronics,2,649.17,Chennai,UPI,1298.34
ORD101989,2025-11-11,CUST1989,Headphones,Electronics,2,1298.54,Bengaluru,UPI,2597.08
ORD101990,2025-04-06,CUST1990,Tablet,Electronics,4,1045.06,Coimbatore,Credit Card,4180.24
ORD101991,2025-04-13,CUST1991,Shoes,Fashion,1,22.07,Hyderabad,Net Banking,22.07
ORD101992,2025-12-08,CUST1992,Backpack,Accessories,3,928.9,Kochi,Net Banking,2786.7
ORD101993,2025-05-26,CUST1993,Backpack,Accessories,2,149.65,Delhi,Debit Card,299.3
ORD101994,2025-01-27,CUST1994,Backpack,Accessories,5,1173.59,Chennai,Credit Card,5867.95
ORD101995,2025-08-08,CUST1995,Smartphone,Electronics,4,1487.35,Chennai,Net Banking,5949.4
ORD101996,2025-01-18,CUST1996,Headphones,Electronics,4,801.49,Chennai,UPI,3205.96
ORD101997,2025-06-16,CUST1997,Tablet,Electronics,2,1027.34,Kochi,Net Banking,2054.68
ORD101998,2025-03-23,CUST1998,Mouse,Electronics,2,363.6,Delhi,Net Banking,727.2
ORD101999,2025-03-13,CUST1999,Smartphone,Electronics,2,662.02,Hyderabad,UPI,1324.04
ORD102000,2025-11-06,CUST2000,Headphones,Electronics,3,1285.58,Coimbatore,UPI,3856.74
ORD102001,2025-09-11,CUST1001,Shoes,Fashion,2,259.46,Kochi,Net Banking,518.92
ORD102002,2025-06-11,CUST1002,Monitor,Electronics,1,405.65,Kochi,UPI,405.65
ORD102003,2025-11-23,CUST1003,Tablet,Electronics,5,673.7,Pune,Debit Card,3368.5
ORD102004,2025-02-07,CUST1004,Backpack,Accessories,2,1071.25,Hyderabad,Debit Card,2142.5
ORD102005,2025-07-20,CUST1005,Laptop,Electronics,3,570.07,Delhi,Debit Card,1710.21
ORD102006,2025-07-19,CUST1006,Tablet,Electronics,5,1392.32,Hyderabad,UPI,6961.6
ORD102007,2025-09-12,CUST1007,Smartwatch,Electronics,4,150.74,Bengaluru,UPI,602.96
ORD102008,2025-06-28,CUST1008,Headphones,Electronics,2,562.5,Pune,UPI,1125.0
ORD102009,2025-02-04,CUST1009,Keyboard,Electronics,5,1066.34,Delhi,Credit Card,5331.7
ORD102010,2025-03-23,CUST1010,Shoes,Fashion,4,346.72,Pune,UPI,1386.88
ORD102011,2025-08-08,CUST1011,Monitor,Electronics,3,988.06,Pune,Debit Card,2964.18
ORD102012,2025-06-07,CUST1012,Shoes,Fashion,1,254.68,Chennai,Debit Card,254.68
ORD102013,2025-01-04,CUST1013,Tablet,Electronics,2,93.41,Coimbatore,Debit Card,186.82
ORD102014,2025-06-16,CUST1014,Keyboard,Electronics,1,190.31,Pune,Credit Card,190.31
ORD102015,2025-07-23,CUST1015,Smartwatch,Electronics,3,1395.68,Bengaluru,Net Banking,4187.04
ORD102016,2025-07-13,CUST1016,Mouse,Electronics,5,832.11,Bengaluru,Debit Card,4160.55
ORD102017,2025-08-23,CUST1017,Laptop,Electronics,5,1196.56,Delhi,Credit Card,5982.8
ORD102018,2025-07-25,CUST1018,Keyboard,Electronics,3,505.66,Mumbai,Net Banking,1516.98
ORD102019,2025-05-30,CUST1019,Headphones,Electronics,3,893.06,Kochi,Credit Card,2679.18
ORD102020,2025-06-08,CUST1020,Backpack,Accessories,2,747.48,Chennai,Credit Card,1494.96
ORD102021,2025-10-06,CUST1021,Smartwatch,Electronics,4,1419.15,Coimbatore,Net Banking,5676.6
ORD102022,2025-10-31,CUST1022,Laptop,Electronics,1,1123.89,Coimbatore,UPI,1123.89
ORD102023,2025-06-15,CUST1023,Monitor,Electronics,1,1098.51,Coimbatore,UPI,1098.51
ORD102024,2025-11-07,CUST1024,Backpack,Accessories,5,79.07,Kochi,Debit Card,395.35
ORD102025,2025-03-09,CUST1025,Tablet,Electronics,5,829.01,Delhi,Net Banking,4145.05
ORD102026,2025-03-29,CUST1026,Keyboard,Electronics,2,705.82,Chennai,Debit Card,1411.64
ORD102027,2025-08-05,CUST1027,Laptop,Electronics,3,1392.48,Pune,Credit Card,4177.44
ORD102028,2025-01-01,CUST1028,Smartphone,Electronics,1,393.44,Pune,UPI,393.44
ORD102029,2025-05-15,CUST1029,Mouse,Electronics,2,412.05,Delhi,Debit Card,824.1
ORD102030,2025-07-04,CUST1030,Mouse,Electronics,5,622.91,Coimbatore,Debit Card,3114.55
ORD102031,2025-12-17,CUST1031,Smartwatch,Electronics,5,372.62,Kochi,UPI,1863.1
ORD102032,2025-05-20,CUST1032,Monitor,Electronics,1,202.48,Pune,Credit Card,202.48
ORD102033,2025-04-16,CUST1033,Smartwatch,Electronics,5,1287.55,Hyderabad,Debit Card,6437.75
ORD102034,2025-05-13,CUST1034,Smartphone,Electronics,5,841.83,Hyderabad,Debit Card,4209.15
ORD102035,2025-04-18,CUST1035,Headphones,Electronics,4,1293.43,Kochi,Net Banking,5173.72
ORD102036,2025-06-27,CUST1036,Monitor,Electronics,3,1248.39,Kochi,Net Banking,3745.17
ORD102037,2025-10-25,CUST1037,Shoes,Fashion,5,430.24,Chennai,UPI,2151.2
ORD102038,2025-12-24,CUST1038,Headphones,Electronics,4,826.13,Coimbatore,UPI,3304.52
ORD102039,2025-12-25,CUST1039,Monitor,Electronics,2,133.99,Delhi,Credit Card,267.98
ORD102040,2025-05-26,CUST1040,Monitor,Electronics,5,1373.73,Kochi,Credit Card,6868.65
ORD102041,2025-03-15,CUST1041,Smartphone,Electronics,2,612.35,Kochi,Debit Card,1224.7
ORD102042,2025-04-18,CUST1042,Tablet,Electronics,5,596.58,Mumbai,Net Banking,2982.9
ORD102043,2025-05-02,CUST1043,Smartphone,Electronics,1,461.11,Kochi,Credit Card,461.11
ORD102044,2025-01-17,CUST1044,Monitor,Electronics,4,696.39,Mumbai,Debit Card,2785.56
ORD102045,2025-07-15,CUST1045,Laptop,Electronics,4,385.12,Mumbai,Debit Card,1540.48
ORD102046,2025-11-23,CUST1046,Headphones,Electronics,1,568.53,Hyderabad,UPI,568.53
ORD102047,2025-11-14,CUST1047,Smartphone,Electronics,3,1201.92,Delhi,Net Banking,3605.76
ORD102048,2025-10-24,CUST1048,Tablet,Electronics,4,1253.04,Mumbai,Debit Card,5012.16
ORD102049,2025-09-09,CUST1049,Keyboard,Electronics,2,463.23,Coimbatore,UPI,926.46
ORD102050,2025-04-29,CUST1050,Smartwatch,Electronics,4,708.83,Coimbatore,Debit Card,2835.32
ORD102051,2025-06-11,CUST1051,Monitor,Electronics,3,1311.99,Mumbai,Net Banking,3935.97
ORD102052,2025-07-17,CUST1052,Shoes,Fashion,2,88.48,Bengaluru,Debit Card,176.96
ORD102053,2025-02-14,CUST1053,Keyboard,Electronics,2,1334.83,Mumbai,Debit Card,2669.66
ORD102054,2025-11-10,CUST1054,Mouse,Electronics,1,336.58,Bengaluru,Credit Card,336.58
ORD102055,2025-06-28,CUST1055,Backpack,Accessories,5,1021.02,Chennai,Credit Card,5105.1
ORD102056,2025-02-13,CUST1056,Tablet,Electronics,1,878.0,Chennai,UPI,878.0
ORD102057,2025-09-28,CUST1057,Shoes,Fashion,5,833.88,Coimbatore,Debit Card,4169.4
ORD102058,2025-03-19,CUST1058,Backpack,Accessories,1,1290.45,Delhi,UPI,1290.45
ORD102059,2025-11-22,CUST1059,Tablet,Electronics,5,161.34,Hyderabad,Net Banking,806.7
ORD102060,2025-06-27,CUST1060,Laptop,Electronics,4,527.07,Delhi,UPI,2108.28
ORD102061,2025-12-23,CUST1061,Smartwatch,Electronics,2,812.0,Coimbatore,Debit Card,1624.0
ORD102062,2025-01-03,CUST1062,Keyboard,Electronics,5,1218.82,Coimbatore,Credit Card,6094.1
ORD102063,2025-08-02,CUST1063,Headphones,Electronics,4,332.5,Delhi,Credit Card,1330.0
ORD102064,2025-12-08,CUST1064,Tablet,Electronics,3,1206.37,Hyderabad,UPI,3619.11
ORD102065,2025-03-15,CUST1065,Headphones,Electronics,1,605.46,Coimbatore,Credit Card,605.46
ORD102066,2025-02-20,CUST1066,Smartwatch,Electronics,3,291.48,Pune,Debit Card,874.44
ORD102067,2025-03-08,CUST1067,Monitor,Electronics,4,1140.89,Pune,Debit Card,4563.56
ORD102068,2025-11-28,CUST1068,Mouse,Electronics,3,145.44,Hyderabad,Net Banking,436.32
ORD102069,2025-04-03,CUST1069,Keyboard,Electronics,3,777.0,Coimbatore,Credit Card,2331.0
ORD102070,2025-06-25,CUST1070,Smartwatch,Electronics,4,105.17,Pune,Credit Card,420.68
ORD102071,2025-05-25,CUST1071,Smartwatch,Electronics,2,541.06,Chennai,Net Banking,1082.12
ORD102072,2025-01-07,CUST1072,Laptop,Electronics,5,905.6,Bengaluru,UPI,4528.0
ORD102073,2025-09-26,CUST1073,Backpack,Accessories,1,838.61,Coimbatore,Net Banking,838.61
ORD102074,2025-11-18,CUST1074,Mouse,Electronics,5,612.94,Bengaluru,Credit Card,3064.7
ORD102075,2025-01-04,CUST1075,Keyboard,Electronics,1,649.28,Mumbai,UPI,649.28
ORD102076,2025-05-18,CUST1076,Monitor,Electronics,5,347.89,Pune,Debit Card,1739.45
ORD102077,2025-08-19,CUST1077,Monitor,Electronics,3,689.27,Coimbatore,Debit Card,2067.81
ORD102078,2025-03-29,CUST1078,Smartphone,Electronics,2,1430.35,Chennai,Net Banking,2860.7
ORD102079,2025-01-17,CUST1079,Smartwatch,Electronics,3,1277.17,Hyderabad,Debit Card,3831.51
ORD102080,2025-02-21,CUST1080,Tablet,Electronics,2,226.4,Chennai,Credit Card,452.8
ORD102081,2025-05-14,CUST1081,Laptop,Electronics,4,54.37,Bengaluru,Net Banking,217.48
ORD102082,2025-07-30,CUST1082,Mouse,Electronics,1,1400.95,Hyderabad,Credit Card,1400.95
ORD102083,2025-11-21,CUST1083,Monitor,Electronics,1,794.86,Chennai,Credit Card,794.86
ORD102084,2025-08-07,CUST1084,Keyboard,Electronics,4,811.38,Chennai,UPI,3245.52
ORD102085,2025-07-24,CUST1085,Smartphone,Electronics,5,1173.27,Chennai,UPI,5866.35
ORD102086,2025-07-30,CUST1086,Keyboard,Electronics,4,478.89,Delhi,UPI,1915.56
ORD102087,2025-10-04,CUST1087,Laptop,Electronics,4,728.04,Kochi,Debit Card,2912.16
ORD102088,2025-01-24,CUST1088,Tablet,Electronics,2,1453.31,Hyderabad,UPI,2906.62
ORD102089,2025-01-04,CUST1089,Smartphone,Electronics,4,1011.5,Chennai,Credit Card,4046.0
ORD102090,2025-06-01,CUST1090,Smartphone,Electronics,1,239.08,Kochi,Net Banking,239.08
ORD102091,2025-09-16,CUST1091,Backpack,Accessories,3,208.51,Pune,Net Banking,625.53
ORD102092,2025-11-20,CUST1092,Mouse,Electronics,2,314.35,Pune,Credit Card,628.7
ORD102093,2025-12-23,CUST1093,Smartphone,Electronics,2,1152.4,Chennai,Debit Card,2304.8
ORD102094,2025-06-17,CUST1094,Backpack,Accessories,5,450.11,Bengaluru,Net Banking,2250.55
ORD102095,2025-06-25,CUST1095,Backpack,Accessories,3,41.87,Chennai,Credit Card,125.61
ORD102096,2025-11-06,CUST1096,Laptop,Electronics,2,1416.82,Pune,Credit Card,2833.64
ORD102097,2025-10-18,CUST1097,Headphones,Electronics,4,262.87,Chennai,Credit Card,1051.48
ORD102098,2025-02-25,CUST1098,Keyboard,Electronics,2,24.24,Mumbai,Net Banking,48.48
ORD102099,2025-04-18,CUST1099,Tablet,Electronics,2,363.33,Kochi,Net Banking,726.66
ORD102100,2025-10-23,CUST1100,Shoes,Fashion,2,360.19,Hyderabad,UPI,720.38
ORD102101,2025-11-20,CUST1101,Keyboard,Electronics,5,638.79,Mumbai,UPI,3193.95
ORD102102,2025-10-29,CUST1102,Smartphone,Electronics,2,1381.38,Kochi,Credit Card,2762.76
ORD102103,2025-11-30,CUST1103,Tablet,Electronics,2,1319.99,Kochi,Credit Card,2639.98
ORD102104,2025-05-21,CUST1104,Monitor,Electronics,5,690.77,Delhi,Credit Card,3453.85
ORD102105,2025-06-04,CUST1105,Headphones,Electronics,3,622.24,Bengaluru,Credit Card,1866.72
ORD102106,2025-09-19,CUST1106,Monitor,Electronics,1,836.96,Kochi,Net Banking,836.96
ORD102107,2025-09-30,CUST1107,Monitor,Electronics,5,372.75,Mumbai,UPI,1863.75
ORD102108,2025-08-20,CUST1108,Mouse,Electronics,5,87.76,Delhi,Debit Card,438.8
ORD102109,2025-08-29,CUST1109,Keyboard,Electronics,2,1409.44,Coimbatore,Credit Card,2818.88
ORD102110,2025-12-21,CUST1110,Shoes,Fashion,2,288.18,Hyderabad,UPI,576.36
ORD102111,2025-12-03,CUST1111,Laptop,Electronics,1,305.62,Chennai,Credit Card,305.62
ORD102112,2025-09-15,CUST1112,Shoes,Fashion,2,713.97,Mumbai,Net Banking,1427.94
ORD102113,2025-09-06,CUST1113,Monitor,Electronics,4,742.5,Mumbai,Debit Card,2970.0
ORD102114,2025-03-18,CUST1114,Smartphone,Electronics,2,37.47,Chennai,UPI,74.94
ORD102115,2025-06-29,CUST1115,Headphones,Electronics,2,230.45,Chennai,UPI,460.9
ORD102116,2025-03-07,CUST1116,Smartwatch,Electronics,4,573.45,Bengaluru,Debit Card,2293.8
ORD102117,2025-11-04,CUST1117,Shoes,Fashion,1,1028.76,Mumbai,Net Banking,1028.76
ORD102118,2025-12-14,CUST1118,Monitor,Electronics,4,350.34,Mumbai,Debit Card,1401.36
ORD102119,2025-06-20,CUST1119,Headphones,Electronics,5,640.29,Pune,UPI,3201.45
ORD102120,2025-01-22,CUST1120,Tablet,Electronics,4,840.44,Kochi,Debit Card,3361.76
ORD102121,2025-04-17,CUST1121,Keyboard,Electronics,3,1334.0,Coimbatore,Net Banking,4002.0
ORD102122,2025-11-19,CUST1122,Backpack,Accessories,5,495.85,Pune,Net Banking,2479.25
ORD102123,2025-08-15,CUST1123,Mouse,Electronics,2,209.0,Delhi,Credit Card,418.0
ORD102124,2025-08-04,CUST1124,Headphones,Electronics,5,739.02,Coimbatore,Debit Card,3695.1
ORD102125,2025-03-10,CUST1125,Smartphone,Electronics,1,1122.62,Pune,Debit Card,1122.62
ORD102126,2025-03-25,CUST1126,Smartphone,Electronics,1,173.69,Mumbai,UPI,173.69
ORD102127,2025-04-13,CUST1127,Headphones,Electronics,4,642.78,Coimbatore,Net Banking,2571.12
ORD102128,2025-02-08,CUST1128,Smartphone,Electronics,5,36.5,Mumbai,Debit Card,182.5
ORD102129,2025-01-13,CUST1129,Keyboard,Electronics,2,60.0,Hyderabad,UPI,120.0
ORD102130,2025-10-24,CUST1130,Smartphone,Electronics,1,729.6,Bengaluru,Credit Card,729.6
ORD102131,2025-11-09,CUST1131,Shoes,Fashion,2,454.31,Coimbatore,Debit Card,908.62
ORD102132,2025-06-30,CUST1132,Backpack,Accessories,3,1269.21,Mumbai,Debit Card,3807.63
ORD102133,2025-09-25,CUST1133,Smartphone,Electronics,1,907.21,Coimbatore,UPI,907.21
ORD102134,2025-01-13,CUST1134,Backpack,Accessories,4,686.36,Kochi,UPI,2745.44
ORD102135,2025-04-30,CUST1135,Monitor,Electronics,3,617.82,Kochi,Net Banking,1853.46
ORD102136,2025-12-19,CUST1136,Laptop,Electronics,5,750.9,Delhi,Net Banking,3754.5
ORD102137,2025-02-26,CUST1137,Keyboard,Electronics,2,70.25,Bengaluru,Net Banking,140.5
ORD102138,2025-02-09,CUST1138,Laptop,Electronics,1,1340.26,Hyderabad,Debit Card,1340.26
ORD102139,2025-12-02,CUST1139,Monitor,Electronics,3,1497.47,Chennai,UPI,4492.41
ORD102140,2025-05-08,CUST1140,Keyboard,Electronics,3,280.42,Kochi,Net Banking,841.26
ORD102141,2025-06-22,CUST1141,Headphones,Electronics,1,189.37,Chennai,Debit Card,189.37
ORD102142,2025-02-04,CUST1142,Headphones,Electronics,5,223.93,Coimbatore,Net Banking,1119.65
ORD102143,2025-09-16,CUST1143,Backpack,Accessories,5,994.93,Mumbai,Credit Card,4974.65
ORD102144,2025-01-05,CUST1144,Monitor,Electronics,4,995.55,Delhi,Debit Card,3982.2
ORD102145,2025-08-06,CUST1145,Backpack,Accessories,5,1273.41,Kochi,Net Banking,6367.05
ORD102146,2025-01-11,CUST1146,Mouse,Electronics,4,1130.22,Bengaluru,Net Banking,4520.88
ORD102147,2025-11-23,CUST1147,Smartphone,Electronics,3,680.04,Hyderabad,Credit Card,2040.12
ORD102148,2025-04-27,CUST1148,Smartwatch,Electronics,1,923.15,Hyderabad,Credit Card,923.15
ORD102149,2025-07-03,CUST1149,Mouse,Electronics,5,1035.54,Kochi,Net Banking,5177.7
ORD102150,2025-12-28,CUST1150,Smartphone,Electronics,4,773.98,Kochi,Net Banking,3095.92
ORD102151,2025-04-26,CUST1151,Keyboard,Electronics,3,718.72,Pune,UPI,2156.16
ORD102152,2025-06-11,CUST1152,Backpack,Accessories,5,971.2,Hyderabad,Net Banking,4856.0
ORD102153,2025-03-08,CUST1153,Keyboard,Electronics,2,840.64,Chennai,Net Banking,1681.28
ORD102154,2025-07-19,CUST1154,Keyboard,Electronics,3,969.47,Bengaluru,UPI,2908.41
ORD102155,2025-01-31,CUST1155,Smartphone,Electronics,5,923.15,Pune,UPI,4615.75
ORD102156,2025-03-16,CUST1156,Monitor,Electronics,3,1081.6,Chennai,Net Banking,3244.8
ORD102157,2025-08-25,CUST1157,Smartphone,Electronics,1,967.78,Coimbatore,UPI,967.78
ORD102158,2025-11-23,CUST1158,Tablet,Electronics,1,784.42,Hyderabad,Debit Card,784.42
ORD102159,2025-03-07,CUST1159,Headphones,Electronics,1,1025.88,Bengaluru,Credit Card,1025.88
ORD102160,2025-03-11,CUST1160,Headphones,Electronics,2,679.73,Kochi,Debit Card,1359.46
ORD102161,2025-10-24,CUST1161,Mouse,Electronics,1,370.09,Hyderabad,Credit Card,370.09
ORD102162,2025-01-20,CUST1162,Headphones,Electronics,2,12.11,Chennai,Credit Card,24.22
ORD102163,2025-08-14,CUST1163,Smartphone,Electronics,1,844.35,Chennai,Net Banking,844.35
ORD102164,2025-07-18,CUST1164,Shoes,Fashion,3,890.08,Chennai,Credit Card,2670.24
ORD102165,2025-02-08,CUST1165,Backpack,Accessories,5,1458.35,Hyderabad,Debit Card,7291.75
ORD102166,2025-05-25,CUST1166,Smartphone,Electronics,5,548.6,Bengaluru,Net Banking,2743.0
ORD102167,2025-02-14,CUST1167,Smartphone,Electronics,1,597.26,Bengaluru,UPI,597.26
ORD102168,2025-11-22,CUST1168,Smartwatch,Electronics,5,310.68,Coimbatore,Debit Card,1553.4
ORD102169,2025-04-01,CUST1169,Backpack,Accessories,1,115.1,Hyderabad,Net Banking,115.1
ORD102170,2025-08-26,CUST1170,Tablet,Electronics,1,1161.48,Coimbatore,Credit Card,1161.48
ORD102171,2025-03-11,CUST1171,Headphones,Electronics,4,382.02,Delhi,Debit Card,1528.08
ORD102172,2025-06-15,CUST1172,Backpack,Accessories,4,917.27,Coimbatore,Credit Card,3669.08
ORD102173,2025-05-10,CUST1173,Headphones,Electronics,4,1034.78,Coimbatore,Net Banking,4139.12
ORD102174,2025-08-02,CUST1174,Mouse,Electronics,2,712.14,Coimbatore,Net Banking,1424.28
ORD102175,2025-12-06,CUST1175,Backpack,Accessories,4,1315.76,Kochi,UPI,5263.04
ORD102176,2025-03-30,CUST1176,Headphones,Electronics,1,671.25,Chennai,UPI,671.25
ORD102177,2025-12-01,CUST1177,Tablet,Electronics,3,434.51,Delhi,Debit Card,1303.53
ORD102178,2025-09-09,CUST1178,Laptop,Electronics,4,1345.06,Pune,UPI,5380.24
ORD102179,2025-12-15,CUST1179,Keyboard,Electronics,4,1293.73,Kochi,Credit Card,5174.92
ORD102180,2025-03-13,CUST1180,Keyboard,Electronics,3,254.42,Coimbatore,Credit Card,763.26
ORD102181,2025-06-14,CUST1181,Tablet,Electronics,1,48.68,Bengaluru,UPI,48.68
ORD102182,2025-02-18,CUST1182,Smartwatch,Electronics,2,144.08,Coimbatore,UPI,288.16
ORD102183,2025-02-21,CUST1183,Laptop,Electronics,4,436.96,Chennai,UPI,1747.84
ORD102184,2025-10-16,CUST1184,Mouse,Electronics,3,1458.67,Kochi,Debit Card,4376.01
ORD102185,2025-10-05,CUST1185,Tablet,Electronics,1,842.19,Mumbai,Debit Card,842.19
ORD102186,2025-04-24,CUST1186,Keyboard,Electronics,5,566.16,Pune,Credit Card,2830.8
ORD102187,2025-08-27,CUST1187,Keyboard,Electronics,2,1334.19,Delhi,Debit Card,2668.38
ORD102188,2025-05-13,CUST1188,Keyboard,Electronics,3,685.17,Mumbai,Debit Card,2055.51
ORD102189,2025-10-01,CUST1189,Monitor,Electronics,3,479.71,Mumbai,Net Banking,1439.13
ORD102190,2025-06-15,CUST1190,Tablet,Electronics,3,1412.42,Delhi,Credit Card,4237.26
ORD102191,2025-10-20,CUST1191,Smartphone,Electronics,4,1275.78,Hyderabad,Credit Card,5103.12
ORD102192,2025-08-31,CUST1192,Mouse,Electronics,5,1267.07,Pune,UPI,6335.35
ORD102193,2025-11-16,CUST1193,Keyboard,Electronics,2,773.3,Kochi,Net Banking,1546.6
ORD102194,2025-05-18,CUST1194,Headphones,Electronics,1,1186.26,Pune,UPI,1186.26
ORD102195,2025-03-20,CUST1195,Tablet,Electronics,1,277.24,Bengaluru,Debit Card,277.24
ORD102196,2025-06-19,CUST1196,Monitor,Electronics,5,864.1,Chennai,Credit Card,4320.5
ORD102197,2025-05-03,CUST1197,Tablet,Electronics,3,1475.93,Delhi,Debit Card,4427.79
ORD102198,2025-06-25,CUST1198,Mouse,Electronics,3,443.53,Kochi,Debit Card,1330.59
ORD102199,2025-10-27,CUST1199,Monitor,Electronics,3,1193.58,Mumbai,Net Banking,3580.74
ORD102200,2025-03-23,CUST1200,Mouse,Electronics,3,740.81,Chennai,Net Banking,2222.43
ORD102201,2025-03-28,CUST1201,Tablet,Electronics,3,69.31,Chennai,Credit Card,207.93
ORD102202,2025-08-13,CUST1202,Smartphone,Electronics,5,1146.9,Hyderabad,Credit Card,5734.5
ORD102203,2025-01-16,CUST1203,Mouse,Electronics,4,261.17,Mumbai,Net Banking,1044.68
ORD102204,2025-11-06,CUST1204,Monitor,Electronics,2,950.9,Coimbatore,Net Banking,1901.8
ORD102205,2025-12-24,CUST1205,Monitor,Electronics,3,137.64,Chennai,Net Banking,412.92
ORD102206,2025-06-12,CUST1206,Mouse,Electronics,4,1420.83,Mumbai,Net Banking,5683.32
ORD102207,2025-04-08,CUST1207,Shoes,Fashion,1,444.67,Pune,Credit Card,444.67
ORD102208,2025-06-05,CUST1208,Tablet,Electronics,5,347.43,Chennai,Credit Card,1737.15
ORD102209,2025-01-02,CUST1209,Shoes,Fashion,4,202.41,Hyderabad,Debit Card,809.64
ORD102210,2025-12-16,CUST1210,Smartwatch,Electronics,3,1419.54,Hyderabad,Debit Card,4258.62
ORD102211,2025-06-18,CUST1211,Tablet,Electronics,3,1070.74,Coimbatore,Debit Card,3212.22
ORD102212,2025-11-11,CUST1212,Mouse,Electronics,3,1115.07,Hyderabad,Credit Card,3345.21
ORD102213,2025-11-21,CUST1213,Laptop,Electronics,4,754.11,Kochi,UPI,3016.44
ORD102214,2025-04-02,CUST1214,Mouse,Electronics,3,717.34,Mumbai,Debit Card,2152.02
ORD102215,2025-06-30,CUST1215,Shoes,Fashion,4,173.93,Delhi,UPI,695.72
ORD102216,2025-08-19,CUST1216,Smartphone,Electronics,3,844.16,Hyderabad,UPI,2532.48
ORD102217,2025-10-28,CUST1217,Mouse,Electronics,1,377.91,Delhi,UPI,377.91
ORD102218,2025-05-28,CUST1218,Mouse,Electronics,1,1465.95,Coimbatore,Net Banking,1465.95
ORD102219,2025-10-07,CUST1219,Smartphone,Electronics,2,1196.91,Pune,Credit Card,2393.82
ORD102220,2025-07-08,CUST1220,Mouse,Electronics,3,625.36,Bengaluru,Credit Card,1876.08
ORD102221,2025-12-13,CUST1221,Keyboard,Electronics,3,235.5,Chennai,Debit Card,706.5
ORD102222,2025-12-16,CUST1222,Laptop,Electronics,4,1180.14,Kochi,Debit Card,4720.56
ORD102223,2025-11-10,CUST1223,Headphones,Electronics,4,191.86,Chennai,Credit Card,767.44
ORD102224,2025-05-08,CUST1224,Laptop,Electronics,3,292.11,Mumbai,Net Banking,876.33
ORD102225,2025-01-07,CUST1225,Mouse,Electronics,2,325.17,Coimbatore,Credit Card,650.34
ORD102226,2025-02-16,CUST1226,Keyboard,Electronics,3,839.77,Coimbatore,UPI,2519.31
ORD102227,2025-02-22,CUST1227,Tablet,Electronics,4,1182.71,Coimbatore,Credit Card,4730.84
ORD102228,2025-07-06,CUST1228,Mouse,Electronics,3,478.33,Chennai,Net Banking,1434.99
ORD102229,2025-02-07,CUST1229,Shoes,Fashion,4,136.16,Hyderabad,Credit Card,544.64
ORD102230,2025-08-14,CUST1230,Keyboard,Electronics,3,702.16,Chennai,Credit Card,2106.48
ORD102231,2025-02-22,CUST1231,Smartphone,Electronics,5,1124.68,Chennai,Credit Card,5623.4
ORD102232,2025-08-12,CUST1232,Keyboard,Electronics,4,340.28,Chennai,UPI,1361.12
ORD102233,2025-06-03,CUST1233,Smartphone,Electronics,2,337.69,Pune,Debit Card,675.38
ORD102234,2025-02-17,CUST1234,Smartwatch,Electronics,5,1421.37,Pune,Net Banking,7106.85
ORD102235,2025-12-17,CUST1235,Headphones,Electronics,3,1431.69,Hyderabad,UPI,4295.07
ORD102236,2025-05-27,CUST1236,Backpack,Accessories,4,1485.79,Bengaluru,Credit Card,5943.16
ORD102237,2025-03-05,CUST1237,Keyboard,Electronics,5,1213.41,Mumbai,Credit Card,6067.05
ORD102238,2025-12-15,CUST1238,Monitor,Electronics,2,290.39,Bengaluru,Debit Card,580.78
ORD102239,2025-07-01,CUST1239,Shoes,Fashion,4,325.85,Bengaluru,Debit Card,1303.4
ORD102240,2025-05-05,CUST1240,Mouse,Electronics,5,516.94,Chennai,Debit Card,2584.7
ORD102241,2025-06-28,CUST1241,Shoes,Fashion,5,484.02,Kochi,UPI,2420.1
ORD102242,2025-02-08,CUST1242,Laptop,Electronics,5,1435.23,Bengaluru,Net Banking,7176.15
ORD102243,2025-09-17,CUST1243,Backpack,Accessories,1,1185.72,Chennai,Debit Card,1185.72
ORD102244,2025-01-03,CUST1244,Laptop,Electronics,3,1088.77,Chennai,Credit Card,3266.31
ORD102245,2025-03-05,CUST1245,Smartwatch,Electronics,4,287.09,Mumbai,Net Banking,1148.36
ORD102246,2025-01-29,CUST1246,Backpack,Accessories,4,1365.19,Coimbatore,Credit Card,5460.76
ORD102247,2025-01-11,CUST1247,Backpack,Accessories,4,1243.53,Chennai,Credit Card,4974.12
ORD102248,2025-04-07,CUST1248,Laptop,Electronics,5,253.83,Pune,Net Banking,1269.15
ORD102249,2025-12-24,CUST1249,Smartphone,Electronics,3,1308.04,Bengaluru,UPI,3924.12
ORD102250,2025-07-22,CUST1250,Laptop,Electronics,2,415.65,Mumbai,Net Banking,831.3
ORD102251,2025-01-21,CUST1251,Shoes,Fashion,4,130.5,Delhi,Debit Card,522.0
ORD102252,2025-02-08,CUST1252,Smartphone,Electronics,3,988.67,Delhi,Net Banking,2966.01
ORD102253,2025-08-11,CUST1253,Shoes,Fashion,3,984.17,Delhi,Debit Card,2952.51
ORD102254,2025-04-12,CUST1254,Smartwatch,Electronics,1,151.45,Bengaluru,Debit Card,151.45
ORD102255,2025-02-15,CUST1255,Mouse,Electronics,4,485.09,Coimbatore,Net Banking,1940.36
ORD102256,2025-03-07,CUST1256,Tablet,Electronics,5,1489.29,Hyderabad,Net Banking,7446.45
ORD102257,2025-04-01,CUST1257,Smartphone,Electronics,3,1020.86,Kochi,Debit Card,3062.58
ORD102258,2025-06-13,CUST1258,Smartwatch,Electronics,3,1097.81,Coimbatore,Credit Card,3293.43
ORD102259,2025-04-21,CUST1259,Monitor,Electronics,2,327.25,Kochi,Net Banking,654.5
ORD102260,2025-12-04,CUST1260,Smartwatch,Electronics,1,127.39,Mumbai,UPI,127.39
ORD102261,2025-05-03,CUST1261,Laptop,Electronics,3,422.58,Coimbatore,Debit Card,1267.74
ORD102262,2025-07-12,CUST1262,Laptop,Electronics,3,380.86,Delhi,Credit Card,1142.58
ORD102263,2025-04-09,CUST1263,Tablet,Electronics,5,359.47,Coimbatore,Net Banking,1797.35
ORD102264,2025-10-18,CUST1264,Smartwatch,Electronics,5,297.2,Mumbai,Net Banking,1486.0
ORD102265,2025-06-08,CUST1265,Headphones,Electronics,2,866.39,Mumbai,Credit Card,1732.78
ORD102266,2025-04-13,CUST1266,Mouse,Electronics,2,498.87,Delhi,UPI,997.74
ORD102267,2025-10-08,CUST1267,Laptop,Electronics,2,1232.31,Pune,Debit Card,2464.62
ORD102268,2025-02-12,CUST1268,Tablet,Electronics,5,284.08,Bengaluru,Net Banking,1420.4
ORD102269,2025-03-25,CUST1269,Mouse,Electronics,5,702.29,Kochi,UPI,3511.45
ORD102270,2025-07-10,CUST1270,Smartwatch,Electronics,1,30.35,Chennai,Debit Card,30.35
ORD102271,2025-02-20,CUST1271,Smartwatch,Electronics,4,727.71,Hyderabad,UPI,2910.84
ORD102272,2025-07-29,CUST1272,Backpack,Accessories,4,93.2,Hyderabad,Debit Card,372.8
ORD102273,2025-05-06,CUST1273,Tablet,Electronics,1,1466.81,Delhi,Debit Card,1466.81
ORD102274,2025-03-10,CUST1274,Laptop,Electronics,4,1187.98,Pune,UPI,4751.92
ORD102275,2025-09-22,CUST1275,Headphones,Electronics,5,740.27,Hyderabad,Debit Card,3701.35
ORD102276,2025-09-15,CUST1276,Smartwatch,Electronics,4,139.02,Coimbatore,Net Banking,556.08
ORD102277,2025-07-07,CUST1277,Headphones,Electronics,5,892.74,Mumbai,Net Banking,4463.7
ORD102278,2025-08-18,CUST1278,Smartwatch,Electronics,1,1140.56,Kochi,UPI,1140.56
ORD102279,2025-07-08,CUST1279,Laptop,Electronics,2,294.17,Pune,UPI,588.34
ORD102280,2025-01-10,CUST1280,Mouse,Electronics,1,856.63,Mumbai,Debit Card,856.63
ORD102281,2025-04-24,CUST1281,Keyboard,Electronics,4,1223.17,Delhi,Debit Card,4892.68
ORD102282,2025-03-17,CUST1282,Mouse,Electronics,5,1154.69,Mumbai,UPI,5773.45
ORD102283,2025-06-13,CUST1283,Smartwatch,Electronics,4,1206.46,Kochi,Credit Card,4825.84
ORD102284,2025-03-26,CUST1284,Shoes,Fashion,4,1320.19,Chennai,UPI,5280.76
ORD102285,2025-02-18,CUST1285,Keyboard,Electronics,2,1407.15,Mumbai,Credit Card,2814.3
ORD102286,2025-11-22,CUST1286,Keyboard,Electronics,4,614.23,Mumbai,Credit Card,2456.92
ORD102287,2025-06-26,CUST1287,Headphones,Electronics,2,857.47,Pune,UPI,1714.94
ORD102288,2025-08-06,CUST1288,Tablet,Electronics,5,1188.08,Kochi,UPI,5940.4
ORD102289,2025-07-08,CUST1289,Headphones,Electronics,5,1048.74,Coimbatore,UPI,5243.7
ORD102290,2025-12-12,CUST1290,Headphones,Electronics,2,1493.33,Bengaluru,Credit Card,2986.66
ORD102291,2025-08-18,CUST1291,Shoes,Fashion,1,30.38,Hyderabad,Net Banking,30.38
ORD102292,2025-09-12,CUST1292,Mouse,Electronics,5,539.15,Coimbatore,Net Banking,2695.75
ORD102293,2025-08-24,CUST1293,Mouse,Electronics,1,428.73,Coimbatore,UPI,428.73
ORD102294,2025-01-26,CUST1294,Monitor,Electronics,5,400.85,Coimbatore,UPI,2004.25
ORD102295,2025-03-13,CUST1295,Smartwatch,Electronics,5,341.57,Hyderabad,Debit Card,1707.85
ORD102296,2025-09-18,CUST1296,Shoes,Fashion,3,1066.59,Delhi,Debit Card,3199.77
ORD102297,2025-09-11,CUST1297,Monitor,Electronics,4,136.29,Coimbatore,Debit Card,545.16
ORD102298,2025-09-28,CUST1298,Laptop,Electronics,4,1115.0,Bengaluru,UPI,4460.0
ORD102299,2025-05-03,CUST1299,Smartwatch,Electronics,1,1043.2,Delhi,Net Banking,1043.2
ORD102300,2025-05-24,CUST1300,Smartwatch,Electronics,4,383.7,Mumbai,Net Banking,1534.8
ORD102301,2025-09-14,CUST1301,Backpack,Accessories,1,386.72,Bengaluru,UPI,386.72
ORD102302,2025-05-24,CUST1302,Backpack,Accessories,5,947.0,Pune,UPI,4735.0
ORD102303,2025-09-16,CUST1303,Smartphone,Electronics,3,1145.63,Kochi,Credit Card,3436.89
ORD102304,2025-02-16,CUST1304,Smartphone,Electronics,3,1315.96,Delhi,Credit Card,3947.88
ORD102305,2025-12-17,CUST1305,Headphones,Electronics,5,1279.69,Mumbai,Net Banking,6398.45
ORD102306,2025-01-13,CUST1306,Laptop,Electronics,2,1447.68,Mumbai,Debit Card,2895.36
ORD102307,2025-07-27,CUST1307,Keyboard,Electronics,2,876.26,Coimbatore,Net Banking,1752.52
ORD102308,2025-11-07,CUST1308,Keyboard,Electronics,4,1363.9,Coimbatore,Credit Card,5455.6
ORD102309,2025-08-23,CUST1309,Backpack,Accessories,1,1214.68,Hyderabad,Net Banking,1214.68
ORD102310,2025-05-29,CUST1310,Backpack,Accessories,3,1343.05,Chennai,Credit Card,4029.15
ORD102311,2025-11-18,CUST1311,Backpack,Accessories,4,27.32,Bengaluru,Credit Card,109.28
ORD102312,2025-06-04,CUST1312,Shoes,Fashion,5,1449.2,Hyderabad,Debit Card,7246.0
ORD102313,2025-06-15,CUST1313,Tablet,Electronics,3,715.56,Hyderabad,Debit Card,2146.68
ORD102314,2025-03-31,CUST1314,Smartphone,Electronics,1,1199.29,Bengaluru,Credit Card,1199.29
ORD102315,2025-07-05,CUST1315,Shoes,Fashion,1,199.53,Kochi,UPI,199.53
ORD102316,2025-11-14,CUST1316,Mouse,Electronics,2,599.95,Delhi,Debit Card,1199.9
ORD102317,2025-12-24,CUST1317,Keyboard,Electronics,4,414.48,Pune,Credit Card,1657.92
ORD102318,2025-06-23,CUST1318,Smartwatch,Electronics,5,444.57,Bengaluru,UPI,2222.85
ORD102319,2025-08-05,CUST1319,Smartphone,Electronics,3,193.65,Mumbai,UPI,580.95
ORD102320,2025-09-21,CUST1320,Monitor,Electronics,1,1210.59,Pune,Net Banking,1210.59
ORD102321,2025-04-07,CUST1321,Mouse,Electronics,3,23.77,Kochi,Net Banking,71.31
ORD102322,2025-04-27,CUST1322,Smartphone,Electronics,5,475.63,Chennai,Debit Card,2378.15
ORD102323,2025-07-18,CUST1323,Shoes,Fashion,3,269.87,Kochi,UPI,809.61
ORD102324,2025-11-16,CUST1324,Laptop,Electronics,4,887.67,Delhi,Debit Card,3550.68
ORD102325,2025-01-21,CUST1325,Smartwatch,Electronics,2,388.84,Coimbatore,Credit Card,777.68
ORD102326,2025-07-19,CUST1326,Smartphone,Electronics,3,395.91,Chennai,Debit Card,1187.73
ORD102327,2025-12-07,CUST1327,Tablet,Electronics,2,737.62,Chennai,UPI,1475.24
ORD102328,2025-09-05,CUST1328,Backpack,Accessories,5,982.51,Kochi,Net Banking,4912.55
ORD102329,2025-10-03,CUST1329,Backpack,Accessories,2,190.74,Coimbatore,Debit Card,381.48
ORD102330,2025-09-21,CUST1330,Smartwatch,Electronics,3,271.51,Chennai,Net Banking,814.53
ORD102331,2025-02-27,CUST1331,Shoes,Fashion,3,378.29,Delhi,Debit Card,1134.87
ORD102332,2025-10-29,CUST1332,Backpack,Accessories,1,1460.88,Delhi,Credit Card,1460.88
ORD102333,2025-01-31,CUST1333,Smartphone,Electronics,3,601.76,Delhi,UPI,1805.28
ORD102334,2025-09-06,CUST1334,Monitor,Electronics,2,902.5,Hyderabad,Debit Card,1805.0
ORD102335,2025-04-03,CUST1335,Keyboard,Electronics,1,369.9,Hyderabad,Credit Card,369.9
ORD102336,2025-09-22,CUST1336,Keyboard,Electronics,3,740.78,Delhi,Credit Card,2222.34
ORD102337,2025-09-28,CUST1337,Mouse,Electronics,3,120.44,Coimbatore,Credit Card,361.32
ORD102338,2025-04-04,CUST1338,Headphones,Electronics,5,61.77,Coimbatore,Net Banking,308.85
ORD102339,2025-06-03,CUST1339,Laptop,Electronics,1,708.41,Bengaluru,Net Banking,708.41
ORD102340,2025-10-12,CUST1340,Smartwatch,Electronics,5,604.0,Bengaluru,Credit Card,3020.0
ORD102341,2025-03-21,CUST1341,Mouse,Electronics,5,213.95,Kochi,Credit Card,1069.75
ORD102342,2025-10-19,CUST1342,Headphones,Electronics,5,1034.53,Delhi,Debit Card,5172.65
ORD102343,2025-03-25,CUST1343,Shoes,Fashion,4,1489.43,Pune,Debit Card,5957.72
ORD102344,2025-12-31,CUST1344,Tablet,Electronics,5,599.51,Chennai,UPI,2997.55
ORD102345,2025-02-06,CUST1345,Tablet,Electronics,2,940.59,Chennai,Debit Card,1881.18
ORD102346,2025-12-08,CUST1346,Laptop,Electronics,3,1444.83,Coimbatore,UPI,4334.49
ORD102347,2025-11-23,CUST1347,Backpack,Accessories,4,1248.99,Pune,UPI,4995.96
ORD102348,2025-08-20,CUST1348,Smartphone,Electronics,5,700.69,Chennai,UPI,3503.45
ORD102349,2025-04-03,CUST1349,Mouse,Electronics,3,1108.86,Kochi,Net Banking,3326.58
ORD102350,2025-12-02,CUST1350,Mouse,Electronics,1,200.92,Mumbai,Debit Card,200.92
ORD102351,2025-04-12,CUST1351,Smartwatch,Electronics,1,773.03,Hyderabad,Credit Card,773.03
ORD102352,2025-06-15,CUST1352,Smartwatch,Electronics,3,425.8,Chennai,UPI,1277.4
ORD102353,2025-06-08,CUST1353,Tablet,Electronics,2,250.13,Chennai,Credit Card,500.26
ORD102354,2025-01-14,CUST1354,Tablet,Electronics,3,645.16,Bengaluru,UPI,1935.48
ORD102355,2025-08-13,CUST1355,Monitor,Electronics,3,205.21,Mumbai,Debit Card,615.63
ORD102356,2025-03-14,CUST1356,Monitor,Electronics,4,1051.49,Chennai,UPI,4205.96
ORD102357,2025-09-06,CUST1357,Backpack,Accessories,1,689.8,Hyderabad,Debit Card,689.8
ORD102358,2025-04-01,CUST1358,Monitor,Electronics,1,801.41,Kochi,Credit Card,801.41
ORD102359,2025-08-04,CUST1359,Smartphone,Electronics,5,228.1,Chennai,Debit Card,1140.5
ORD102360,2025-03-31,CUST1360,Smartphone,Electronics,3,218.26,Coimbatore,Credit Card,654.78
ORD102361,2025-01-29,CUST1361,Mouse,Electronics,3,879.29,Mumbai,Debit Card,2637.87
ORD102362,2025-11-01,CUST1362,Keyboard,Electronics,2,1477.66,Chennai,UPI,2955.32
ORD102363,2025-08-08,CUST1363,Smartphone,Electronics,1,153.41,Pune,UPI,153.41
ORD102364,2025-11-24,CUST1364,Headphones,Electronics,2,435.74,Mumbai,Debit Card,871.48
ORD102365,2025-08-03,CUST1365,Tablet,Electronics,4,1305.49,Chennai,Credit Card,5221.96
ORD102366,2025-08-09,CUST1366,Smartwatch,Electronics,5,117.69,Hyderabad,Credit Card,588.45
ORD102367,2025-02-11,CUST1367,Monitor,Electronics,2,1315.07,Kochi,Credit Card,2630.14
ORD102368,2025-05-15,CUST1368,Mouse,Electronics,1,791.19,Kochi,Debit Card,791.19
ORD102369,2025-02-11,CUST1369,Laptop,Electronics,4,618.32,Hyderabad,Debit Card,2473.28
ORD102370,2025-06-13,CUST1370,Smartwatch,Electronics,3,471.42,Mumbai,Debit Card,1414.26
ORD102371,2025-12-27,CUST1371,Headphones,Electronics,4,452.7,Delhi,Debit Card,1810.8
ORD102372,2025-10-10,CUST1372,Monitor,Electronics,2,465.65,Bengaluru,Credit Card,931.3
ORD102373,2025-02-27,CUST1373,Headphones,Electronics,1,1328.36,Bengaluru,Credit Card,1328.36
ORD102374,2025-10-29,CUST1374,Tablet,Electronics,2,1088.45,Coimbatore,Net Banking,2176.9
ORD102375,2025-11-18,CUST1375,Tablet,Electronics,3,1007.89,Delhi,Debit Card,3023.67
ORD102376,2025-01-25,CUST1376,Backpack,Accessories,3,1200.14,Bengaluru,Net Banking,3600.42
ORD102377,2025-03-14,CUST1377,Mouse,Electronics,1,393.1,Mumbai,Debit Card,393.1
ORD102378,2025-05-09,CUST1378,Smartwatch,Electronics,5,930.88,Bengaluru,Net Banking,4654.4
ORD102379,2025-03-28,CUST1379,Shoes,Fashion,4,695.5,Coimbatore,Credit Card,2782.0
ORD102380,2025-11-26,CUST1380,Shoes,Fashion,4,1175.84,Chennai,Credit Card,4703.36
ORD102381,2025-06-02,CUST1381,Smartwatch,Electronics,3,470.79,Bengaluru,Net Banking,1412.37
ORD102382,2025-07-01,CUST1382,Laptop,Electronics,2,968.34,Mumbai,UPI,1936.68
ORD102383,2025-05-05,CUST1383,Mouse,Electronics,2,1324.5,Mumbai,Debit Card,2649.0
ORD102384,2025-03-08,CUST1384,Headphones,Electronics,5,609.2,Coimbatore,Net Banking,3046.0
ORD102385,2025-01-06,CUST1385,Laptop,Electronics,2,109.27,Kochi,Net Banking,218.54
ORD102386,2025-05-05,CUST1386,Keyboard,Electronics,4,778.92,Pune,UPI,3115.68
ORD102387,2025-11-10,CUST1387,Smartwatch,Electronics,2,525.5,Coimbatore,Credit Card,1051.0
ORD102388,2025-11-22,CUST1388,Headphones,Electronics,5,1011.62,Pune,Net Banking,5058.1
ORD102389,2025-02-22,CUST1389,Shoes,Fashion,4,1427.04,Hyderabad,Credit Card,5708.16
ORD102390,2025-03-07,CUST1390,Smartphone,Electronics,2,733.56,Hyderabad,Debit Card,1467.12
ORD102391,2025-11-10,CUST1391,Backpack,Accessories,4,704.62,Kochi,UPI,2818.48
ORD102392,2025-03-23,CUST1392,Shoes,Fashion,3,985.33,Hyderabad,Credit Card,2955.99
ORD102393,2025-03-28,CUST1393,Mouse,Electronics,3,164.21,Pune,Net Banking,492.63
ORD102394,2025-01-02,CUST1394,Tablet,Electronics,3,387.72,Chennai,UPI,1163.16
ORD102395,2025-07-23,CUST1395,Smartphone,Electronics,2,1379.28,Mumbai,UPI,2758.56
ORD102396,2025-05-30,CUST1396,Backpack,Accessories,5,1008.21,Kochi,UPI,5041.05
ORD102397,2025-10-20,CUST1397,Backpack,Accessories,4,30.03,Hyderabad,UPI,120.12
ORD102398,2025-04-13,CUST1398,Keyboard,Electronics,1,314.89,Mumbai,UPI,314.89
ORD102399,2025-01-24,CUST1399,Keyboard,Electronics,3,1027.43,Coimbatore,Debit Card,3082.29
ORD102400,2025-07-31,CUST1400,Monitor,Electronics,3,1148.95,Kochi,Debit Card,3446.85
ORD102401,2025-03-06,CUST1401,Shoes,Fashion,1,1261.39,Chennai,UPI,1261.39
ORD102402,2025-07-28,CUST1402,Shoes,Fashion,1,445.34,Coimbatore,Net Banking,445.34
ORD102403,2025-09-08,CUST1403,Shoes,Fashion,2,1397.23,Mumbai,Net Banking,2794.46
ORD102404,2025-04-27,CUST1404,Monitor,Electronics,4,833.89,Delhi,Debit Card,3335.56
ORD102405,2025-04-26,CUST1405,Laptop,Electronics,3,1047.84,Pune,Credit Card,3143.52
ORD102406,2025-08-25,CUST1406,Backpack,Accessories,5,899.14,Delhi,UPI,4495.7
ORD102407,2025-04-15,CUST1407,Smartphone,Electronics,2,192.88,Hyderabad,Net Banking,385.76
ORD102408,2025-09-16,CUST1408,Mouse,Electronics,2,1445.04,Delhi,Debit Card,2890.08
ORD102409,2025-02-15,CUST1409,Backpack,Accessories,5,193.08,Coimbatore,Debit Card,965.4
ORD102410,2025-11-07,CUST1410,Keyboard,Electronics,5,389.77,Kochi,Credit Card,1948.85
ORD102411,2025-11-27,CUST1411,Headphones,Electronics,5,1222.31,Pune,Credit Card,6111.55
ORD102412,2025-08-04,CUST1412,Tablet,Electronics,1,931.71,Delhi,Net Banking,931.71
ORD102413,2025-10-28,CUST1413,Monitor,Electronics,3,1258.84,Bengaluru,Credit Card,3776.52
ORD102414,2025-11-29,CUST1414,Smartwatch,Electronics,1,778.45,Chennai,Credit Card,778.45
ORD102415,2025-01-24,CUST1415,Headphones,Electronics,3,571.72,Mumbai,UPI,1715.16
ORD102416,2025-02-04,CUST1416,Mouse,Electronics,1,1383.55,Kochi,Debit Card,1383.55
ORD102417,2025-01-24,CUST1417,Shoes,Fashion,4,64.02,Pune,Debit Card,256.08
ORD102418,2025-01-28,CUST1418,Keyboard,Electronics,3,1285.63,Kochi,Credit Card,3856.89
ORD102419,2025-01-16,CUST1419,Keyboard,Electronics,2,353.92,Hyderabad,Debit Card,707.84
ORD102420,2025-02-28,CUST1420,Keyboard,Electronics,3,1274.62,Coimbatore,Debit Card,3823.86
ORD102421,2025-08-31,CUST1421,Shoes,Fashion,3,217.4,Chennai,Net Banking,652.2
ORD102422,2025-07-26,CUST1422,Smartwatch,Electronics,3,874.53,Hyderabad,Debit Card,2623.59
ORD102423,2025-09-28,CUST1423,Monitor,Electronics,4,1333.28,Coimbatore,Credit Card,5333.12
ORD102424,2025-09-06,CUST1424,Headphones,Electronics,1,715.57,Delhi,Net Banking,715.57
ORD102425,2025-09-24,CUST1425,Shoes,Fashion,2,1122.38,Pune,Debit Card,2244.76
ORD102426,2025-07-12,CUST1426,Mouse,Electronics,1,1208.96,Mumbai,Debit Card,1208.96
ORD102427,2025-12-01,CUST1427,Monitor,Electronics,1,1107.38,Pune,Net Banking,1107.38
ORD102428,2025-08-06,CUST1428,Mouse,Electronics,5,1388.74,Bengaluru,Net Banking,6943.7
ORD102429,2025-04-25,CUST1429,Monitor,Electronics,4,675.78,Kochi,Debit Card,2703.12
ORD102430,2025-03-09,CUST1430,Smartwatch,Electronics,5,267.96,Bengaluru,UPI,1339.8
ORD102431,2025-10-26,CUST1431,Tablet,Electronics,4,81.24,Kochi,UPI,324.96
ORD102432,2025-11-21,CUST1432,Mouse,Electronics,1,377.23,Pune,Debit Card,377.23
ORD102433,2025-03-16,CUST1433,Shoes,Fashion,1,223.36,Delhi,Debit Card,223.36
ORD102434,2025-04-13,CUST1434,Monitor,Electronics,4,841.34,Mumbai,Net Banking,3365.36
ORD102435,2025-10-24,CUST1435,Keyboard,Electronics,1,285.57,Chennai,Net Banking,285.57
ORD102436,2025-06-27,CUST1436,Backpack,Accessories,1,68.01,Mumbai,Debit Card,68.01
ORD102437,2025-08-03,CUST1437,Keyboard,Electronics,2,63.62,Delhi,Debit Card,127.24
ORD102438,2025-11-11,CUST1438,Laptop,Electronics,5,1249.04,Coimbatore,Debit Card,6245.2
ORD102439,2025-02-08,CUST1439,Tablet,Electronics,5,891.26,Pune,Debit Card,4456.3
ORD102440,2025-09-16,CUST1440,Tablet,Electronics,5,543.55,Pune,UPI,2717.75
ORD102441,2025-07-23,CUST1441,Keyboard,Electronics,3,1342.4,Pune,Net Banking,4027.2
ORD102442,2025-01-07,CUST1442,Headphones,Electronics,2,114.59,Pune,Credit Card,229.18
ORD102443,2025-02-18,CUST1443,Smartwatch,Electronics,5,1470.68,Chennai,Debit Card,7353.4
ORD102444,2025-01-26,CUST1444,Mouse,Electronics,5,928.27,Bengaluru,Debit Card,4641.35
ORD102445,2025-06-10,CUST1445,Shoes,Fashion,2,283.36,Delhi,Debit Card,566.72
ORD102446,2025-12-23,CUST1446,Tablet,Electronics,1,1021.81,Coimbatore,Credit Card,1021.81
ORD102447,2025-06-25,CUST1447,Keyboard,Electronics,5,1147.44,Delhi,Net Banking,5737.2
ORD102448,2025-03-20,CUST1448,Keyboard,Electronics,1,649.72,Hyderabad,Net Banking,649.72
ORD102449,2025-01-02,CUST1449,Smartwatch,Electronics,5,1293.83,Hyderabad,Debit Card,6469.15
ORD102450,2025-05-12,CUST1450,Smartwatch,Electronics,4,234.59,Hyderabad,Debit Card,938.36
ORD102451,2025-10-03,CUST1451,Smartphone,Electronics,3,425.47,Bengaluru,Net Banking,1276.41
ORD102452,2025-04-27,CUST1452,Smartphone,Electronics,5,149.3,Mumbai,Credit Card,746.5
ORD102453,2025-06-13,CUST1453,Headphones,Electronics,4,324.21,Chennai,Debit Card,1296.84
ORD102454,2025-10-15,CUST1454,Headphones,Electronics,2,365.71,Pune,Credit Card,731.42
ORD102455,2025-01-28,CUST1455,Laptop,Electronics,4,1377.27,Bengaluru,Credit Card,5509.08
ORD102456,2025-11-29,CUST1456,Headphones,Electronics,2,126.38,Kochi,Net Banking,252.76
ORD102457,2025-01-01,CUST1457,Monitor,Electronics,5,646.85,Coimbatore,Debit Card,3234.25
ORD102458,2025-07-07,CUST1458,Smartwatch,Electronics,2,803.27,Coimbatore,UPI,1606.54
ORD102459,2025-02-25,CUST1459,Shoes,Fashion,4,1349.05,Hyderabad,Net Banking,5396.2
ORD102460,2025-02-04,CUST1460,Monitor,Electronics,3,1496.57,Kochi,Net Banking,4489.71
ORD102461,2025-04-22,CUST1461,Mouse,Electronics,1,1132.55,Chennai,UPI,1132.55
ORD102462,2025-10-13,CUST1462,Keyboard,Electronics,1,1456.48,Hyderabad,Debit Card,1456.48
ORD102463,2025-11-06,CUST1463,Headphones,Electronics,3,1182.78,Coimbatore,Credit Card,3548.34
ORD102464,2025-02-05,CUST1464,Keyboard,Electronics,1,1445.17,Coimbatore,Credit Card,1445.17
ORD102465,2025-08-05,CUST1465,Tablet,Electronics,5,1063.83,Pune,Credit Card,5319.15
ORD102466,2025-03-21,CUST1466,Laptop,Electronics,5,128.85,Mumbai,Debit Card,644.25
ORD102467,2025-11-10,CUST1467,Tablet,Electronics,4,608.86,Pune,Net Banking,2435.44
ORD102468,2025-03-24,CUST1468,Laptop,Electronics,4,973.43,Mumbai,Net Banking,3893.72
ORD102469,2025-03-06,CUST1469,Smartphone,Electronics,2,532.57,Pune,Net Banking,1065.14
ORD102470,2025-11-21,CUST1470,Keyboard,Electronics,4,417.34,Mumbai,Net Banking,1669.36
ORD102471,2025-05-08,CUST1471,Laptop,Electronics,5,870.32,Hyderabad,Net Banking,4351.6
ORD102472,2025-11-03,CUST1472,Backpack,Accessories,4,1400.92,Delhi,UPI,5603.68
ORD102473,2025-01-22,CUST1473,Monitor,Electronics,1,62.12,Kochi,Credit Card,62.12
ORD102474,2025-08-04,CUST1474,Laptop,Electronics,2,1156.15,Chennai,Credit Card,2312.3
ORD102475,2025-04-17,CUST1475,Laptop,Electronics,2,1086.86,Mumbai,Debit Card,2173.72
ORD102476,2025-04-19,CUST1476,Monitor,Electronics,5,1446.29,Bengaluru,UPI,7231.45
ORD102477,2025-12-23,CUST1477,Keyboard,Electronics,4,1396.76,Mumbai,Net Banking,5587.04
ORD102478,2025-06-30,CUST1478,Keyboard,Electronics,1,1145.73,Hyderabad,Net Banking,1145.73
ORD102479,2025-12-22,CUST1479,Monitor,Electronics,4,785.41,Chennai,Net Banking,3141.64
ORD102480,2025-06-13,CUST1480,Tablet,Electronics,3,314.36,Mumbai,UPI,943.08
ORD102481,2025-03-09,CUST1481,Backpack,Accessories,4,822.4,Pune,Debit Card,3289.6
ORD102482,2025-10-19,CUST1482,Shoes,Fashion,5,1150.37,Chennai,UPI,5751.85
ORD102483,2025-06-29,CUST1483,Mouse,Electronics,4,1344.55,Bengaluru,Debit Card,5378.2
ORD102484,2025-06-30,CUST1484,Backpack,Accessories,2,1186.67,Coimbatore,Credit Card,2373.34
ORD102485,2025-06-18,CUST1485,Keyboard,Electronics,1,300.95,Pune,Debit Card,300.95
ORD102486,2025-01-22,CUST1486,Shoes,Fashion,5,903.53,Chennai,Credit Card,4517.65
ORD102487,2025-03-07,CUST1487,Smartphone,Electronics,3,504.94,Delhi,Debit Card,1514.82
ORD102488,2025-01-21,CUST1488,Headphones,Electronics,1,23.72,Mumbai,Credit Card,23.72
ORD102489,2025-04-10,CUST1489,Laptop,Electronics,1,308.33,Pune,Credit Card,308.33
ORD102490,2025-10-27,CUST1490,Monitor,Electronics,2,178.7,Hyderabad,Net Banking,357.4
ORD102491,2025-04-13,CUST1491,Monitor,Electronics,2,1265.65,Delhi,Debit Card,2531.3
ORD102492,2025-02-16,CUST1492,Laptop,Electronics,2,395.17,Kochi,Net Banking,790.34
ORD102493,2025-02-08,CUST1493,Headphones,Electronics,5,434.2,Kochi,Credit Card,2171.0
ORD102494,2025-10-12,CUST1494,Mouse,Electronics,4,1440.31,Delhi,Net Banking,5761.24
ORD102495,2025-11-06,CUST1495,Headphones,Electronics,1,574.84,Hyderabad,UPI,574.84
ORD102496,2025-03-31,CUST1496,Shoes,Fashion,4,24.28,Hyderabad,Net Banking,97.12
ORD102497,2025-03-26,CUST1497,Headphones,Electronics,4,432.93,Kochi,Debit Card,1731.72
ORD102498,2025-09-30,CUST1498,Shoes,Fashion,2,187.76,Hyderabad,Net Banking,375.52
ORD102499,2025-12-02,CUST1499,Headphones,Electronics,4,163.18,Delhi,UPI,652.72
ORD102500,2025-07-07,CUST1500,Mouse,Electronics,1,125.46,Chennai,Net Banking,125.46
ORD102501,2025-06-08,CUST1501,Mouse,Electronics,1,893.96,Hyderabad,Credit Card,893.96
ORD102502,2025-08-31,CUST1502,Keyboard,Electronics,3,292.13,Coimbatore,Credit Card,876.39
ORD102503,2025-03-14,CUST1503,Laptop,Electronics,5,548.25,Delhi,Credit Card,2741.25
ORD102504,2025-02-18,CUST1504,Mouse,Electronics,4,1294.41,Delhi,Debit Card,5177.64
ORD102505,2025-04-11,CUST1505,Shoes,Fashion,5,642.26,Delhi,Net Banking,3211.3
ORD102506,2025-01-02,CUST1506,Mouse,Electronics,5,1374.38,Bengaluru,Credit Card,6871.9
ORD102507,2025-09-01,CUST1507,Keyboard,Electronics,5,751.93,Chennai,Net Banking,3759.65
ORD102508,2025-06-25,CUST1508,Monitor,Electronics,5,604.27,Chennai,UPI,3021.35
ORD102509,2025-08-26,CUST1509,Shoes,Fashion,1,1128.08,Hyderabad,UPI,1128.08
ORD102510,2025-02-28,CUST1510,Keyboard,Electronics,4,119.03,Delhi,Debit Card,476.12
ORD102511,2025-12-19,CUST1511,Tablet,Electronics,3,143.32,Pune,Net Banking,429.96
ORD102512,2025-04-09,CUST1512,Tablet,Electronics,5,981.44,Delhi,UPI,4907.2
ORD102513,2025-12-25,CUST1513,Smartphone,Electronics,3,735.54,Hyderabad,Debit Card,2206.62
ORD102514,2025-01-02,CUST1514,Headphones,Electronics,1,1187.72,Chennai,Debit Card,1187.72
ORD102515,2025-08-31,CUST1515,Laptop,Electronics,1,1375.24,Kochi,Credit Card,1375.24
ORD102516,2025-10-24,CUST1516,Smartwatch,Electronics,2,588.67,Hyderabad,UPI,1177.34
ORD102517,2025-07-30,CUST1517,Backpack,Accessories,5,898.65,Kochi,Net Banking,4493.25
ORD102518,2025-05-03,CUST1518,Keyboard,Electronics,2,756.04,Hyderabad,UPI,1512.08
ORD102519,2025-08-17,CUST1519,Monitor,Electronics,3,1472.6,Hyderabad,UPI,4417.8
ORD102520,2025-03-23,CUST1520,Backpack,Accessories,4,1248.32,Hyderabad,Net Banking,4993.28
ORD102521,2025-05-24,CUST1521,Monitor,Electronics,2,1368.49,Hyderabad,Net Banking,2736.98
ORD102522,2025-05-20,CUST1522,Backpack,Accessories,1,388.97,Mumbai,Credit Card,388.97
ORD102523,2025-01-29,CUST1523,Keyboard,Electronics,5,1161.06,Mumbai,Debit Card,5805.3
ORD102524,2025-09-27,CUST1524,Smartwatch,Electronics,3,405.56,Delhi,Net Banking,1216.68
ORD102525,2025-09-04,CUST1525,Backpack,Accessories,1,321.03,Delhi,Net Banking,321.03
ORD102526,2025-01-12,CUST1526,Keyboard,Electronics,4,1416.96,Pune,UPI,5667.84
ORD102527,2025-12-21,CUST1527,Mouse,Electronics,5,38.76,Pune,Net Banking,193.8
ORD102528,2025-12-03,CUST1528,Smartwatch,Electronics,4,1448.43,Mumbai,Net Banking,5793.72
ORD102529,2025-04-16,CUST1529,Shoes,Fashion,4,232.4,Chennai,UPI,929.6
ORD102530,2025-02-01,CUST1530,Monitor,Electronics,5,1230.96,Bengaluru,UPI,6154.8
ORD102531,2025-03-15,CUST1531,Tablet,Electronics,5,421.12,Chennai,UPI,2105.6
ORD102532,2025-06-20,CUST1532,Headphones,Electronics,4,532.55,Pune,Credit Card,2130.2
ORD102533,2025-12-03,CUST1533,Tablet,Electronics,3,332.97,Delhi,Debit Card,998.91
ORD102534,2025-03-10,CUST1534,Smartwatch,Electronics,5,882.42,Mumbai,Net Banking,4412.1
ORD102535,2025-10-28,CUST1535,Shoes,Fashion,1,528.66,Chennai,UPI,528.66
ORD102536,2025-12-28,CUST1536,Monitor,Electronics,2,989.52,Bengaluru,UPI,1979.04
ORD102537,2025-05-17,CUST1537,Shoes,Fashion,3,33.31,Kochi,Debit Card,99.93
ORD102538,2025-04-10,CUST1538,Backpack,Accessories,5,105.92,Hyderabad,Credit Card,529.6
ORD102539,2025-05-26,CUST1539,Monitor,Electronics,5,158.5,Coimbatore,Net Banking,792.5
ORD102540,2025-01-09,CUST1540,Backpack,Accessories,3,634.3,Mumbai,Credit Card,1902.9
ORD102541,2025-03-03,CUST1541,Keyboard,Electronics,2,1224.05,Mumbai,Credit Card,2448.1
ORD102542,2025-07-04,CUST1542,Smartwatch,Electronics,4,1333.39,Bengaluru,Credit Card,5333.56
ORD102543,2025-01-29,CUST1543,Keyboard,Electronics,1,374.77,Hyderabad,UPI,374.77
ORD102544,2025-04-24,CUST1544,Smartphone,Electronics,5,865.81,Hyderabad,Debit Card,4329.05
ORD102545,2025-05-23,CUST1545,Shoes,Fashion,2,1154.86,Coimbatore,Debit Card,2309.72
ORD102546,2025-04-30,CUST1546,Backpack,Accessories,1,440.36,Kochi,Debit Card,440.36
ORD102547,2025-06-19,CUST1547,Mouse,Electronics,3,619.42,Hyderabad,Credit Card,1858.26
ORD102548,2025-06-06,CUST1548,Keyboard,Electronics,5,790.72,Kochi,Net Banking,3953.6
ORD102549,2025-12-01,CUST1549,Smartphone,Electronics,4,210.96,Bengaluru,Credit Card,843.84
ORD102550,2025-12-15,CUST1550,Laptop,Electronics,3,48.71,Kochi,Debit Card,146.13
ORD102551,2025-09-17,CUST1551,Tablet,Electronics,5,237.68,Delhi,UPI,1188.4
ORD102552,2025-03-23,CUST1552,Monitor,Electronics,2,944.01,Hyderabad,Credit Card,1888.02
ORD102553,2025-08-30,CUST1553,Smartphone,Electronics,1,119.69,Delhi,UPI,119.69
ORD102554,2025-06-21,CUST1554,Smartwatch,Electronics,1,292.65,Pune,Debit Card,292.65
ORD102555,2025-08-19,CUST1555,Keyboard,Electronics,5,513.4,Pune,Credit Card,2567.0
ORD102556,2025-07-27,CUST1556,Smartwatch,Electronics,3,126.03,Delhi,UPI,378.09
ORD102557,2025-03-16,CUST1557,Tablet,Electronics,4,295.63,Bengaluru,Credit Card,1182.52
ORD102558,2025-09-27,CUST1558,Mouse,Electronics,2,1367.79,Mumbai,Debit Card,2735.58
ORD102559,2025-04-24,CUST1559,Shoes,Fashion,5,38.76,Mumbai,Net Banking,193.8
ORD102560,2025-03-03,CUST1560,Shoes,Fashion,2,983.61,Mumbai,Debit Card,1967.22
ORD102561,2025-12-28,CUST1561,Smartwatch,Electronics,1,582.77,Chennai,Net Banking,582.77
ORD102562,2025-11-16,CUST1562,Backpack,Accessories,4,1012.25,Mumbai,Net Banking,4049.0
ORD102563,2025-04-12,CUST1563,Mouse,Electronics,2,887.15,Bengaluru,Debit Card,1774.3
ORD102564,2025-12-28,CUST1564,Shoes,Fashion,5,343.01,Coimbatore,UPI,1715.05
ORD102565,2025-07-29,CUST1565,Mouse,Electronics,4,1272.34,Pune,Credit Card,5089.36
ORD102566,2025-09-12,CUST1566,Smartphone,Electronics,3,742.99,Hyderabad,Credit Card,2228.97
ORD102567,2025-01-20,CUST1567,Mouse,Electronics,5,1235.58,Mumbai,Credit Card,6177.9
ORD102568,2025-02-27,CUST1568,Headphones,Electronics,2,614.96,Chennai,Net Banking,1229.92
ORD102569,2025-04-22,CUST1569,Tablet,Electronics,4,1477.18,Pune,Net Banking,5908.72
ORD102570,2025-11-09,CUST1570,Shoes,Fashion,5,1158.03,Kochi,Debit Card,5790.15
ORD102571,2025-07-15,CUST1571,Mouse,Electronics,4,1449.27,Pune,UPI,5797.08
ORD102572,2025-12-19,CUST1572,Smartwatch,Electronics,4,776.35,Delhi,Debit Card,3105.4
ORD102573,2025-04-02,CUST1573,Laptop,Electronics,4,715.8,Chennai,Debit Card,2863.2
ORD102574,2025-02-21,CUST1574,Headphones,Electronics,2,1135.63,Bengaluru,UPI,2271.26
ORD102575,2025-10-20,CUST1575,Headphones,Electronics,5,1321.63,Coimbatore,Net Banking,6608.15
ORD102576,2025-01-08,CUST1576,Backpack,Accessories,1,1446.58,Mumbai,Debit Card,1446.58
ORD102577,2025-10-27,CUST1577,Mouse,Electronics,1,493.58,Mumbai,Debit Card,493.58
ORD102578,2025-04-08,CUST1578,Backpack,Accessories,2,1200.07,Chennai,Net Banking,2400.14
ORD102579,2025-08-24,CUST1579,Backpack,Accessories,2,323.86,Kochi,Credit Card,647.72
ORD102580,2025-03-10,CUST1580,Laptop,Electronics,4,822.91,Bengaluru,UPI,3291.64
ORD102581,2025-02-14,CUST1581,Smartphone,Electronics,5,277.97,Chennai,UPI,1389.85
ORD102582,2025-05-17,CUST1582,Mouse,Electronics,5,527.62,Chennai,Credit Card,2638.1
ORD102583,2025-08-22,CUST1583,Keyboard,Electronics,3,1397.72,Coimbatore,UPI,4193.16
ORD102584,2025-02-01,CUST1584,Shoes,Fashion,3,227.68,Bengaluru,Credit Card,683.04
ORD102585,2025-10-16,CUST1585,Backpack,Accessories,1,952.28,Coimbatore,Debit Card,952.28
ORD102586,2025-05-06,CUST1586,Tablet,Electronics,3,893.5,Bengaluru,UPI,2680.5
ORD102587,2025-03-08,CUST1587,Monitor,Electronics,3,189.9,Mumbai,UPI,569.7
ORD102588,2025-01-30,CUST1588,Tablet,Electronics,1,495.71,Hyderabad,Debit Card,495.71
ORD102589,2025-04-24,CUST1589,Laptop,Electronics,1,848.84,Delhi,Net Banking,848.84
ORD102590,2025-07-23,CUST1590,Laptop,Electronics,3,288.9,Hyderabad,Net Banking,866.7
ORD102591,2025-01-29,CUST1591,Smartwatch,Electronics,5,1202.93,Kochi,Debit Card,6014.65
ORD102592,2025-05-11,CUST1592,Smartphone,Electronics,3,1458.51,Kochi,UPI,4375.53
ORD102593,2025-07-04,CUST1593,Shoes,Fashion,4,329.99,Pune,UPI,1319.96
ORD102594,2025-09-10,CUST1594,Backpack,Accessories,4,288.5,Bengaluru,UPI,1154.0
ORD102595,2025-10-13,CUST1595,Tablet,Electronics,4,687.85,Hyderabad,Credit Card,2751.4
ORD102596,2025-03-03,CUST1596,Monitor,Electronics,2,1124.17,Chennai,Net Banking,2248.34
ORD102597,2025-01-03,CUST1597,Laptop,Electronics,4,429.58,Mumbai,UPI,1718.32
ORD102598,2025-03-09,CUST1598,Laptop,Electronics,5,39.62,Kochi,Net Banking,198.1
ORD102599,2025-01-25,CUST1599,Smartphone,Electronics,2,816.42,Delhi,Net Banking,1632.84
ORD102600,2025-06-28,CUST1600,Monitor,Electronics,2,1435.33,Delhi,UPI,2870.66
ORD102601,2025-05-21,CUST1601,Monitor,Electronics,4,593.0,Pune,Debit Card,2372.0
ORD102602,2025-08-19,CUST1602,Smartphone,Electronics,3,636.0,Delhi,Debit Card,1908.0
ORD102603,2025-10-27,CUST1603,Laptop,Electronics,1,1453.66,Mumbai,Net Banking,1453.66
ORD102604,2025-06-12,CUST1604,Shoes,Fashion,3,1044.97,Hyderabad,Credit Card,3134.91
ORD102605,2025-11-07,CUST1605,Mouse,Electronics,3,1081.57,Delhi,Net Banking,3244.71
ORD102606,2025-05-10,CUST1606,Mouse,Electronics,2,848.43,Kochi,Net Banking,1696.86
ORD102607,2025-09-03,CUST1607,Smartphone,Electronics,2,1462.17,Delhi,Debit Card,2924.34
ORD102608,2025-10-24,CUST1608,Monitor,Electronics,2,1036.41,Bengaluru,UPI,2072.82
ORD102609,2025-06-21,CUST1609,Backpack,Accessories,5,1343.6,Chennai,UPI,6718.0
ORD102610,2025-03-05,CUST1610,Smartphone,Electronics,5,1052.07,Bengaluru,Credit Card,5260.35
ORD102611,2025-01-31,CUST1611,Shoes,Fashion,1,1105.32,Hyderabad,Debit Card,1105.32
ORD102612,2025-02-16,CUST1612,Smartphone,Electronics,2,442.71,Mumbai,Debit Card,885.42
ORD102613,2025-05-10,CUST1613,Headphones,Electronics,4,462.18,Mumbai,Net Banking,1848.72
ORD102614,2025-12-18,CUST1614,Tablet,Electronics,2,1176.65,Bengaluru,Debit Card,2353.3
ORD102615,2025-11-29,CUST1615,Monitor,Electronics,5,452.09,Coimbatore,Net Banking,2260.45
ORD102616,2025-04-20,CUST1616,Smartwatch,Electronics,2,848.53,Bengaluru,Credit Card,1697.06
ORD102617,2025-03-10,CUST1617,Smartwatch,Electronics,5,381.53,Kochi,Debit Card,1907.65
ORD102618,2025-02-27,CUST1618,Monitor,Electronics,2,1227.31,Coimbatore,Debit Card,2454.62
ORD102619,2025-04-16,CUST1619,Shoes,Fashion,4,174.65,Pune,Net Banking,698.6
ORD102620,2025-10-27,CUST1620,Headphones,Electronics,1,1245.88,Bengaluru,Debit Card,1245.88
ORD102621,2025-11-26,CUST1621,Headphones,Electronics,4,908.07,Coimbatore,UPI,3632.28
ORD102622,2025-09-13,CUST1622,Laptop,Electronics,5,288.5,Coimbatore,Credit Card,1442.5
ORD102623,2025-11-08,CUST1623,Tablet,Electronics,3,817.63,Delhi,UPI,2452.89
ORD102624,2025-06-20,CUST1624,Mouse,Electronics,4,430.92,Pune,Net Banking,1723.68
ORD102625,2025-06-11,CUST1625,Keyboard,Electronics,2,491.97,Delhi,Net Banking,983.94
ORD102626,2025-10-13,CUST1626,Shoes,Fashion,1,533.78,Coimbatore,Net Banking,533.78
ORD102627,2025-03-12,CUST1627,Keyboard,Electronics,2,104.35,Coimbatore,Credit Card,208.7
ORD102628,2025-09-12,CUST1628,Keyboard,Electronics,2,1479.08,Chennai,Debit Card,2958.16
ORD102629,2025-02-24,CUST1629,Monitor,Electronics,4,56.99,Kochi,UPI,227.96
ORD102630,2025-11-19,CUST1630,Smartwatch,Electronics,1,997.12,Coimbatore,Debit Card,997.12
ORD102631,2025-01-03,CUST1631,Smartwatch,Electronics,3,563.13,Kochi,Net Banking,1689.39
ORD102632,2025-01-26,CUST1632,Mouse,Electronics,2,972.56,Delhi,Debit Card,1945.12
ORD102633,2025-11-09,CUST1633,Monitor,Electronics,1,540.81,Coimbatore,Credit Card,540.81
ORD102634,2025-05-06,CUST1634,Keyboard,Electronics,3,1013.89,Mumbai,Net Banking,3041.67
ORD102635,2025-02-22,CUST1635,Backpack,Accessories,2,1096.56,Chennai,Debit Card,2193.12
ORD102636,2025-07-17,CUST1636,Smartwatch,Electronics,1,1038.92,Coimbatore,UPI,1038.92
ORD102637,2025-10-26,CUST1637,Shoes,Fashion,4,179.8,Delhi,Net Banking,719.2
ORD102638,2025-07-07,CUST1638,Shoes,Fashion,2,988.77,Delhi,Net Banking,1977.54
ORD102639,2025-07-05,CUST1639,Laptop,Electronics,2,427.18,Hyderabad,Credit Card,854.36
ORD102640,2025-11-01,CUST1640,Smartphone,Electronics,1,52.91,Delhi,Credit Card,52.91
ORD102641,2025-10-25,CUST1641,Backpack,Accessories,2,628.1,Kochi,UPI,1256.2
ORD102642,2025-07-23,CUST1642,Smartwatch,Electronics,3,655.98,Chennai,Debit Card,1967.94
ORD102643,2025-01-11,CUST1643,Headphones,Electronics,2,706.09,Kochi,Debit Card,1412.18
ORD102644,2025-12-25,CUST1644,Smartwatch,Electronics,5,1060.19,Delhi,Net Banking,5300.95
ORD102645,2025-12-20,CUST1645,Laptop,Electronics,3,470.18,Mumbai,Net Banking,1410.54
ORD102646,2025-05-26,CUST1646,Shoes,Fashion,1,479.77,Bengaluru,Debit Card,479.77
ORD102647,2025-03-26,CUST1647,Keyboard,Electronics,3,100.22,Mumbai,Debit Card,300.66
ORD102648,2025-04-10,CUST1648,Headphones,Electronics,5,1033.36,Pune,Debit Card,5166.8
ORD102649,2025-04-14,CUST1649,Monitor,Electronics,5,856.06,Kochi,Net Banking,4280.3
ORD102650,2025-02-15,CUST1650,Tablet,Electronics,2,530.64,Mumbai,Credit Card,1061.28
ORD102651,2025-02-13,CUST1651,Keyboard,Electronics,2,1060.73,Chennai,Credit Card,2121.46
ORD102652,2025-10-05,CUST1652,Tablet,Electronics,4,810.66,Chennai,UPI,3242.64
ORD102653,2025-06-30,CUST1653,Backpack,Accessories,3,709.17,Hyderabad,Debit Card,2127.51
ORD102654,2025-07-06,CUST1654,Smartphone,Electronics,4,771.87,Delhi,Debit Card,3087.48
ORD102655,2025-04-24,CUST1655,Headphones,Electronics,5,958.16,Hyderabad,Debit Card,4790.8
ORD102656,2025-09-12,CUST1656,Mouse,Electronics,2,993.4,Chennai,UPI,1986.8
ORD102657,2025-01-30,CUST1657,Headphones,Electronics,2,440.55,Delhi,Debit Card,881.1
ORD102658,2025-09-21,CUST1658,Smartwatch,Electronics,2,219.71,Chennai,Credit Card,439.42
ORD102659,2025-04-08,CUST1659,Shoes,Fashion,1,243.38,Chennai,Debit Card,243.38
ORD102660,2025-11-09,CUST1660,Smartwatch,Electronics,5,962.69,Bengaluru,UPI,4813.45
ORD102661,2025-11-25,CUST1661,Smartwatch,Electronics,2,1310.58,Mumbai,Net Banking,2621.16
ORD102662,2025-04-25,CUST1662,Backpack,Accessories,5,620.15,Hyderabad,Net Banking,3100.75
ORD102663,2025-10-03,CUST1663,Keyboard,Electronics,2,262.59,Kochi,Credit Card,525.18
ORD102664,2025-10-08,CUST1664,Mouse,Electronics,3,1137.34,Hyderabad,Credit Card,3412.02
ORD102665,2025-10-02,CUST1665,Mouse,Electronics,5,1250.41,Coimbatore,Credit Card,6252.05
ORD102666,2025-09-18,CUST1666,Smartwatch,Electronics,4,1322.07,Pune,Net Banking,5288.28
ORD102667,2025-11-27,CUST1667,Tablet,Electronics,1,914.18,Bengaluru,Debit Card,914.18
ORD102668,2025-07-26,CUST1668,Backpack,Accessories,4,1292.49,Chennai,UPI,5169.96
ORD102669,2025-11-24,CUST1669,Smartwatch,Electronics,5,32.97,Chennai,UPI,164.85
ORD102670,2025-07-30,CUST1670,Smartphone,Electronics,2,169.78,Bengaluru,Debit Card,339.56
ORD102671,2025-08-03,CUST1671,Shoes,Fashion,5,147.94,Delhi,Net Banking,739.7
ORD102672,2025-02-09,CUST1672,Keyboard,Electronics,1,1071.78,Hyderabad,Net Banking,1071.78
ORD102673,2025-01-26,CUST1673,Monitor,Electronics,5,113.68,Chennai,UPI,568.4
ORD102674,2025-01-27,CUST1674,Smartphone,Electronics,2,749.58,Pune,Credit Card,1499.16
ORD102675,2025-07-09,CUST1675,Tablet,Electronics,4,714.33,Coimbatore,Credit Card,2857.32
ORD102676,2025-03-24,CUST1676,Headphones,Electronics,3,472.95,Hyderabad,UPI,1418.85
ORD102677,2025-06-19,CUST1677,Headphones,Electronics,4,1306.9,Mumbai,UPI,5227.6
ORD102678,2025-06-16,CUST1678,Smartphone,Electronics,2,263.95,Kochi,Debit Card,527.9
ORD102679,2025-07-07,CUST1679,Smartwatch,Electronics,2,535.17,Kochi,Debit Card,1070.34
ORD102680,2025-06-18,CUST1680,Monitor,Electronics,1,1163.52,Pune,Debit Card,1163.52
ORD102681,2025-10-16,CUST1681,Laptop,Electronics,5,55.33,Bengaluru,Debit Card,276.65
ORD102682,2025-08-17,CUST1682,Laptop,Electronics,5,1012.7,Hyderabad,Debit Card,5063.5
ORD102683,2025-04-07,CUST1683,Tablet,Electronics,4,1226.43,Kochi,Debit Card,4905.72
ORD102684,2025-01-16,CUST1684,Smartwatch,Electronics,3,1399.08,Mumbai,Credit Card,4197.24
ORD102685,2025-10-06,CUST1685,Mouse,Electronics,3,1315.68,Coimbatore,UPI,3947.04
ORD102686,2025-05-15,CUST1686,Mouse,Electronics,1,485.88,Delhi,Net Banking,485.88
ORD102687,2025-01-26,CUST1687,Keyboard,Electronics,2,883.68,Kochi,Debit Card,1767.36
ORD102688,2025-12-18,CUST1688,Monitor,Electronics,1,125.17,Bengaluru,Credit Card,125.17
ORD102689,2025-01-12,CUST1689,Monitor,Electronics,5,394.23,Delhi,UPI,1971.15
ORD102690,2025-03-13,CUST1690,Headphones,Electronics,2,150.39,Kochi,UPI,300.78
ORD102691,2025-05-13,CUST1691,Backpack,Accessories,1,479.63,Pune,UPI,479.63
ORD102692,2025-04-16,CUST1692,Tablet,Electronics,4,1314.03,Chennai,Debit Card,5256.12
ORD102693,2025-08-08,CUST1693,Laptop,Electronics,5,527.28,Delhi,Debit Card,2636.4
ORD102694,2025-06-26,CUST1694,Tablet,Electronics,3,847.23,Chennai,Net Banking,2541.69
ORD102695,2025-10-09,CUST1695,Mouse,Electronics,1,655.74,Pune,Debit Card,655.74
ORD102696,2025-05-13,CUST1696,Mouse,Electronics,5,693.79,Kochi,UPI,3468.95
ORD102697,2025-01-22,CUST1697,Smartphone,Electronics,5,1454.66,Mumbai,UPI,7273.3
ORD102698,2025-09-26,CUST1698,Keyboard,Electronics,3,451.27,Hyderabad,Credit Card,1353.81
ORD102699,2025-06-10,CUST1699,Monitor,Electronics,3,944.71,Coimbatore,Credit Card,2834.13
ORD102700,2025-04-17,CUST1700,Shoes,Fashion,3,635.89,Mumbai,Net Banking,1907.67
ORD102701,2025-10-06,CUST1701,Tablet,Electronics,1,101.11,Coimbatore,Credit Card,101.11
ORD102702,2025-12-19,CUST1702,Mouse,Electronics,3,739.1,Delhi,Net Banking,2217.3
ORD102703,2025-08-23,CUST1703,Backpack,Accessories,4,1221.88,Coimbatore,Credit Card,4887.52
ORD102704,2025-01-18,CUST1704,Headphones,Electronics,5,157.14,Delhi,UPI,785.7
ORD102705,2025-08-30,CUST1705,Laptop,Electronics,3,113.69,Coimbatore,Debit Card,341.07
ORD102706,2025-04-27,CUST1706,Keyboard,Electronics,5,238.91,Bengaluru,Debit Card,1194.55
ORD102707,2025-10-13,CUST1707,Backpack,Accessories,2,1148.96,Mumbai,Net Banking,2297.92
ORD102708,2025-10-09,CUST1708,Keyboard,Electronics,2,1088.75,Kochi,Debit Card,2177.5
ORD102709,2025-05-24,CUST1709,Smartphone,Electronics,3,851.88,Kochi,Debit Card,2555.64
ORD102710,2025-07-24,CUST1710,Shoes,Fashion,5,707.66,Bengaluru,Credit Card,3538.3
ORD102711,2025-02-08,CUST1711,Mouse,Electronics,2,1333.61,Hyderabad,UPI,2667.22
ORD102712,2025-06-03,CUST1712,Headphones,Electronics,3,1152.38,Kochi,Debit Card,3457.14
ORD102713,2025-06-25,CUST1713,Backpack,Accessories,5,1219.79,Hyderabad,UPI,6098.95
ORD102714,2025-08-29,CUST1714,Keyboard,Electronics,3,1221.76,Chennai,Credit Card,3665.28
ORD102715,2025-05-14,CUST1715,Monitor,Electronics,5,967.65,Kochi,Credit Card,4838.25
ORD102716,2025-02-15,CUST1716,Smartphone,Electronics,2,692.44,Chennai,Debit Card,1384.88
ORD102717,2025-02-19,CUST1717,Monitor,Electronics,3,1298.37,Kochi,Debit Card,3895.11
ORD102718,2025-06-15,CUST1718,Headphones,Electronics,2,1389.75,Kochi,Credit Card,2779.5
ORD102719,2025-04-16,CUST1719,Backpack,Accessories,3,45.47,Chennai,Credit Card,136.41
ORD102720,2025-08-04,CUST1720,Smartphone,Electronics,1,86.82,Pune,Net Banking,86.82
ORD102721,2025-05-26,CUST1721,Backpack,Accessories,2,1438.53,Hyderabad,Net Banking,2877.06
ORD102722,2025-03-13,CUST1722,Mouse,Electronics,2,422.97,Coimbatore,UPI,845.94
ORD102723,2025-11-26,CUST1723,Smartwatch,Electronics,4,1311.32,Delhi,Credit Card,5245.28
ORD102724,2025-09-30,CUST1724,Smartphone,Electronics,2,589.3,Pune,UPI,1178.6
ORD102725,2025-09-04,CUST1725,Monitor,Electronics,5,187.46,Coimbatore,Credit Card,937.3
ORD102726,2025-07-05,CUST1726,Headphones,Electronics,3,129.86,Mumbai,UPI,389.58
ORD102727,2025-03-11,CUST1727,Shoes,Fashion,1,243.2,Hyderabad,Net Banking,243.2
ORD102728,2025-05-30,CUST1728,Mouse,Electronics,5,382.34,Kochi,Credit Card,1911.7
ORD102729,2025-09-03,CUST1729,Smartwatch,Electronics,5,737.89,Kochi,Credit Card,3689.45
ORD102730,2025-09-19,CUST1730,Shoes,Fashion,5,1055.23,Kochi,UPI,5276.15
ORD102731,2025-01-26,CUST1731,Laptop,Electronics,5,1479.73,Delhi,UPI,7398.65
ORD102732,2025-05-20,CUST1732,Mouse,Electronics,1,667.85,Delhi,Debit Card,667.85
ORD102733,2025-04-09,CUST1733,Headphones,Electronics,4,782.1,Delhi,Debit Card,3128.4
ORD102734,2025-10-05,CUST1734,Keyboard,Electronics,2,787.51,Chennai,Net Banking,1575.02
ORD102735,2025-02-20,CUST1735,Smartphone,Electronics,5,813.76,Delhi,Credit Card,4068.8
ORD102736,2025-05-31,CUST1736,Backpack,Accessories,2,781.43,Delhi,Credit Card,1562.86
ORD102737,2025-04-14,CUST1737,Headphones,Electronics,2,23.07,Hyderabad,UPI,46.14
ORD102738,2025-03-30,CUST1738,Smartphone,Electronics,5,12.57,Coimbatore,Net Banking,62.85
ORD102739,2025-05-21,CUST1739,Shoes,Fashion,4,155.52,Pune,Credit Card,622.08
ORD102740,2025-08-01,CUST1740,Backpack,Accessories,2,161.32,Pune,Net Banking,322.64
ORD102741,2025-08-21,CUST1741,Tablet,Electronics,3,1060.3,Kochi,Debit Card,3180.9
ORD102742,2025-07-02,CUST1742,Monitor,Electronics,2,315.32,Coimbatore,UPI,630.64
ORD102743,2025-09-08,CUST1743,Laptop,Electronics,5,1343.12,Bengaluru,Credit Card,6715.6
ORD102744,2025-01-09,CUST1744,Mouse,Electronics,1,1393.62,Bengaluru,UPI,1393.62
ORD102745,2025-03-20,CUST1745,Headphones,Electronics,2,1464.08,Mumbai,Debit Card,2928.16
ORD102746,2025-02-21,CUST1746,Laptop,Electronics,4,1409.23,Hyderabad,Net Banking,5636.92
ORD102747,2025-09-26,CUST1747,Keyboard,Electronics,3,415.11,Bengaluru,Net Banking,1245.33
ORD102748,2025-08-14,CUST1748,Smartphone,Electronics,3,769.57,Bengaluru,Debit Card,2308.71
ORD102749,2025-02-20,CUST1749,Smartphone,Electronics,1,271.43,Hyderabad,Debit Card,271.43
ORD102750,2025-07-05,CUST1750,Headphones,Electronics,1,1211.25,Coimbatore,Credit Card,1211.25
ORD102751,2025-02-03,CUST1751,Smartwatch,Electronics,2,1333.76,Kochi,Credit Card,2667.52
ORD102752,2025-10-18,CUST1752,Smartwatch,Electronics,5,1278.42,Mumbai,Credit Card,6392.1
ORD102753,2025-08-18,CUST1753,Tablet,Electronics,4,655.72,Mumbai,Credit Card,2622.88
ORD102754,2025-05-11,CUST1754,Monitor,Electronics,3,1140.42,Mumbai,Credit Card,3421.26
ORD102755,2025-04-30,CUST1755,Backpack,Accessories,1,155.39,Bengaluru,Net Banking,155.39
ORD102756,2025-11-22,CUST1756,Keyboard,Electronics,4,69.96,Coimbatore,Credit Card,279.84
ORD102757,2025-09-04,CUST1757,Laptop,Electronics,5,1132.32,Mumbai,Debit Card,5661.6
ORD102758,2025-07-11,CUST1758,Smartwatch,Electronics,3,643.78,Hyderabad,Debit Card,1931.34
ORD102759,2025-11-19,CUST1759,Tablet,Electronics,3,1493.37,Mumbai,Credit Card,4480.11
ORD102760,2025-07-29,CUST1760,Tablet,Electronics,5,154.91,Pune,Debit Card,774.55
ORD102761,2025-04-13,CUST1761,Headphones,Electronics,3,1284.89,Chennai,UPI,3854.67
ORD102762,2025-11-25,CUST1762,Keyboard,Electronics,5,725.17,Coimbatore,Net Banking,3625.85
ORD102763,2025-05-13,CUST1763,Shoes,Fashion,3,1242.45,Chennai,Net Banking,3727.35
ORD102764,2025-11-19,CUST1764,Backpack,Accessories,2,1227.52,Coimbatore,Credit Card,2455.04
ORD102765,2025-05-19,CUST1765,Monitor,Electronics,5,1374.83,Delhi,UPI,6874.15
ORD102766,2025-05-01,CUST1766,Mouse,Electronics,4,453.8,Hyderabad,Credit Card,1815.2
ORD102767,2025-04-04,CUST1767,Headphones,Electronics,2,1425.2,Delhi,Credit Card,2850.4
ORD102768,2025-05-09,CUST1768,Backpack,Accessories,4,235.98,Bengaluru,Debit Card,943.92
ORD102769,2025-04-01,CUST1769,Mouse,Electronics,3,132.13,Bengaluru,Net Banking,396.39
ORD102770,2025-04-02,CUST1770,Mouse,Electronics,4,653.11,Delhi,UPI,2612.44
ORD102771,2025-03-04,CUST1771,Keyboard,Electronics,2,1244.2,Coimbatore,Debit Card,2488.4
ORD102772,2025-01-29,CUST1772,Keyboard,Electronics,5,715.4,Mumbai,Net Banking,3577.0
ORD102773,2025-07-29,CUST1773,Laptop,Electronics,1,1245.64,Chennai,Net Banking,1245.64
ORD102774,2025-01-12,CUST1774,Tablet,Electronics,4,1097.23,Hyderabad,Credit Card,4388.92
ORD102775,2025-11-29,CUST1775,Backpack,Accessories,1,322.05,Mumbai,UPI,322.05
ORD102776,2025-10-24,CUST1776,Headphones,Electronics,4,1423.83,Bengaluru,Credit Card,5695.32
ORD102777,2025-05-10,CUST1777,Smartphone,Electronics,4,100.56,Mumbai,Debit Card,402.24
ORD102778,2025-10-20,CUST1778,Headphones,Electronics,5,1348.44,Kochi,Credit Card,6742.2
ORD102779,2025-06-22,CUST1779,Laptop,Electronics,3,463.62,Kochi,Credit Card,1390.86
ORD102780,2025-07-27,CUST1780,Monitor,Electronics,2,755.22,Delhi,Net Banking,1510.44
ORD102781,2025-01-24,CUST1781,Tablet,Electronics,2,639.3,Kochi,Net Banking,1278.6
ORD102782,2025-04-09,CUST1782,Smartphone,Electronics,2,266.03,Delhi,Debit Card,532.06
ORD102783,2025-12-22,CUST1783,Smartwatch,Electronics,3,543.64,Pune,Net Banking,1630.92
ORD102784,2025-05-19,CUST1784,Monitor,Electronics,1,297.47,Pune,Net Banking,297.47
ORD102785,2025-11-10,CUST1785,Keyboard,Electronics,2,313.79,Chennai,Net Banking,627.58
ORD102786,2025-06-23,CUST1786,Mouse,Electronics,1,288.71,Kochi,Credit Card,288.71
ORD102787,2025-01-29,CUST1787,Smartwatch,Electronics,3,738.64,Bengaluru,UPI,2215.92
ORD102788,2025-05-23,CUST1788,Headphones,Electronics,3,1198.92,Coimbatore,Debit Card,3596.76
ORD102789,2025-11-12,CUST1789,Headphones,Electronics,5,857.77,Kochi,Credit Card,4288.85
ORD102790,2025-12-17,CUST1790,Keyboard,Electronics,2,1340.88,Hyderabad,Debit Card,2681.76
ORD102791,2025-02-11,CUST1791,Laptop,Electronics,5,958.45,Delhi,Credit Card,4792.25
ORD102792,2025-10-26,CUST1792,Backpack,Accessories,2,1037.12,Kochi,Debit Card,2074.24
ORD102793,2025-07-27,CUST1793,Smartwatch,Electronics,3,1004.73,Hyderabad,Net Banking,3014.19
ORD102794,2025-11-26,CUST1794,Smartwatch,Electronics,3,679.69,Bengaluru,Debit Card,2039.07
ORD102795,2025-07-11,CUST1795,Shoes,Fashion,4,1037.11,Coimbatore,UPI,4148.44
ORD102796,2025-06-09,CUST1796,Monitor,Electronics,4,113.86,Pune,Debit Card,455.44
ORD102797,2025-03-05,CUST1797,Tablet,Electronics,3,1291.18,Delhi,UPI,3873.54
ORD102798,2025-08-31,CUST1798,Monitor,Electronics,3,1168.94,Chennai,Debit Card,3506.82
ORD102799,2025-09-15,CUST1799,Backpack,Accessories,1,375.39,Hyderabad,Net Banking,375.39
ORD102800,2025-06-01,CUST1800,Headphones,Electronics,1,1154.37,Kochi,Debit Card,1154.37
ORD102801,2025-08-03,CUST1801,Headphones,Electronics,5,28.84,Bengaluru,Credit Card,144.2
ORD102802,2025-11-18,CUST1802,Headphones,Electronics,4,333.7,Hyderabad,Net Banking,1334.8
ORD102803,2025-06-15,CUST1803,Shoes,Fashion,4,107.05,Kochi,Net Banking,428.2
ORD102804,2025-01-31,CUST1804,Headphones,Electronics,3,1172.54,Pune,Credit Card,3517.62
ORD102805,2025-08-20,CUST1805,Backpack,Accessories,3,1136.25,Pune,Net Banking,3408.75
ORD102806,2025-10-09,CUST1806,Keyboard,Electronics,5,1222.32,Coimbatore,Net Banking,6111.6
ORD102807,2025-01-29,CUST1807,Tablet,Electronics,4,16.68,Chennai,Credit Card,66.72
ORD102808,2025-07-14,CUST1808,Backpack,Accessories,1,756.84,Pune,Net Banking,756.84
ORD102809,2025-11-30,CUST1809,Tablet,Electronics,2,1060.21,Coimbatore,Net Banking,2120.42
ORD102810,2025-09-13,CUST1810,Backpack,Accessories,5,241.55,Pune,Net Banking,1207.75
ORD102811,2025-10-08,CUST1811,Headphones,Electronics,2,978.19,Delhi,Net Banking,1956.38
ORD102812,2025-10-31,CUST1812,Keyboard,Electronics,1,135.32,Mumbai,Debit Card,135.32
ORD102813,2025-11-17,CUST1813,Smartwatch,Electronics,1,280.18,Coimbatore,Net Banking,280.18
ORD102814,2025-11-19,CUST1814,Monitor,Electronics,2,718.94,Coimbatore,Net Banking,1437.88
ORD102815,2025-12-12,CUST1815,Mouse,Electronics,5,983.81,Hyderabad,Net Banking,4919.05
ORD102816,2025-10-21,CUST1816,Keyboard,Electronics,2,227.34,Pune,Debit Card,454.68
ORD102817,2025-03-28,CUST1817,Smartwatch,Electronics,5,285.98,Coimbatore,UPI,1429.9
ORD102818,2025-05-29,CUST1818,Laptop,Electronics,5,314.63,Bengaluru,Net Banking,1573.15
ORD102819,2025-09-06,CUST1819,Backpack,Accessories,3,365.66,Delhi,UPI,1096.98
ORD102820,2025-11-17,CUST1820,Laptop,Electronics,4,347.57,Hyderabad,UPI,1390.28
ORD102821,2025-10-10,CUST1821,Smartwatch,Electronics,4,598.77,Hyderabad,Credit Card,2395.08
ORD102822,2025-12-28,CUST1822,Keyboard,Electronics,1,984.15,Mumbai,Credit Card,984.15
ORD102823,2025-07-17,CUST1823,Backpack,Accessories,3,662.67,Delhi,UPI,1988.01
ORD102824,2025-02-13,CUST1824,Mouse,Electronics,4,1166.2,Kochi,Debit Card,4664.8
ORD102825,2025-12-22,CUST1825,Headphones,Electronics,5,1081.71,Bengaluru,Net Banking,5408.55
ORD102826,2025-01-28,CUST1826,Backpack,Accessories,5,198.53,Delhi,Net Banking,992.65
ORD102827,2025-01-17,CUST1827,Backpack,Accessories,2,82.77,Coimbatore,Net Banking,165.54
ORD102828,2025-05-07,CUST1828,Keyboard,Electronics,2,1318.13,Mumbai,Credit Card,2636.26
ORD102829,2025-06-17,CUST1829,Keyboard,Electronics,5,128.95,Bengaluru,Credit Card,644.75
ORD102830,2025-09-01,CUST1830,Smartwatch,Electronics,5,231.03,Mumbai,Net Banking,1155.15
ORD102831,2025-03-17,CUST1831,Smartphone,Electronics,2,42.98,Delhi,UPI,85.96
ORD102832,2025-08-19,CUST1832,Backpack,Accessories,4,946.22,Chennai,Credit Card,3784.88
ORD102833,2025-07-23,CUST1833,Monitor,Electronics,1,877.73,Delhi,Net Banking,877.73
ORD102834,2025-09-05,CUST1834,Backpack,Accessories,2,1480.49,Coimbatore,UPI,2960.98
ORD102835,2025-10-29,CUST1835,Smartwatch,Electronics,4,1331.53,Mumbai,Net Banking,5326.12
ORD102836,2025-08-02,CUST1836,Tablet,Electronics,4,622.16,Chennai,Credit Card,2488.64
ORD102837,2025-08-03,CUST1837,Laptop,Electronics,4,563.66,Coimbatore,Debit Card,2254.64
ORD102838,2025-06-07,CUST1838,Headphones,Electronics,3,452.31,Mumbai,Debit Card,1356.93
ORD102839,2025-03-10,CUST1839,Smartphone,Electronics,3,237.09,Mumbai,Credit Card,711.27
ORD102840,2025-03-26,CUST1840,Mouse,Electronics,4,215.74,Delhi,UPI,862.96
ORD102841,2025-09-24,CUST1841,Mouse,Electronics,5,207.1,Pune,Net Banking,1035.5
ORD102842,2025-03-10,CUST1842,Mouse,Electronics,3,180.03,Mumbai,Credit Card,540.09
ORD102843,2025-04-09,CUST1843,Keyboard,Electronics,2,368.36,Mumbai,UPI,736.72
ORD102844,2025-12-13,CUST1844,Mouse,Electronics,3,466.94,Hyderabad,Net Banking,1400.82
ORD102845,2025-08-04,CUST1845,Headphones,Electronics,5,1442.75,Pune,Net Banking,7213.75
ORD102846,2025-06-10,CUST1846,Laptop,Electronics,1,871.93,Mumbai,Credit Card,871.93
ORD102847,2025-04-04,CUST1847,Mouse,Electronics,3,1481.52,Delhi,Net Banking,4444.56
ORD102848,2025-06-23,CUST1848,Backpack,Accessories,4,564.98,Hyderabad,Debit Card,2259.92
ORD102849,2025-06-14,CUST1849,Backpack,Accessories,4,691.86,Hyderabad,Debit Card,2767.44
ORD102850,2025-04-25,CUST1850,Keyboard,Electronics,4,493.62,Kochi,Net Banking,1974.48
ORD102851,2025-08-08,CUST1851,Headphones,Electronics,1,282.5,Chennai,Credit Card,282.5
ORD102852,2025-01-31,CUST1852,Laptop,Electronics,5,223.32,Coimbatore,Net Banking,1116.6
ORD102853,2025-01-11,CUST1853,Smartphone,Electronics,2,1418.17,Hyderabad,Credit Card,2836.34
ORD102854,2025-12-09,CUST1854,Smartwatch,Electronics,5,1480.35,Bengaluru,Credit Card,7401.75
ORD102855,2025-05-10,CUST1855,Laptop,Electronics,1,76.92,Hyderabad,Debit Card,76.92
ORD102856,2025-04-15,CUST1856,Smartwatch,Electronics,4,234.02,Kochi,Debit Card,936.08
ORD102857,2025-01-27,CUST1857,Tablet,Electronics,5,641.05,Bengaluru,UPI,3205.25
ORD102858,2025-08-15,CUST1858,Smartwatch,Electronics,2,287.64,Kochi,Credit Card,575.28
ORD102859,2025-01-02,CUST1859,Monitor,Electronics,4,552.18,Kochi,Net Banking,2208.72
ORD102860,2025-12-25,CUST1860,Backpack,Accessories,2,202.35,Pune,Credit Card,404.7
ORD102861,2025-04-11,CUST1861,Headphones,Electronics,3,690.2,Chennai,Debit Card,2070.6
ORD102862,2025-01-21,CUST1862,Shoes,Fashion,2,414.82,Bengaluru,Credit Card,829.64
ORD102863,2025-02-27,CUST1863,Keyboard,Electronics,4,534.34,Chennai,UPI,2137.36
ORD102864,2025-06-29,CUST1864,Monitor,Electronics,3,150.53,Chennai,Net Banking,451.59
ORD102865,2025-12-07,CUST1865,Smartwatch,Electronics,4,647.91,Chennai,Credit Card,2591.64
ORD102866,2025-12-15,CUST1866,Mouse,Electronics,4,1475.05,Bengaluru,Net Banking,5900.2
ORD102867,2025-01-20,CUST1867,Headphones,Electronics,3,499.96,Bengaluru,Net Banking,1499.88
ORD102868,2025-09-12,CUST1868,Monitor,Electronics,2,1315.88,Chennai,Debit Card,2631.76
ORD102869,2025-11-13,CUST1869,Keyboard,Electronics,1,1266.37,Pune,Credit Card,1266.37
ORD102870,2025-02-07,CUST1870,Backpack,Accessories,1,1428.57,Chennai,Net Banking,1428.57
ORD102871,2025-05-28,CUST1871,Headphones,Electronics,1,1187.26,Pune,Debit Card,1187.26
ORD102872,2025-01-25,CUST1872,Keyboard,Electronics,1,992.8,Coimbatore,UPI,992.8
ORD102873,2025-05-01,CUST1873,Tablet,Electronics,5,1286.31,Pune,UPI,6431.55
ORD102874,2025-01-26,CUST1874,Tablet,Electronics,1,122.71,Pune,Credit Card,122.71
ORD102875,2025-06-18,CUST1875,Keyboard,Electronics,3,699.62,Pune,Net Banking,2098.86
ORD102876,2025-11-19,CUST1876,Monitor,Electronics,1,1483.99,Chennai,Credit Card,1483.99
ORD102877,2025-08-13,CUST1877,Headphones,Electronics,4,1156.7,Mumbai,Net Banking,4626.8
ORD102878,2025-01-01,CUST1878,Monitor,Electronics,1,1443.49,Coimbatore,Debit Card,1443.49
ORD102879,2025-11-03,CUST1879,Smartphone,Electronics,2,1171.66,Coimbatore,UPI,2343.32
ORD102880,2025-09-18,CUST1880,Smartwatch,Electronics,3,1313.57,Kochi,UPI,3940.71
ORD102881,2025-01-13,CUST1881,Smartphone,Electronics,3,1062.73,Coimbatore,UPI,3188.19
ORD102882,2025-02-17,CUST1882,Tablet,Electronics,5,1143.15,Mumbai,UPI,5715.75
ORD102883,2025-11-09,CUST1883,Backpack,Accessories,4,789.54,Coimbatore,Credit Card,3158.16
ORD102884,2025-10-18,CUST1884,Laptop,Electronics,3,1387.11,Coimbatore,Net Banking,4161.33
ORD102885,2025-11-28,CUST1885,Smartwatch,Electronics,2,1239.31,Bengaluru,Credit Card,2478.62
ORD102886,2025-04-04,CUST1886,Tablet,Electronics,1,1267.39,Delhi,Debit Card,1267.39
ORD102887,2025-09-18,CUST1887,Monitor,Electronics,3,1012.78,Kochi,UPI,3038.34
ORD102888,2025-10-05,CUST1888,Monitor,Electronics,2,463.82,Bengaluru,Net Banking,927.64
ORD102889,2025-12-25,CUST1889,Monitor,Electronics,1,63.09,Chennai,Credit Card,63.09
ORD102890,2025-07-24,CUST1890,Backpack,Accessories,5,1404.13,Kochi,Net Banking,7020.65
ORD102891,2025-07-04,CUST1891,Smartphone,Electronics,3,883.32,Chennai,Credit Card,2649.96
ORD102892,2025-06-24,CUST1892,Laptop,Electronics,3,454.23,Kochi,Net Banking,1362.69
ORD102893,2025-11-05,CUST1893,Monitor,Electronics,2,232.21,Pune,Net Banking,464.42
ORD102894,2025-03-10,CUST1894,Shoes,Fashion,4,1245.99,Hyderabad,UPI,4983.96
ORD102895,2025-04-14,CUST1895,Smartwatch,Electronics,5,1256.42,Kochi,Credit Card,6282.1
ORD102896,2025-09-03,CUST1896,Headphones,Electronics,4,1223.62,Delhi,Debit Card,4894.48
ORD102897,2025-06-10,CUST1897,Shoes,Fashion,3,971.17,Mumbai,Net Banking,2913.51
ORD102898,2025-07-19,CUST1898,Laptop,Electronics,4,555.36,Bengaluru,Debit Card,2221.44
ORD102899,2025-08-04,CUST1899,Backpack,Accessories,1,463.06,Kochi,UPI,463.06
ORD102900,2025-07-31,CUST1900,Laptop,Electronics,5,22.75,Chennai,Debit Card,113.75
ORD102901,2025-01-16,CUST1901,Headphones,Electronics,4,1252.08,Mumbai,Net Banking,5008.32
ORD102902,2025-11-28,CUST1902,Smartwatch,Electronics,1,140.27,Coimbatore,Net Banking,140.27
ORD102903,2025-07-24,CUST1903,Headphones,Electronics,2,949.82,Mumbai,Net Banking,1899.64
ORD102904,2025-12-31,CUST1904,Keyboard,Electronics,4,761.07,Bengaluru,Credit Card,3044.28
ORD102905,2025-02-08,CUST1905,Smartwatch,Electronics,5,794.77,Delhi,Debit Card,3973.85
ORD102906,2025-03-30,CUST1906,Laptop,Electronics,1,1390.8,Hyderabad,Credit Card,1390.8
ORD102907,2025-09-13,CUST1907,Monitor,Electronics,4,57.11,Pune,Net Banking,228.44
ORD102908,2025-09-11,CUST1908,Laptop,Electronics,2,1162.35,Bengaluru,Net Banking,2324.7
ORD102909,2025-08-04,CUST1909,Laptop,Electronics,4,87.56,Pune,UPI,350.24
ORD102910,2025-10-30,CUST1910,Smartwatch,Electronics,1,66.85,Delhi,UPI,66.85
ORD102911,2025-06-21,CUST1911,Keyboard,Electronics,4,650.43,Chennai,Net Banking,2601.72
ORD102912,2025-05-17,CUST1912,Laptop,Electronics,5,103.98,Pune,Credit Card,519.9
ORD102913,2025-06-27,CUST1913,Shoes,Fashion,3,1185.82,Chennai,Credit Card,3557.46
ORD102914,2025-03-18,CUST1914,Tablet,Electronics,1,799.05,Mumbai,Net Banking,799.05
ORD102915,2025-07-07,CUST1915,Mouse,Electronics,1,53.27,Bengaluru,Debit Card,53.27
ORD102916,2025-01-15,CUST1916,Mouse,Electronics,1,70.35,Chennai,Credit Card,70.35
ORD102917,2025-10-19,CUST1917,Laptop,Electronics,1,922.88,Coimbatore,Net Banking,922.88
ORD102918,2025-11-15,CUST1918,Shoes,Fashion,4,1211.11,Coimbatore,UPI,4844.44
ORD102919,2025-11-21,CUST1919,Monitor,Electronics,5,662.32,Hyderabad,Net Banking,3311.6
ORD102920,2025-08-02,CUST1920,Backpack,Accessories,2,836.33,Mumbai,Credit Card,1672.66
ORD102921,2025-07-27,CUST1921,Backpack,Accessories,5,1201.75,Chennai,Net Banking,6008.75
ORD102922,2025-06-18,CUST1922,Smartwatch,Electronics,1,919.65,Hyderabad,Debit Card,919.65
ORD102923,2025-11-26,CUST1923,Mouse,Electronics,4,344.89,Coimbatore,Debit Card,1379.56
ORD102924,2025-10-07,CUST1924,Laptop,Electronics,4,923.45,Hyderabad,Credit Card,3693.8
ORD102925,2025-11-01,CUST1925,Backpack,Accessories,1,946.14,Kochi,Net Banking,946.14
ORD102926,2025-05-26,CUST1926,Laptop,Electronics,4,1103.82,Hyderabad,Debit Card,4415.28
ORD102927,2025-09-20,CUST1927,Smartwatch,Electronics,1,935.1,Chennai,Debit Card,935.1
ORD102928,2025-01-04,CUST1928,Mouse,Electronics,5,1454.17,Chennai,UPI,7270.85
ORD102929,2025-03-31,CUST1929,Headphones,Electronics,3,303.96,Chennai,Credit Card,911.88
ORD102930,2025-03-01,CUST1930,Tablet,Electronics,4,1427.13,Mumbai,UPI,5708.52
ORD102931,2025-11-07,CUST1931,Tablet,Electronics,1,812.13,Pune,UPI,812.13
ORD102932,2025-01-16,CUST1932,Backpack,Accessories,1,1011.21,Hyderabad,Debit Card,1011.21
ORD102933,2025-08-15,CUST1933,Tablet,Electronics,4,158.2,Hyderabad,Net Banking,632.8
ORD102934,2025-01-29,CUST1934,Headphones,Electronics,2,577.06,Mumbai,UPI,1154.12
ORD102935,2025-05-31,CUST1935,Laptop,Electronics,1,1156.37,Coimbatore,Credit Card,1156.37
ORD102936,2025-09-02,CUST1936,Smartwatch,Electronics,4,1063.3,Bengaluru,Credit Card,4253.2
ORD102937,2025-09-27,CUST1937,Headphones,Electronics,1,69.81,Pune,Net Banking,69.81
ORD102938,2025-03-20,CUST1938,Smartwatch,Electronics,2,824.43,Coimbatore,Credit Card,1648.86
ORD102939,2025-10-16,CUST1939,Smartwatch,Electronics,3,141.53,Mumbai,UPI,424.59
ORD102940,2025-06-02,CUST1940,Mouse,Electronics,2,1493.83,Pune,Net Banking,2987.66
ORD102941,2025-10-04,CUST1941,Laptop,Electronics,5,1346.97,Pune,Credit Card,6734.85
ORD102942,2025-10-06,CUST1942,Shoes,Fashion,4,41.41,Hyderabad,Credit Card,165.64
ORD102943,2025-02-26,CUST1943,Tablet,Electronics,2,1289.39,Hyderabad,UPI,2578.78
ORD102944,2025-07-05,CUST1944,Shoes,Fashion,3,1379.95,Chennai,UPI,4139.85
ORD102945,2025-04-03,CUST1945,Mouse,Electronics,1,536.79,Chennai,UPI,536.79
ORD102946,2025-10-03,CUST1946,Smartwatch,Electronics,4,1082.06,Kochi,UPI,4328.24
ORD102947,2025-06-07,CUST1947,Backpack,Accessories,2,668.73,Hyderabad,Net Banking,1337.46
ORD102948,2025-10-02,CUST1948,Tablet,Electronics,3,986.3,Hyderabad,Net Banking,2958.9
ORD102949,2025-06-30,CUST1949,Tablet,Electronics,2,517.07,Delhi,Net Banking,1034.14
ORD102950,2025-12-25,CUST1950,Laptop,Electronics,5,490.61,Pune,Debit Card,2453.05
ORD102951,2025-03-18,CUST1951,Keyboard,Electronics,4,642.41,Chennai,UPI,2569.64
ORD102952,2025-05-31,CUST1952,Smartphone,Electronics,1,226.9,Chennai,UPI,226.9
ORD102953,2025-08-26,CUST1953,Smartphone,Electronics,3,1248.4,Coimbatore,Net Banking,3745.2
ORD102954,2025-10-16,CUST1954,Smartphone,Electronics,2,529.56,Hyderabad,Credit Card,1059.12
ORD102955,2025-08-19,CUST1955,Keyboard,Electronics,4,606.22,Pune,Credit Card,2424.88
ORD102956,2025-01-18,CUST1956,Laptop,Electronics,2,1342.14,Hyderabad,UPI,2684.28
ORD102957,2025-03-14,CUST1957,Keyboard,Electronics,4,749.97,Mumbai,UPI,2999.88
ORD102958,2025-07-08,CUST1958,Smartphone,Electronics,5,820.94,Coimbatore,Net Banking,4104.7
ORD102959,2025-01-17,CUST1959,Mouse,Electronics,2,1435.18,Bengaluru,UPI,2870.36
ORD102960,2025-01-19,CUST1960,Headphones,Electronics,5,1331.22,Bengaluru,Credit Card,6656.1
ORD102961,2025-08-07,CUST1961,Smartwatch,Electronics,3,262.51,Bengaluru,Credit Card,787.53
ORD102962,2025-11-22,CUST1962,Keyboard,Electronics,5,715.09,Pune,UPI,3575.45
ORD102963,2025-04-30,CUST1963,Laptop,Electronics,4,1457.23,Delhi,Net Banking,5828.92
ORD102964,2025-04-11,CUST1964,Laptop,Electronics,3,564.83,Chennai,Net Banking,1694.49
ORD102965,2025-02-03,CUST1965,Shoes,Fashion,2,563.64,Pune,Credit Card,1127.28
ORD102966,2025-03-25,CUST1966,Headphones,Electronics,2,300.6,Bengaluru,Net Banking,601.2
ORD102967,2025-07-15,CUST1967,Backpack,Accessories,4,180.34,Mumbai,Credit Card,721.36
ORD102968,2025-11-26,CUST1968,Tablet,Electronics,1,1113.05,Kochi,UPI,1113.05
ORD102969,2025-07-21,CUST1969,Smartphone,Electronics,1,1157.35,Pune,Credit Card,1157.35
ORD102970,2025-12-10,CUST1970,Backpack,Accessories,2,1453.83,Pune,UPI,2907.66
ORD102971,2025-12-07,CUST1971,Shoes,Fashion,4,1162.39,Kochi,Net Banking,4649.56
ORD102972,2025-01-11,CUST1972,Smartphone,Electronics,1,372.6,Chennai,Debit Card,372.6
ORD102973,2025-12-13,CUST1973,Headphones,Electronics,5,69.77,Chennai,Debit Card,348.85
ORD102974,2025-08-06,CUST1974,Shoes,Fashion,2,1478.3,Bengaluru,Debit Card,2956.6
ORD102975,2025-09-10,CUST1975,Smartphone,Electronics,5,517.27,Chennai,Credit Card,2586.35
ORD102976,2025-08-10,CUST1976,Headphones,Electronics,4,474.84,Kochi,Debit Card,1899.36
ORD102977,2025-03-21,CUST1977,Monitor,Electronics,5,1359.87,Coimbatore,Credit Card,6799.35
ORD102978,2025-01-07,CUST1978,Backpack,Accessories,1,881.8,Kochi,Net Banking,881.8
ORD102979,2025-09-29,CUST1979,Backpack,Accessories,1,330.16,Kochi,UPI,330.16
ORD102980,2025-08-15,CUST1980,Tablet,Electronics,3,1334.75,Coimbatore,Debit Card,4004.25
ORD102981,2025-01-16,CUST1981,Headphones,Electronics,2,1490.11,Kochi,Credit Card,2980.22
ORD102982,2025-01-12,CUST1982,Keyboard,Electronics,4,139.15,Bengaluru,Net Banking,556.6
ORD102983,2025-10-18,CUST1983,Monitor,Electronics,2,1294.75,Pune,Net Banking,2589.5
ORD102984,2025-08-29,CUST1984,Mouse,Electronics,5,591.87,Mumbai,Debit Card,2959.35
ORD102985,2025-01-21,CUST1985,Smartphone,Electronics,4,790.87,Chennai,Net Banking,3163.48
ORD102986,2025-06-27,CUST1986,Monitor,Electronics,4,1373.08,Hyderabad,Net Banking,5492.32
ORD102987,2025-08-16,CUST1987,Headphones,Electronics,1,1460.34,Pune,Net Banking,1460.34
ORD102988,2025-09-30,CUST1988,Smartwatch,Electronics,5,400.62,Bengaluru,Credit Card,2003.1
ORD102989,2025-10-15,CUST1989,Smartphone,Electronics,1,327.15,Delhi,Net Banking,327.15
ORD102990,2025-10-24,CUST1990,Laptop,Electronics,1,129.97,Chennai,Net Banking,129.97
ORD102991,2025-05-14,CUST1991,Backpack,Accessories,3,847.08,Bengaluru,Net Banking,2541.24
ORD102992,2025-10-10,CUST1992,Headphones,Electronics,1,30.27,Kochi,Net Banking,30.27
ORD102993,2025-06-02,CUST1993,Laptop,Electronics,2,623.73,Bengaluru,Net Banking,1247.46
ORD102994,2025-03-07,CUST1994,Tablet,Electronics,4,119.34,Mumbai,Credit Card,477.36
ORD102995,2025-05-17,CUST1995,Shoes,Fashion,1,613.79,Hyderabad,Net Banking,613.79
ORD102996,2025-04-02,CUST1996,Mouse,Electronics,2,69.5,Chennai,Net Banking,139.0
ORD102997,2025-11-13,CUST1997,Mouse,Electronics,5,1254.47,Bengaluru,UPI,6272.35
ORD102998,2025-09-16,CUST1998,Laptop,Electronics,4,322.51,Bengaluru,Net Banking,1290.04
ORD102999,2025-04-13,CUST1999,Backpack,Accessories,5,499.18,Pune,Net Banking,2495.9
ORD103000,2025-02-24,CUST2000,Tablet,Electronics,2,1306.37,Chennai,Credit Card,2612.74
ORD103001,2025-09-14,CUST1001,Smartwatch,Electronics,5,1121.94,Kochi,Net Banking,5609.7
ORD103002,2025-04-11,CUST1002,Backpack,Accessories,5,336.37,Bengaluru,Credit Card,1681.85
ORD103003,2025-07-17,CUST1003,Monitor,Electronics,5,117.13,Bengaluru,Debit Card,585.65
ORD103004,2025-10-28,CUST1004,Mouse,Electronics,1,1076.35,Bengaluru,Net Banking,1076.35
ORD103005,2025-08-14,CUST1005,Monitor,Electronics,1,592.15,Coimbatore,UPI,592.15
ORD103006,2025-08-25,CUST1006,Smartphone,Electronics,1,1151.46,Coimbatore,Credit Card,1151.46
ORD103007,2025-01-26,CUST1007,Keyboard,Electronics,4,673.49,Hyderabad,Debit Card,2693.96
ORD103008,2025-05-01,CUST1008,Headphones,Electronics,2,525.54,Mumbai,UPI,1051.08
ORD103009,2025-07-01,CUST1009,Tablet,Electronics,1,682.3,Pune,Credit Card,682.3
ORD103010,2025-07-18,CUST1010,Backpack,Accessories,5,1125.35,Pune,Debit Card,5626.75
ORD103011,2025-10-29,CUST1011,Mouse,Electronics,5,1354.31,Chennai,UPI,6771.55
ORD103012,2025-09-12,CUST1012,Monitor,Electronics,5,84.15,Mumbai,Net Banking,420.75
ORD103013,2025-05-02,CUST1013,Shoes,Fashion,5,790.93,Kochi,UPI,3954.65
ORD103014,2025-01-31,CUST1014,Smartphone,Electronics,3,58.92,Mumbai,UPI,176.76
ORD103015,2025-11-11,CUST1015,Headphones,Electronics,4,707.93,Pune,UPI,2831.72
ORD103016,2025-10-12,CUST1016,Headphones,Electronics,2,1329.07,Kochi,Credit Card,2658.14
ORD103017,2025-04-16,CUST1017,Backpack,Accessories,2,548.77,Coimbatore,Net Banking,1097.54
ORD103018,2025-08-12,CUST1018,Tablet,Electronics,1,1399.35,Hyderabad,Net Banking,1399.35
ORD103019,2025-09-30,CUST1019,Smartwatch,Electronics,3,949.61,Kochi,Credit Card,2848.83
ORD103020,2025-08-20,CUST1020,Shoes,Fashion,2,1401.89,Kochi,UPI,2803.78
ORD103021,2025-09-13,CUST1021,Backpack,Accessories,4,1138.18,Mumbai,Net Banking,4552.72
ORD103022,2025-01-24,CUST1022,Monitor,Electronics,5,164.12,Pune,UPI,820.6
ORD103023,2025-04-19,CUST1023,Keyboard,Electronics,1,354.42,Mumbai,Net Banking,354.42
ORD103024,2025-07-10,CUST1024,Laptop,Electronics,4,597.31,Bengaluru,Credit Card,2389.24
ORD103025,2025-12-13,CUST1025,Smartwatch,Electronics,2,263.46,Chennai,Debit Card,526.92
ORD103026,2025-01-25,CUST1026,Tablet,Electronics,3,747.42,Hyderabad,UPI,2242.26
ORD103027,2025-07-06,CUST1027,Smartphone,Electronics,1,712.34,Pune,Net Banking,712.34
ORD103028,2025-10-15,CUST1028,Smartwatch,Electronics,2,1434.83,Chennai,Net Banking,2869.66
ORD103029,2025-04-26,CUST1029,Mouse,Electronics,1,656.25,Kochi,Net Banking,656.25
ORD103030,2025-12-04,CUST1030,Tablet,Electronics,2,1180.58,Coimbatore,Credit Card,2361.16
ORD103031,2025-02-06,CUST1031,Keyboard,Electronics,5,1413.45,Mumbai,Credit Card,7067.25
ORD103032,2025-10-09,CUST1032,Mouse,Electronics,3,1316.71,Mumbai,Debit Card,3950.13
ORD103033,2025-05-17,CUST1033,Smartwatch,Electronics,5,320.91,Delhi,Credit Card,1604.55
ORD103034,2025-08-15,CUST1034,Laptop,Electronics,2,749.08,Chennai,UPI,1498.16
ORD103035,2025-11-16,CUST1035,Laptop,Electronics,4,528.13,Coimbatore,Credit Card,2112.52
ORD103036,2025-11-24,CUST1036,Keyboard,Electronics,5,605.79,Pune,Net Banking,3028.95
ORD103037,2025-07-01,CUST1037,Headphones,Electronics,4,547.6,Delhi,UPI,2190.4
ORD103038,2025-12-28,CUST1038,Shoes,Fashion,2,1241.28,Kochi,Credit Card,2482.56
ORD103039,2025-03-27,CUST1039,Smartphone,Electronics,3,683.69,Delhi,UPI,2051.07
ORD103040,2025-02-22,CUST1040,Headphones,Electronics,4,790.3,Bengaluru,UPI,3161.2
ORD103041,2025-12-14,CUST1041,Laptop,Electronics,2,1473.85,Delhi,Credit Card,2947.7
ORD103042,2025-12-21,CUST1042,Laptop,Electronics,4,99.37,Delhi,UPI,397.48
ORD103043,2025-08-23,CUST1043,Monitor,Electronics,5,737.06,Bengaluru,Net Banking,3685.3
ORD103044,2025-09-24,CUST1044,Mouse,Electronics,2,1163.35,Mumbai,Net Banking,2326.7
ORD103045,2025-10-14,CUST1045,Smartwatch,Electronics,5,235.23,Mumbai,Credit Card,1176.15
ORD103046,2025-04-10,CUST1046,Smartphone,Electronics,1,921.18,Kochi,Credit Card,921.18
ORD103047,2025-03-28,CUST1047,Keyboard,Electronics,2,366.8,Hyderabad,Net Banking,733.6
ORD103048,2025-01-15,CUST1048,Smartwatch,Electronics,4,1302.43,Delhi,Credit Card,5209.72
ORD103049,2025-04-11,CUST1049,Monitor,Electronics,1,497.38,Chennai,Net Banking,497.38
ORD103050,2025-06-14,CUST1050,Laptop,Electronics,5,500.3,Mumbai,UPI,2501.5
ORD103051,2025-01-29,CUST1051,Keyboard,Electronics,5,901.31,Coimbatore,Credit Card,4506.55
ORD103052,2025-04-24,CUST1052,Laptop,Electronics,4,283.51,Pune,Debit Card,1134.04
ORD103053,2025-04-17,CUST1053,Smartphone,Electronics,1,434.48,Chennai,Net Banking,434.48
ORD103054,2025-12-30,CUST1054,Mouse,Electronics,3,630.78,Hyderabad,Net Banking,1892.34
ORD103055,2025-05-10,CUST1055,Smartwatch,Electronics,4,536.92,Delhi,UPI,2147.68
ORD103056,2025-03-25,CUST1056,Smartwatch,Electronics,5,792.07,Bengaluru,Debit Card,3960.35
ORD103057,2025-09-28,CUST1057,Headphones,Electronics,2,903.46,Hyderabad,Debit Card,1806.92
ORD103058,2025-09-01,CUST1058,Keyboard,Electronics,1,854.33,Chennai,Debit Card,854.33
ORD103059,2025-08-02,CUST1059,Shoes,Fashion,3,984.71,Bengaluru,Net Banking,2954.13
ORD103060,2025-11-02,CUST1060,Monitor,Electronics,2,468.55,Kochi,Net Banking,937.1
ORD103061,2025-06-15,CUST1061,Shoes,Fashion,1,198.38,Coimbatore,Debit Card,198.38
ORD103062,2025-10-06,CUST1062,Headphones,Electronics,4,1143.6,Bengaluru,Credit Card,4574.4
ORD103063,2025-02-28,CUST1063,Smartphone,Electronics,4,1277.66,Bengaluru,Debit Card,5110.64
ORD103064,2025-03-31,CUST1064,Monitor,Electronics,1,392.94,Coimbatore,UPI,392.94
ORD103065,2025-11-27,CUST1065,Mouse,Electronics,3,616.57,Mumbai,Debit Card,1849.71
ORD103066,2025-07-13,CUST1066,Shoes,Fashion,1,752.87,Mumbai,Debit Card,752.87
ORD103067,2025-05-03,CUST1067,Mouse,Electronics,2,804.66,Bengaluru,Debit Card,1609.32
ORD103068,2025-05-16,CUST1068,Shoes,Fashion,2,992.64,Pune,Credit Card,1985.28
ORD103069,2025-05-19,CUST1069,Mouse,Electronics,4,71.99,Bengaluru,Debit Card,287.96
ORD103070,2025-08-17,CUST1070,Shoes,Fashion,1,1085.0,Hyderabad,Debit Card,1085.0
ORD103071,2025-10-01,CUST1071,Mouse,Electronics,4,102.34,Pune,Net Banking,409.36
ORD103072,2025-02-19,CUST1072,Headphones,Electronics,3,707.75,Mumbai,Debit Card,2123.25
ORD103073,2025-04-28,CUST1073,Tablet,Electronics,2,1243.23,Coimbatore,UPI,2486.46
ORD103074,2025-07-21,CUST1074,Monitor,Electronics,5,682.31,Delhi,Net Banking,3411.55
ORD103075,2025-07-10,CUST1075,Keyboard,Electronics,5,232.14,Delhi,Credit Card,1160.7
ORD103076,2025-12-30,CUST1076,Smartphone,Electronics,1,1477.7,Bengaluru,Net Banking,1477.7
ORD103077,2025-11-19,CUST1077,Backpack,Accessories,1,1335.04,Bengaluru,Credit Card,1335.04
ORD103078,2025-06-30,CUST1078,Laptop,Electronics,5,1159.26,Delhi,Credit Card,5796.3
ORD103079,2025-03-19,CUST1079,Keyboard,Electronics,1,623.15,Hyderabad,UPI,623.15
ORD103080,2025-03-16,CUST1080,Laptop,Electronics,2,283.93,Hyderabad,Debit Card,567.86
ORD103081,2025-10-22,CUST1081,Monitor,Electronics,3,1412.7,Hyderabad,UPI,4238.1
ORD103082,2025-10-08,CUST1082,Keyboard,Electronics,3,803.2,Kochi,Net Banking,2409.6
ORD103083,2025-01-21,CUST1083,Mouse,Electronics,4,1280.01,Chennai,Credit Card,5120.04
ORD103084,2025-06-20,CUST1084,Mouse,Electronics,2,519.72,Coimbatore,Net Banking,1039.44
ORD103085,2025-01-15,CUST1085,Backpack,Accessories,1,509.58,Chennai,Credit Card,509.58
ORD103086,2025-07-30,CUST1086,Laptop,Electronics,1,1478.46,Bengaluru,Net Banking,1478.46
ORD103087,2025-02-17,CUST1087,Smartphone,Electronics,4,787.53,Hyderabad,Credit Card,3150.12
ORD103088,2025-03-27,CUST1088,Monitor,Electronics,4,219.64,Hyderabad,UPI,878.56
ORD103089,2025-05-29,CUST1089,Mouse,Electronics,1,337.32,Delhi,Credit Card,337.32
ORD103090,2025-07-07,CUST1090,Tablet,Electronics,1,728.1,Kochi,Debit Card,728.1
ORD103091,2025-11-02,CUST1091,Headphones,Electronics,2,73.28,Delhi,UPI,146.56
ORD103092,2025-05-31,CUST1092,Headphones,Electronics,4,699.18,Pune,Debit Card,2796.72
ORD103093,2025-05-21,CUST1093,Shoes,Fashion,2,634.22,Hyderabad,Net Banking,1268.44
ORD103094,2025-03-10,CUST1094,Smartphone,Electronics,1,1171.21,Kochi,Net Banking,1171.21
ORD103095,2025-09-17,CUST1095,Headphones,Electronics,5,538.86,Mumbai,Credit Card,2694.3
ORD103096,2025-11-30,CUST1096,Shoes,Fashion,5,1474.0,Delhi,Credit Card,7370.0
ORD103097,2025-01-09,CUST1097,Laptop,Electronics,1,279.35,Coimbatore,Net Banking,279.35
ORD103098,2025-05-01,CUST1098,Mouse,Electronics,4,890.57,Kochi,UPI,3562.28
ORD103099,2025-04-11,CUST1099,Mouse,Electronics,5,143.65,Chennai,Debit Card,718.25
ORD103100,2025-05-29,CUST1100,Tablet,Electronics,4,1103.46,Kochi,Net Banking,4413.84
ORD103101,2025-05-26,CUST1101,Keyboard,Electronics,5,1492.18,Coimbatore,UPI,7460.9
ORD103102,2025-12-19,CUST1102,Headphones,Electronics,4,1230.52,Delhi,Debit Card,4922.08
ORD103103,2025-08-31,CUST1103,Laptop,Electronics,5,838.0,Hyderabad,Credit Card,4190.0
ORD103104,2025-08-29,CUST1104,Smartwatch,Electronics,4,732.26,Bengaluru,UPI,2929.04
ORD103105,2025-12-03,CUST1105,Headphones,Electronics,2,1254.19,Kochi,UPI,2508.38
ORD103106,2025-02-12,CUST1106,Smartphone,Electronics,4,1404.6,Mumbai,Net Banking,5618.4
ORD103107,2025-04-05,CUST1107,Keyboard,Electronics,2,1483.92,Delhi,Debit Card,2967.84
ORD103108,2025-08-14,CUST1108,Headphones,Electronics,2,600.84,Coimbatore,Net Banking,1201.68
ORD103109,2025-01-06,CUST1109,Laptop,Electronics,1,1486.47,Kochi,Credit Card,1486.47
ORD103110,2025-08-02,CUST1110,Headphones,Electronics,2,242.33,Bengaluru,Credit Card,484.66
ORD103111,2025-07-25,CUST1111,Smartphone,Electronics,3,387.79,Delhi,Debit Card,1163.37
ORD103112,2025-03-08,CUST1112,Smartwatch,Electronics,2,142.63,Hyderabad,Debit Card,285.26
ORD103113,2025-04-10,CUST1113,Monitor,Electronics,4,414.89,Pune,Debit Card,1659.56
ORD103114,2025-01-12,CUST1114,Backpack,Accessories,2,1154.23,Hyderabad,Net Banking,2308.46
ORD103115,2025-08-25,CUST1115,Smartwatch,Electronics,4,1280.86,Hyderabad,Debit Card,5123.44
ORD103116,2025-11-18,CUST1116,Shoes,Fashion,4,1170.55,Hyderabad,Debit Card,4682.2
ORD103117,2025-09-15,CUST1117,Headphones,Electronics,3,950.29,Delhi,Net Banking,2850.87
ORD103118,2025-12-03,CUST1118,Mouse,Electronics,2,775.81,Pune,Credit Card,1551.62
ORD103119,2025-05-15,CUST1119,Tablet,Electronics,2,1065.97,Mumbai,Credit Card,2131.94
ORD103120,2025-08-10,CUST1120,Mouse,Electronics,5,592.34,Mumbai,UPI,2961.7
ORD103121,2025-06-05,CUST1121,Smartwatch,Electronics,5,1263.55,Coimbatore,Credit Card,6317.75
ORD103122,2025-05-22,CUST1122,Mouse,Electronics,1,1019.01,Delhi,Debit Card,1019.01
ORD103123,2025-06-07,CUST1123,Laptop,Electronics,4,1049.73,Kochi,Credit Card,4198.92
ORD103124,2025-11-22,CUST1124,Mouse,Electronics,3,808.54,Kochi,Net Banking,2425.62
ORD103125,2025-12-10,CUST1125,Keyboard,Electronics,5,1328.99,Pune,Credit Card,6644.95
ORD103126,2025-09-19,CUST1126,Monitor,Electronics,2,385.5,Kochi,Credit Card,771.0
ORD103127,2025-10-10,CUST1127,Headphones,Electronics,1,577.91,Pune,UPI,577.91
ORD103128,2025-12-04,CUST1128,Mouse,Electronics,3,1168.69,Hyderabad,UPI,3506.07
ORD103129,2025-12-10,CUST1129,Smartphone,Electronics,2,744.2,Kochi,Debit Card,1488.4
ORD103130,2025-08-17,CUST1130,Monitor,Electronics,2,1334.93,Mumbai,Net Banking,2669.86
ORD103131,2025-10-07,CUST1131,Monitor,Electronics,4,526.13,Delhi,Debit Card,2104.52
ORD103132,2025-12-24,CUST1132,Mouse,Electronics,4,560.3,Bengaluru,Net Banking,2241.2
ORD103133,2025-10-17,CUST1133,Monitor,Electronics,5,1334.22,Mumbai,Net Banking,6671.1
ORD103134,2025-06-17,CUST1134,Tablet,Electronics,5,701.91,Kochi,UPI,3509.55
ORD103135,2025-02-16,CUST1135,Mouse,Electronics,2,779.03,Mumbai,Credit Card,1558.06
ORD103136,2025-07-22,CUST1136,Laptop,Electronics,2,505.82,Pune,Credit Card,1011.64
ORD103137,2025-08-02,CUST1137,Smartwatch,Electronics,5,422.24,Coimbatore,UPI,2111.2
ORD103138,2025-09-03,CUST1138,Keyboard,Electronics,5,987.36,Mumbai,Debit Card,4936.8
ORD103139,2025-01-24,CUST1139,Backpack,Accessories,2,188.56,Bengaluru,Credit Card,377.12
ORD103140,2025-11-17,CUST1140,Shoes,Fashion,3,1320.12,Hyderabad,Debit Card,3960.36
ORD103141,2025-10-01,CUST1141,Monitor,Electronics,2,1171.01,Chennai,Credit Card,2342.02
ORD103142,2025-02-13,CUST1142,Laptop,Electronics,3,294.21,Coimbatore,Debit Card,882.63
ORD103143,2025-11-28,CUST1143,Headphones,Electronics,3,1044.09,Bengaluru,Net Banking,3132.27
ORD103144,2025-11-09,CUST1144,Headphones,Electronics,2,907.92,Coimbatore,Net Banking,1815.84
ORD103145,2025-12-29,CUST1145,Shoes,Fashion,1,284.96,Kochi,Credit Card,284.96
ORD103146,2025-06-05,CUST1146,Keyboard,Electronics,5,417.07,Delhi,Debit Card,2085.35
ORD103147,2025-07-18,CUST1147,Monitor,Electronics,4,619.39,Kochi,Debit Card,2477.56
ORD103148,2025-06-11,CUST1148,Tablet,Electronics,2,1051.87,Hyderabad,Net Banking,2103.74
ORD103149,2025-08-22,CUST1149,Shoes,Fashion,3,961.7,Mumbai,Debit Card,2885.1
ORD103150,2025-06-12,CUST1150,Keyboard,Electronics,2,803.03,Kochi,UPI,1606.06
ORD103151,2025-04-26,CUST1151,Monitor,Electronics,5,1154.93,Delhi,Debit Card,5774.65
ORD103152,2025-04-03,CUST1152,Laptop,Electronics,3,1139.33,Mumbai,Net Banking,3417.99
ORD103153,2025-02-11,CUST1153,Smartwatch,Electronics,4,930.61,Kochi,UPI,3722.44
ORD103154,2025-10-11,CUST1154,Tablet,Electronics,4,1182.62,Pune,UPI,4730.48
ORD103155,2025-07-29,CUST1155,Backpack,Accessories,4,508.05,Bengaluru,Debit Card,2032.2
ORD103156,2025-07-25,CUST1156,Headphones,Electronics,1,1323.06,Hyderabad,Net Banking,1323.06
ORD103157,2025-08-08,CUST1157,Smartphone,Electronics,3,926.22,Chennai,Net Banking,2778.66
ORD103158,2025-10-07,CUST1158,Laptop,Electronics,3,1235.32,Chennai,Net Banking,3705.96
ORD103159,2025-05-16,CUST1159,Headphones,Electronics,1,823.96,Mumbai,UPI,823.96
ORD103160,2025-04-16,CUST1160,Mouse,Electronics,3,335.47,Delhi,Net Banking,1006.41
ORD103161,2025-04-28,CUST1161,Smartphone,Electronics,1,818.19,Pune,UPI,818.19
ORD103162,2025-08-25,CUST1162,Headphones,Electronics,2,562.96,Hyderabad,UPI,1125.92
ORD103163,2025-11-05,CUST1163,Keyboard,Electronics,5,1049.27,Hyderabad,Credit Card,5246.35
ORD103164,2025-04-10,CUST1164,Tablet,Electronics,4,718.93,Bengaluru,Debit Card,2875.72
ORD103165,2025-09-18,CUST1165,Headphones,Electronics,1,1255.81,Delhi,Net Banking,1255.81
ORD103166,2025-11-01,CUST1166,Backpack,Accessories,1,1020.33,Chennai,UPI,1020.33
ORD103167,2025-12-20,CUST1167,Smartwatch,Electronics,1,1029.97,Bengaluru,Debit Card,1029.97
ORD103168,2025-10-13,CUST1168,Keyboard,Electronics,2,333.56,Kochi,UPI,667.12
ORD103169,2025-11-24,CUST1169,Laptop,Electronics,1,1476.53,Coimbatore,Debit Card,1476.53
ORD103170,2025-04-13,CUST1170,Laptop,Electronics,5,1264.1,Hyderabad,UPI,6320.5
ORD103171,2025-03-04,CUST1171,Laptop,Electronics,5,1185.62,Chennai,Net Banking,5928.1
ORD103172,2025-06-24,CUST1172,Laptop,Electronics,4,502.02,Bengaluru,Credit Card,2008.08
ORD103173,2025-10-09,CUST1173,Smartwatch,Electronics,2,808.09,Mumbai,Credit Card,1616.18
ORD103174,2025-10-20,CUST1174,Headphones,Electronics,5,214.28,Coimbatore,Credit Card,1071.4
ORD103175,2025-08-14,CUST1175,Monitor,Electronics,3,812.33,Bengaluru,UPI,2436.99
ORD103176,2025-01-07,CUST1176,Headphones,Electronics,3,227.37,Mumbai,Debit Card,682.11
ORD103177,2025-05-07,CUST1177,Mouse,Electronics,3,834.03,Chennai,Net Banking,2502.09
ORD103178,2025-04-02,CUST1178,Tablet,Electronics,1,976.6,Chennai,Net Banking,976.6
ORD103179,2025-07-09,CUST1179,Smartphone,Electronics,1,591.39,Coimbatore,UPI,591.39
ORD103180,2025-12-25,CUST1180,Monitor,Electronics,3,752.83,Mumbai,Credit Card,2258.49
ORD103181,2025-02-22,CUST1181,Monitor,Electronics,4,1314.72,Hyderabad,UPI,5258.88
ORD103182,2025-08-30,CUST1182,Headphones,Electronics,4,171.76,Pune,Debit Card,687.04
ORD103183,2025-05-12,CUST1183,Monitor,Electronics,1,1189.68,Pune,Credit Card,1189.68
ORD103184,2025-12-30,CUST1184,Shoes,Fashion,3,264.42,Chennai,UPI,793.26
ORD103185,2025-04-22,CUST1185,Shoes,Fashion,4,64.69,Delhi,Debit Card,258.76
ORD103186,2025-01-07,CUST1186,Mouse,Electronics,1,286.51,Hyderabad,Credit Card,286.51
ORD103187,2025-08-18,CUST1187,Smartphone,Electronics,3,1149.91,Hyderabad,Net Banking,3449.73
ORD103188,2025-06-05,CUST1188,Backpack,Accessories,2,613.64,Pune,Debit Card,1227.28
ORD103189,2025-07-16,CUST1189,Smartwatch,Electronics,3,1310.06,Bengaluru,Net Banking,3930.18
ORD103190,2025-11-19,CUST1190,Headphones,Electronics,3,791.81,Kochi,Debit Card,2375.43
ORD103191,2025-12-30,CUST1191,Smartwatch,Electronics,5,43.15,Bengaluru,Credit Card,215.75
ORD103192,2025-08-11,CUST1192,Backpack,Accessories,5,1077.9,Chennai,UPI,5389.5
ORD103193,2025-09-07,CUST1193,Headphones,Electronics,2,174.25,Hyderabad,UPI,348.5
ORD103194,2025-03-24,CUST1194,Headphones,Electronics,2,1186.18,Bengaluru,UPI,2372.36
ORD103195,2025-08-28,CUST1195,Smartphone,Electronics,3,260.47,Mumbai,UPI,781.41
ORD103196,2025-12-26,CUST1196,Smartwatch,Electronics,4,524.72,Mumbai,Debit Card,2098.88
ORD103197,2025-11-19,CUST1197,Shoes,Fashion,2,1144.29,Kochi,UPI,2288.58
ORD103198,2025-09-20,CUST1198,Laptop,Electronics,3,1431.8,Mumbai,UPI,4295.4
ORD103199,2025-07-08,CUST1199,Smartwatch,Electronics,1,563.44,Kochi,Debit Card,563.44
ORD103200,2025-10-17,CUST1200,Tablet,Electronics,5,1245.81,Mumbai,Debit Card,6229.05
ORD103201,2025-12-28,CUST1201,Tablet,Electronics,4,294.28,Kochi,Credit Card,1177.12
ORD103202,2025-02-27,CUST1202,Headphones,Electronics,3,1212.7,Kochi,Debit Card,3638.1
ORD103203,2025-01-09,CUST1203,Laptop,Electronics,1,989.67,Kochi,Net Banking,989.67
ORD103204,2025-10-31,CUST1204,Keyboard,Electronics,5,297.19,Hyderabad,Credit Card,1485.95
ORD103205,2025-04-25,CUST1205,Backpack,Accessories,1,460.73,Mumbai,Credit Card,460.73
ORD103206,2025-07-29,CUST1206,Mouse,Electronics,3,206.34,Hyderabad,UPI,619.02
ORD103207,2025-02-10,CUST1207,Laptop,Electronics,2,580.62,Pune,UPI,1161.24
ORD103208,2025-10-31,CUST1208,Mouse,Electronics,5,313.44,Chennai,Net Banking,1567.2
ORD103209,2025-06-22,CUST1209,Smartwatch,Electronics,1,969.56,Kochi,UPI,969.56
ORD103210,2025-08-22,CUST1210,Smartwatch,Electronics,2,1491.81,Chennai,Debit Card,2983.62
ORD103211,2025-10-08,CUST1211,Mouse,Electronics,4,27.89,Mumbai,Debit Card,111.56
ORD103212,2025-03-19,CUST1212,Backpack,Accessories,3,815.97,Mumbai,UPI,2447.91
ORD103213,2025-04-18,CUST1213,Laptop,Electronics,3,864.76,Mumbai,UPI,2594.28
ORD103214,2025-10-08,CUST1214,Keyboard,Electronics,5,1372.17,Kochi,Debit Card,6860.85
ORD103215,2025-02-08,CUST1215,Headphones,Electronics,1,763.95,Chennai,Credit Card,763.95
ORD103216,2025-04-29,CUST1216,Smartphone,Electronics,4,820.12,Bengaluru,Net Banking,3280.48
ORD103217,2025-12-01,CUST1217,Smartwatch,Electronics,5,712.76,Chennai,Net Banking,3563.8
ORD103218,2025-12-02,CUST1218,Tablet,Electronics,5,410.67,Mumbai,Credit Card,2053.35
ORD103219,2025-01-27,CUST1219,Backpack,Accessories,1,93.48,Bengaluru,Net Banking,93.48
ORD103220,2025-04-14,CUST1220,Smartphone,Electronics,4,618.9,Kochi,UPI,2475.6
ORD103221,2025-03-15,CUST1221,Keyboard,Electronics,1,88.36,Bengaluru,UPI,88.36
ORD103222,2025-07-10,CUST1222,Monitor,Electronics,3,830.23,Coimbatore,UPI,2490.69
ORD103223,2025-11-20,CUST1223,Headphones,Electronics,2,467.87,Pune,Net Banking,935.74
ORD103224,2025-05-27,CUST1224,Smartwatch,Electronics,3,805.07,Hyderabad,Credit Card,2415.21
ORD103225,2025-09-12,CUST1225,Headphones,Electronics,3,210.1,Pune,UPI,630.3
ORD103226,2025-10-11,CUST1226,Smartphone,Electronics,5,1399.62,Mumbai,Credit Card,6998.1
ORD103227,2025-08-01,CUST1227,Headphones,Electronics,3,1342.84,Hyderabad,Debit Card,4028.52
ORD103228,2025-05-03,CUST1228,Monitor,Electronics,4,293.09,Coimbatore,Debit Card,1172.36
ORD103229,2025-07-25,CUST1229,Smartphone,Electronics,3,521.73,Hyderabad,Debit Card,1565.19
ORD103230,2025-08-28,CUST1230,Smartwatch,Electronics,4,924.1,Mumbai,Net Banking,3696.4
ORD103231,2025-12-05,CUST1231,Laptop,Electronics,1,152.57,Coimbatore,Net Banking,152.57
ORD103232,2025-10-13,CUST1232,Tablet,Electronics,5,538.31,Hyderabad,UPI,2691.55
ORD103233,2025-01-22,CUST1233,Smartphone,Electronics,4,384.16,Kochi,Debit Card,1536.64
ORD103234,2025-09-16,CUST1234,Shoes,Fashion,3,1374.12,Chennai,Credit Card,4122.36
ORD103235,2025-12-23,CUST1235,Monitor,Electronics,5,1280.24,Bengaluru,Net Banking,6401.2
ORD103236,2025-04-15,CUST1236,Smartphone,Electronics,5,873.95,Pune,Credit Card,4369.75
ORD103237,2025-09-15,CUST1237,Smartphone,Electronics,4,785.32,Coimbatore,Credit Card,3141.28
ORD103238,2025-07-23,CUST1238,Shoes,Fashion,4,1396.78,Chennai,UPI,5587.12
ORD103239,2025-11-06,CUST1239,Smartwatch,Electronics,2,1399.32,Mumbai,UPI,2798.64
ORD103240,2025-09-19,CUST1240,Smartphone,Electronics,2,1454.3,Bengaluru,Credit Card,2908.6
ORD103241,2025-04-17,CUST1241,Tablet,Electronics,5,196.81,Pune,Credit Card,984.05
ORD103242,2025-09-08,CUST1242,Headphones,Electronics,2,249.23,Coimbatore,Credit Card,498.46
ORD103243,2025-08-09,CUST1243,Smartwatch,Electronics,3,1018.34,Bengaluru,Credit Card,3055.02
ORD103244,2025-08-10,CUST1244,Tablet,Electronics,1,816.74,Delhi,Debit Card,816.74
ORD103245,2025-09-15,CUST1245,Smartwatch,Electronics,5,37.51,Kochi,Credit Card,187.55
ORD103246,2025-07-20,CUST1246,Tablet,Electronics,1,102.34,Delhi,Net Banking,102.34
ORD103247,2025-09-15,CUST1247,Monitor,Electronics,2,1333.24,Coimbatore,UPI,2666.48
ORD103248,2025-12-15,CUST1248,Tablet,Electronics,4,1304.62,Coimbatore,Net Banking,5218.48
ORD103249,2025-08-13,CUST1249,Mouse,Electronics,5,542.33,Hyderabad,UPI,2711.65
ORD103250,2025-07-21,CUST1250,Tablet,Electronics,2,1337.67,Bengaluru,UPI,2675.34
ORD103251,2025-08-14,CUST1251,Laptop,Electronics,3,894.58,Delhi,UPI,2683.74
ORD103252,2025-08-24,CUST1252,Laptop,Electronics,5,1210.8,Pune,Net Banking,6054.0
ORD103253,2025-07-02,CUST1253,Backpack,Accessories,5,646.87,Delhi,UPI,3234.35
ORD103254,2025-07-19,CUST1254,Mouse,Electronics,4,178.96,Bengaluru,Credit Card,715.84
ORD103255,2025-12-23,CUST1255,Mouse,Electronics,5,656.25,Delhi,Credit Card,3281.25
ORD103256,2025-09-03,CUST1256,Headphones,Electronics,4,691.38,Pune,Debit Card,2765.52
ORD103257,2025-12-19,CUST1257,Mouse,Electronics,2,830.91,Chennai,Debit Card,1661.82
ORD103258,2025-04-21,CUST1258,Headphones,Electronics,3,167.32,Kochi,Debit Card,501.96
ORD103259,2025-01-06,CUST1259,Backpack,Accessories,3,1487.19,Delhi,Credit Card,4461.57
ORD103260,2025-08-24,CUST1260,Backpack,Accessories,5,373.76,Kochi,Net Banking,1868.8
ORD103261,2025-05-07,CUST1261,Monitor,Electronics,5,305.84,Delhi,Debit Card,1529.2
ORD103262,2025-04-14,CUST1262,Laptop,Electronics,2,794.94,Mumbai,Credit Card,1589.88
ORD103263,2025-08-25,CUST1263,Tablet,Electronics,4,810.44,Chennai,UPI,3241.76
ORD103264,2025-06-04,CUST1264,Tablet,Electronics,3,665.33,Hyderabad,Net Banking,1995.99
ORD103265,2025-09-14,CUST1265,Shoes,Fashion,4,1160.12,Coimbatore,Net Banking,4640.48
ORD103266,2025-08-23,CUST1266,Shoes,Fashion,2,779.82,Pune,Credit Card,1559.64
ORD103267,2025-10-16,CUST1267,Keyboard,Electronics,3,918.45,Delhi,Credit Card,2755.35
ORD103268,2025-02-09,CUST1268,Smartwatch,Electronics,3,1088.38,Pune,UPI,3265.14
ORD103269,2025-10-15,CUST1269,Monitor,Electronics,1,47.29,Hyderabad,UPI,47.29
ORD103270,2025-07-16,CUST1270,Keyboard,Electronics,2,860.26,Hyderabad,UPI,1720.52
ORD103271,2025-09-30,CUST1271,Keyboard,Electronics,2,1327.45,Chennai,Net Banking,2654.9
ORD103272,2025-09-21,CUST1272,Smartphone,Electronics,1,35.91,Pune,Net Banking,35.91
ORD103273,2025-02-26,CUST1273,Smartphone,Electronics,4,613.72,Coimbatore,Debit Card,2454.88
ORD103274,2025-10-25,CUST1274,Keyboard,Electronics,1,1390.08,Mumbai,Debit Card,1390.08
ORD103275,2025-04-08,CUST1275,Mouse,Electronics,2,536.2,Hyderabad,Debit Card,1072.4
ORD103276,2025-05-17,CUST1276,Smartwatch,Electronics,4,693.51,Mumbai,Net Banking,2774.04
ORD103277,2025-03-28,CUST1277,Monitor,Electronics,3,1472.5,Coimbatore,UPI,4417.5
ORD103278,2025-08-30,CUST1278,Keyboard,Electronics,1,306.99,Coimbatore,Debit Card,306.99
ORD103279,2025-07-18,CUST1279,Tablet,Electronics,4,107.23,Kochi,UPI,428.92
ORD103280,2025-11-06,CUST1280,Smartwatch,Electronics,4,1290.54,Chennai,UPI,5162.16
ORD103281,2025-03-25,CUST1281,Smartphone,Electronics,4,1304.01,Pune,UPI,5216.04
ORD103282,2025-08-30,CUST1282,Tablet,Electronics,1,713.4,Bengaluru,Debit Card,713.4
ORD103283,2025-10-08,CUST1283,Smartphone,Electronics,3,776.17,Pune,Debit Card,2328.51
ORD103284,2025-11-19,CUST1284,Smartphone,Electronics,4,1255.35,Delhi,UPI,5021.4
ORD103285,2025-09-09,CUST1285,Smartwatch,Electronics,1,1110.45,Chennai,Debit Card,1110.45
ORD103286,2025-07-09,CUST1286,Smartphone,Electronics,2,405.07,Pune,Credit Card,810.14
ORD103287,2025-06-01,CUST1287,Backpack,Accessories,1,35.17,Mumbai,Debit Card,35.17
ORD103288,2025-10-29,CUST1288,Laptop,Electronics,1,724.75,Kochi,UPI,724.75
ORD103289,2025-10-05,CUST1289,Backpack,Accessories,1,1289.78,Pune,UPI,1289.78
ORD103290,2025-05-19,CUST1290,Laptop,Electronics,4,1344.79,Chennai,Net Banking,5379.16
ORD103291,2025-06-25,CUST1291,Shoes,Fashion,1,1434.78,Coimbatore,Net Banking,1434.78
ORD103292,2025-01-08,CUST1292,Shoes,Fashion,2,1320.55,Kochi,UPI,2641.1
ORD103293,2025-10-22,CUST1293,Smartphone,Electronics,4,874.26,Hyderabad,Credit Card,3497.04
ORD103294,2025-08-23,CUST1294,Monitor,Electronics,2,672.46,Kochi,Net Banking,1344.92
ORD103295,2025-06-12,CUST1295,Monitor,Electronics,5,1164.53,Kochi,UPI,5822.65
ORD103296,2025-02-18,CUST1296,Laptop,Electronics,1,1112.33,Delhi,Net Banking,1112.33
ORD103297,2025-10-29,CUST1297,Tablet,Electronics,4,811.83,Delhi,Net Banking,3247.32
ORD103298,2025-02-07,CUST1298,Smartwatch,Electronics,4,140.12,Bengaluru,UPI,560.48
ORD103299,2025-05-16,CUST1299,Smartphone,Electronics,1,1389.86,Coimbatore,Debit Card,1389.86
ORD103300,2025-11-06,CUST1300,Smartwatch,Electronics,3,688.85,Delhi,Credit Card,2066.55
ORD103301,2025-08-07,CUST1301,Backpack,Accessories,3,551.37,Kochi,Debit Card,1654.11
ORD103302,2025-12-14,CUST1302,Monitor,Electronics,2,948.06,Delhi,UPI,1896.12
ORD103303,2025-10-23,CUST1303,Mouse,Electronics,1,1014.02,Hyderabad,UPI,1014.02
ORD103304,2025-02-03,CUST1304,Backpack,Accessories,1,323.92,Mumbai,Credit Card,323.92
ORD103305,2025-12-18,CUST1305,Backpack,Accessories,5,1257.04,Mumbai,UPI,6285.2
ORD103306,2025-03-20,CUST1306,Laptop,Electronics,3,442.01,Mumbai,Net Banking,1326.03
ORD103307,2025-08-24,CUST1307,Headphones,Electronics,3,288.16,Chennai,Credit Card,864.48
ORD103308,2025-09-30,CUST1308,Backpack,Accessories,1,615.54,Mumbai,Debit Card,615.54
ORD103309,2025-06-10,CUST1309,Smartphone,Electronics,2,1098.53,Mumbai,Credit Card,2197.06
ORD103310,2025-06-24,CUST1310,Keyboard,Electronics,1,1448.53,Chennai,Debit Card,1448.53
ORD103311,2025-11-04,CUST1311,Keyboard,Electronics,2,1215.83,Kochi,UPI,2431.66
ORD103312,2025-08-09,CUST1312,Smartphone,Electronics,3,1411.12,Kochi,Debit Card,4233.36
ORD103313,2025-01-09,CUST1313,Headphones,Electronics,5,219.5,Kochi,Debit Card,1097.5
ORD103314,2025-10-16,CUST1314,Headphones,Electronics,4,116.05,Hyderabad,Debit Card,464.2
ORD103315,2025-04-23,CUST1315,Laptop,Electronics,3,840.98,Coimbatore,Credit Card,2522.94
ORD103316,2025-07-24,CUST1316,Monitor,Electronics,2,442.54,Delhi,Net Banking,885.08
ORD103317,2025-07-05,CUST1317,Smartwatch,Electronics,1,1243.8,Bengaluru,Debit Card,1243.8
ORD103318,2025-12-07,CUST1318,Headphones,Electronics,3,1011.26,Delhi,Credit Card,3033.78
ORD103319,2025-07-16,CUST1319,Mouse,Electronics,5,1456.38,Kochi,Credit Card,7281.9
ORD103320,2025-09-23,CUST1320,Laptop,Electronics,2,389.64,Kochi,Net Banking,779.28
ORD103321,2025-09-19,CUST1321,Shoes,Fashion,1,733.82,Mumbai,Credit Card,733.82
ORD103322,2025-09-05,CUST1322,Tablet,Electronics,4,756.85,Mumbai,UPI,3027.4
ORD103323,2025-04-25,CUST1323,Shoes,Fashion,2,366.37,Pune,UPI,732.74
ORD103324,2025-05-01,CUST1324,Laptop,Electronics,1,889.24,Delhi,UPI,889.24
ORD103325,2025-05-21,CUST1325,Backpack,Accessories,4,670.5,Kochi,Net Banking,2682.0
ORD103326,2025-03-06,CUST1326,Smartwatch,Electronics,1,675.62,Delhi,Credit Card,675.62
ORD103327,2025-10-03,CUST1327,Tablet,Electronics,4,550.48,Pune,UPI,2201.92
ORD103328,2025-11-09,CUST1328,Shoes,Fashion,4,35.22,Mumbai,Debit Card,140.88
ORD103329,2025-08-27,CUST1329,Tablet,Electronics,4,787.92,Kochi,Credit Card,3151.68
ORD103330,2025-10-29,CUST1330,Mouse,Electronics,1,509.52,Chennai,UPI,509.52
ORD103331,2025-01-10,CUST1331,Mouse,Electronics,4,11.97,Kochi,Credit Card,47.88
ORD103332,2025-08-21,CUST1332,Mouse,Electronics,2,468.84,Chennai,UPI,937.68
ORD103333,2025-07-14,CUST1333,Laptop,Electronics,5,425.16,Chennai,Debit Card,2125.8
ORD103334,2025-01-12,CUST1334,Smartwatch,Electronics,5,596.24,Bengaluru,Credit Card,2981.2
ORD103335,2025-06-26,CUST1335,Laptop,Electronics,4,206.46,Coimbatore,UPI,825.84
ORD103336,2025-06-26,CUST1336,Keyboard,Electronics,5,766.45,Mumbai,UPI,3832.25
ORD103337,2025-08-05,CUST1337,Backpack,Accessories,5,1041.74,Hyderabad,Debit Card,5208.7
ORD103338,2025-01-11,CUST1338,Backpack,Accessories,4,948.98,Delhi,Debit Card,3795.92
ORD103339,2025-04-28,CUST1339,Mouse,Electronics,4,1207.59,Delhi,UPI,4830.36
ORD103340,2025-06-13,CUST1340,Keyboard,Electronics,2,683.49,Mumbai,UPI,1366.98
ORD103341,2025-02-08,CUST1341,Headphones,Electronics,3,783.45,Mumbai,Net Banking,2350.35
ORD103342,2025-02-22,CUST1342,Headphones,Electronics,1,1217.5,Mumbai,Net Banking,1217.5
ORD103343,2025-08-06,CUST1343,Mouse,Electronics,4,647.27,Delhi,Credit Card,2589.08
ORD103344,2025-07-25,CUST1344,Shoes,Fashion,4,1055.38,Pune,Credit Card,4221.52
ORD103345,2025-11-08,CUST1345,Laptop,Electronics,5,657.56,Mumbai,Net Banking,3287.8
ORD103346,2025-12-26,CUST1346,Mouse,Electronics,2,632.43,Delhi,UPI,1264.86
ORD103347,2025-02-25,CUST1347,Monitor,Electronics,5,1142.71,Coimbatore,Debit Card,5713.55
ORD103348,2025-04-28,CUST1348,Tablet,Electronics,4,270.51,Hyderabad,Credit Card,1082.04
ORD103349,2025-09-10,CUST1349,Backpack,Accessories,4,514.49,Chennai,UPI,2057.96
ORD103350,2025-10-13,CUST1350,Headphones,Electronics,5,344.02,Pune,Debit Card,1720.1
ORD103351,2025-09-25,CUST1351,Smartphone,Electronics,4,545.07,Hyderabad,Debit Card,2180.28
ORD103352,2025-10-18,CUST1352,Headphones,Electronics,3,353.26,Mumbai,UPI,1059.78
ORD103353,2025-11-29,CUST1353,Backpack,Accessories,1,873.31,Hyderabad,UPI,873.31
ORD103354,2025-06-29,CUST1354,Tablet,Electronics,1,1199.27,Mumbai,Credit Card,1199.27
ORD103355,2025-12-24,CUST1355,Backpack,Accessories,1,1182.05,Hyderabad,Net Banking,1182.05
ORD103356,2025-08-23,CUST1356,Smartphone,Electronics,3,553.11,Bengaluru,UPI,1659.33
ORD103357,2025-12-09,CUST1357,Mouse,Electronics,4,1483.25,Kochi,Net Banking,5933.0
ORD103358,2025-07-15,CUST1358,Keyboard,Electronics,5,894.84,Hyderabad,Credit Card,4474.2
ORD103359,2025-11-04,CUST1359,Smartphone,Electronics,2,605.11,Kochi,Net Banking,1210.22
ORD103360,2025-03-21,CUST1360,Backpack,Accessories,4,1254.95,Chennai,Net Banking,5019.8
ORD103361,2025-05-15,CUST1361,Backpack,Accessories,3,1097.51,Chennai,Debit Card,3292.53
ORD103362,2025-01-22,CUST1362,Monitor,Electronics,3,1126.42,Pune,Credit Card,3379.26
ORD103363,2025-11-27,CUST1363,Monitor,Electronics,1,302.25,Hyderabad,UPI,302.25
ORD103364,2025-08-13,CUST1364,Smartwatch,Electronics,4,707.8,Delhi,Net Banking,2831.2
ORD103365,2025-02-27,CUST1365,Monitor,Electronics,1,1294.12,Kochi,Credit Card,1294.12
ORD103366,2025-04-03,CUST1366,Laptop,Electronics,2,761.02,Delhi,Debit Card,1522.04
ORD103367,2025-07-11,CUST1367,Keyboard,Electronics,1,1028.34,Delhi,Debit Card,1028.34
ORD103368,2025-04-13,CUST1368,Tablet,Electronics,2,886.02,Hyderabad,Net Banking,1772.04
ORD103369,2025-01-07,CUST1369,Smartphone,Electronics,3,1265.11,Delhi,Net Banking,3795.33
ORD103370,2025-05-08,CUST1370,Backpack,Accessories,1,434.0,Coimbatore,UPI,434.0
ORD103371,2025-02-24,CUST1371,Smartwatch,Electronics,1,867.46,Hyderabad,Credit Card,867.46
ORD103372,2025-08-19,CUST1372,Smartwatch,Electronics,5,193.62,Chennai,UPI,968.1
ORD103373,2025-12-28,CUST1373,Tablet,Electronics,3,1038.41,Kochi,UPI,3115.23
ORD103374,2025-03-03,CUST1374,Keyboard,Electronics,5,1100.63,Pune,Debit Card,5503.15
ORD103375,2025-08-28,CUST1375,Smartphone,Electronics,2,73.83,Delhi,Credit Card,147.66
ORD103376,2025-03-31,CUST1376,Headphones,Electronics,2,1016.93,Bengaluru,UPI,2033.86
ORD103377,2025-08-20,CUST1377,Monitor,Electronics,3,627.89,Delhi,Debit Card,1883.67
ORD103378,2025-08-21,CUST1378,Mouse,Electronics,2,194.9,Chennai,Net Banking,389.8
ORD103379,2025-12-20,CUST1379,Smartwatch,Electronics,3,635.66,Coimbatore,UPI,1906.98
ORD103380,2025-11-29,CUST1380,Monitor,Electronics,2,299.41,Hyderabad,Net Banking,598.82
ORD103381,2025-10-19,CUST1381,Monitor,Electronics,4,629.18,Delhi,Credit Card,2516.72
ORD103382,2025-12-11,CUST1382,Laptop,Electronics,1,582.67,Bengaluru,UPI,582.67
ORD103383,2025-06-01,CUST1383,Keyboard,Electronics,4,1110.2,Kochi,Net Banking,4440.8
ORD103384,2025-05-25,CUST1384,Mouse,Electronics,3,1163.58,Pune,Net Banking,3490.74
ORD103385,2025-05-10,CUST1385,Headphones,Electronics,3,914.47,Chennai,Credit Card,2743.41
ORD103386,2025-05-21,CUST1386,Backpack,Accessories,4,43.8,Pune,Debit Card,175.2
ORD103387,2025-04-03,CUST1387,Laptop,Electronics,1,1397.22,Pune,Debit Card,1397.22
ORD103388,2025-04-24,CUST1388,Monitor,Electronics,1,1032.49,Bengaluru,UPI,1032.49
ORD103389,2025-10-11,CUST1389,Monitor,Electronics,5,60.95,Kochi,Net Banking,304.75
ORD103390,2025-05-23,CUST1390,Shoes,Fashion,2,1230.06,Mumbai,Debit Card,2460.12
ORD103391,2025-08-11,CUST1391,Mouse,Electronics,5,308.4,Chennai,UPI,1542.0
ORD103392,2025-08-20,CUST1392,Mouse,Electronics,1,873.04,Mumbai,Net Banking,873.04
ORD103393,2025-02-02,CUST1393,Shoes,Fashion,4,705.29,Bengaluru,UPI,2821.16
ORD103394,2025-10-03,CUST1394,Mouse,Electronics,2,635.56,Hyderabad,Credit Card,1271.12
ORD103395,2025-06-19,CUST1395,Monitor,Electronics,4,1335.67,Hyderabad,UPI,5342.68
ORD103396,2025-05-20,CUST1396,Smartwatch,Electronics,5,661.67,Hyderabad,Credit Card,3308.35
ORD103397,2025-12-23,CUST1397,Smartphone,Electronics,3,122.26,Pune,Net Banking,366.78
ORD103398,2025-07-20,CUST1398,Monitor,Electronics,4,1420.49,Mumbai,Net Banking,5681.96
ORD103399,2025-01-23,CUST1399,Laptop,Electronics,5,1381.6,Pune,Net Banking,6908.0
ORD103400,2025-08-12,CUST1400,Keyboard,Electronics,5,1029.8,Hyderabad,UPI,5149.0
ORD103401,2025-09-27,CUST1401,Shoes,Fashion,5,707.16,Pune,Net Banking,3535.8
ORD103402,2025-12-13,CUST1402,Headphones,Electronics,3,148.36,Coimbatore,Net Banking,445.08
ORD103403,2025-06-02,CUST1403,Backpack,Accessories,3,1188.21,Chennai,Credit Card,3564.63
ORD103404,2025-11-29,CUST1404,Headphones,Electronics,3,122.46,Chennai,Net Banking,367.38
ORD103405,2025-03-26,CUST1405,Monitor,Electronics,2,112.22,Kochi,Net Banking,224.44
ORD103406,2025-04-19,CUST1406,Laptop,Electronics,3,810.7,Pune,Net Banking,2432.1
ORD103407,2025-01-31,CUST1407,Monitor,Electronics,3,248.59,Kochi,Debit Card,745.77
ORD103408,2025-08-17,CUST1408,Keyboard,Electronics,3,21.52,Bengaluru,Net Banking,64.56
ORD103409,2025-08-28,CUST1409,Smartwatch,Electronics,4,640.44,Delhi,UPI,2561.76
ORD103410,2025-12-29,CUST1410,Backpack,Accessories,3,214.45,Mumbai,Credit Card,643.35
ORD103411,2025-11-06,CUST1411,Keyboard,Electronics,2,249.17,Chennai,Net Banking,498.34
ORD103412,2025-05-21,CUST1412,Shoes,Fashion,5,124.6,Pune,UPI,623.0
ORD103413,2025-06-05,CUST1413,Shoes,Fashion,4,315.59,Mumbai,Credit Card,1262.36
ORD103414,2025-10-26,CUST1414,Monitor,Electronics,1,1076.07,Bengaluru,Credit Card,1076.07
ORD103415,2025-12-11,CUST1415,Laptop,Electronics,3,1215.3,Hyderabad,UPI,3645.9
ORD103416,2025-04-09,CUST1416,Keyboard,Electronics,5,684.28,Delhi,UPI,3421.4
ORD103417,2025-02-16,CUST1417,Tablet,Electronics,5,764.77,Bengaluru,Debit Card,3823.85
ORD103418,2025-11-23,CUST1418,Laptop,Electronics,4,58.66,Coimbatore,Debit Card,234.64
ORD103419,2025-03-08,CUST1419,Smartwatch,Electronics,1,113.28,Hyderabad,Net Banking,113.28
ORD103420,2025-03-03,CUST1420,Shoes,Fashion,2,393.78,Hyderabad,Debit Card,787.56
ORD103421,2025-04-19,CUST1421,Monitor,Electronics,5,820.41,Hyderabad,UPI,4102.05
ORD103422,2025-06-16,CUST1422,Mouse,Electronics,5,1111.93,Bengaluru,Debit Card,5559.65
ORD103423,2025-02-06,CUST1423,Shoes,Fashion,5,911.45,Coimbatore,Credit Card,4557.25
ORD103424,2025-04-29,CUST1424,Backpack,Accessories,5,594.27,Delhi,UPI,2971.35
ORD103425,2025-03-27,CUST1425,Smartphone,Electronics,4,186.3,Mumbai,Net Banking,745.2
ORD103426,2025-02-21,CUST1426,Mouse,Electronics,1,1173.35,Bengaluru,Credit Card,1173.35
ORD103427,2025-04-01,CUST1427,Monitor,Electronics,5,552.04,Chennai,Credit Card,2760.2
ORD103428,2025-10-16,CUST1428,Tablet,Electronics,2,1106.72,Chennai,Credit Card,2213.44
ORD103429,2025-12-03,CUST1429,Mouse,Electronics,2,774.34,Bengaluru,UPI,1548.68
ORD103430,2025-10-25,CUST1430,Backpack,Accessories,3,1110.61,Mumbai,UPI,3331.83
ORD103431,2025-07-23,CUST1431,Laptop,Electronics,5,1361.86,Chennai,Net Banking,6809.3
ORD103432,2025-08-26,CUST1432,Tablet,Electronics,5,1382.33,Mumbai,Debit Card,6911.65
ORD103433,2025-06-04,CUST1433,Shoes,Fashion,5,807.31,Hyderabad,Debit Card,4036.55
ORD103434,2025-08-28,CUST1434,Tablet,Electronics,5,772.15,Bengaluru,Debit Card,3860.75
ORD103435,2025-05-16,CUST1435,Keyboard,Electronics,5,405.86,Hyderabad,Debit Card,2029.3
ORD103436,2025-12-28,CUST1436,Backpack,Accessories,2,1404.34,Chennai,Credit Card,2808.68
ORD103437,2025-03-05,CUST1437,Mouse,Electronics,1,692.3,Mumbai,UPI,692.3
ORD103438,2025-05-03,CUST1438,Keyboard,Electronics,1,200.11,Hyderabad,Debit Card,200.11
ORD103439,2025-09-11,CUST1439,Tablet,Electronics,3,654.73,Chennai,Credit Card,1964.19
ORD103440,2025-04-24,CUST1440,Keyboard,Electronics,2,199.31,Pune,UPI,398.62
ORD103441,2025-01-20,CUST1441,Headphones,Electronics,5,758.77,Coimbatore,UPI,3793.85
ORD103442,2025-01-16,CUST1442,Backpack,Accessories,1,846.3,Hyderabad,UPI,846.3
ORD103443,2025-05-25,CUST1443,Smartwatch,Electronics,4,513.26,Coimbatore,Credit Card,2053.04
ORD103444,2025-07-27,CUST1444,Laptop,Electronics,4,116.76,Coimbatore,Debit Card,467.04
ORD103445,2025-01-19,CUST1445,Tablet,Electronics,4,1415.82,Delhi,UPI,5663.28
ORD103446,2025-06-15,CUST1446,Backpack,Accessories,5,1162.3,Kochi,Credit Card,5811.5
ORD103447,2025-02-07,CUST1447,Smartwatch,Electronics,5,1259.93,Chennai,UPI,6299.65
ORD103448,2025-06-30,CUST1448,Smartwatch,Electronics,3,556.63,Bengaluru,Net Banking,1669.89
ORD103449,2025-12-15,CUST1449,Monitor,Electronics,3,1143.64,Mumbai,Net Banking,3430.92
ORD103450,2025-04-15,CUST1450,Keyboard,Electronics,3,733.21,Pune,Credit Card,2199.63
ORD103451,2025-04-10,CUST1451,Smartwatch,Electronics,4,309.61,Chennai,Debit Card,1238.44
ORD103452,2025-03-31,CUST1452,Headphones,Electronics,5,195.39,Delhi,Debit Card,976.95
ORD103453,2025-10-27,CUST1453,Backpack,Accessories,4,524.13,Delhi,UPI,2096.52
ORD103454,2025-11-28,CUST1454,Smartphone,Electronics,3,214.95,Pune,Debit Card,644.85
ORD103455,2025-03-20,CUST1455,Smartphone,Electronics,5,1497.42,Hyderabad,Debit Card,7487.1
ORD103456,2025-03-14,CUST1456,Tablet,Electronics,2,83.29,Mumbai,Net Banking,166.58
ORD103457,2025-06-25,CUST1457,Shoes,Fashion,1,667.3,Delhi,Credit Card,667.3
ORD103458,2025-04-06,CUST1458,Keyboard,Electronics,1,683.62,Bengaluru,Net Banking,683.62
ORD103459,2025-12-11,CUST1459,Shoes,Fashion,3,457.94,Chennai,Credit Card,1373.82
ORD103460,2025-04-13,CUST1460,Smartwatch,Electronics,4,861.31,Bengaluru,UPI,3445.24
ORD103461,2025-08-12,CUST1461,Backpack,Accessories,2,233.47,Hyderabad,Net Banking,466.94
ORD103462,2025-01-06,CUST1462,Tablet,Electronics,5,1178.03,Kochi,Credit Card,5890.15
ORD103463,2025-05-02,CUST1463,Mouse,Electronics,4,505.35,Chennai,Debit Card,2021.4
ORD103464,2025-08-24,CUST1464,Smartwatch,Electronics,3,891.1,Hyderabad,Credit Card,2673.3
ORD103465,2025-04-26,CUST1465,Keyboard,Electronics,4,1076.3,Mumbai,Debit Card,4305.2
ORD103466,2025-06-12,CUST1466,Smartphone,Electronics,3,1334.67,Mumbai,UPI,4004.01
ORD103467,2025-08-14,CUST1467,Monitor,Electronics,1,1255.32,Kochi,Debit Card,1255.32
ORD103468,2025-08-18,CUST1468,Backpack,Accessories,1,916.38,Bengaluru,Credit Card,916.38
ORD103469,2025-07-01,CUST1469,Laptop,Electronics,4,588.71,Bengaluru,Net Banking,2354.84
ORD103470,2025-09-06,CUST1470,Shoes,Fashion,2,759.77,Mumbai,Credit Card,1519.54
ORD103471,2025-11-14,CUST1471,Tablet,Electronics,5,1155.41,Coimbatore,Net Banking,5777.05
ORD103472,2025-07-29,CUST1472,Shoes,Fashion,3,1317.54,Mumbai,Credit Card,3952.62
ORD103473,2025-05-24,CUST1473,Backpack,Accessories,5,164.64,Pune,Credit Card,823.2
ORD103474,2025-12-11,CUST1474,Shoes,Fashion,1,583.44,Chennai,UPI,583.44
ORD103475,2025-04-06,CUST1475,Backpack,Accessories,2,1166.41,Pune,Debit Card,2332.82
ORD103476,2025-12-12,CUST1476,Shoes,Fashion,2,653.16,Hyderabad,Credit Card,1306.32
ORD103477,2025-09-01,CUST1477,Headphones,Electronics,5,505.02,Mumbai,Net Banking,2525.1
ORD103478,2025-03-27,CUST1478,Mouse,Electronics,1,622.87,Mumbai,Debit Card,622.87
ORD103479,2025-07-03,CUST1479,Smartwatch,Electronics,5,908.24,Kochi,UPI,4541.2
ORD103480,2025-05-01,CUST1480,Smartwatch,Electronics,4,1499.71,Kochi,Debit Card,5998.84
ORD103481,2025-11-28,CUST1481,Keyboard,Electronics,2,744.56,Delhi,Credit Card,1489.12
ORD103482,2025-04-02,CUST1482,Laptop,Electronics,2,320.66,Hyderabad,Net Banking,641.32
ORD103483,2025-03-11,CUST1483,Laptop,Electronics,4,252.64,Delhi,Net Banking,1010.56
ORD103484,2025-05-13,CUST1484,Keyboard,Electronics,1,73.1,Hyderabad,Debit Card,73.1
ORD103485,2025-10-06,CUST1485,Monitor,Electronics,2,842.64,Pune,Net Banking,1685.28
ORD103486,2025-05-17,CUST1486,Smartwatch,Electronics,3,821.41,Chennai,Credit Card,2464.23
ORD103487,2025-11-10,CUST1487,Monitor,Electronics,3,315.8,Hyderabad,Net Banking,947.4
ORD103488,2025-07-06,CUST1488,Backpack,Accessories,1,1046.04,Bengaluru,Net Banking,1046.04
ORD103489,2025-08-09,CUST1489,Backpack,Accessories,4,1114.25,Kochi,Net Banking,4457.0
ORD103490,2025-02-15,CUST1490,Smartphone,Electronics,5,396.06,Mumbai,Credit Card,1980.3
ORD103491,2025-10-05,CUST1491,Shoes,Fashion,1,522.71,Kochi,UPI,522.71
ORD103492,2025-07-11,CUST1492,Laptop,Electronics,5,1485.8,Hyderabad,Net Banking,7429.0
ORD103493,2025-01-08,CUST1493,Smartphone,Electronics,1,567.65,Chennai,UPI,567.65
ORD103494,2025-10-03,CUST1494,Mouse,Electronics,3,1143.59,Hyderabad,Debit Card,3430.77
ORD103495,2025-06-28,CUST1495,Keyboard,Electronics,4,684.56,Mumbai,Debit Card,2738.24
ORD103496,2025-11-30,CUST1496,Keyboard,Electronics,3,1192.08,Coimbatore,Credit Card,3576.24
ORD103497,2025-02-08,CUST1497,Backpack,Accessories,4,1155.84,Hyderabad,Credit Card,4623.36
ORD103498,2025-10-20,CUST1498,Smartwatch,Electronics,5,1004.96,Bengaluru,Credit Card,5024.8
ORD103499,2025-06-27,CUST1499,Monitor,Electronics,1,1283.62,Kochi,Credit Card,1283.62
ORD103500,2025-06-11,CUST1500,Laptop,Electronics,2,1409.44,Mumbai,UPI,2818.88
ORD103501,2025-11-27,CUST1501,Smartphone,Electronics,2,874.18,Chennai,Credit Card,1748.36
ORD103502,2025-04-14,CUST1502,Monitor,Electronics,4,363.83,Pune,UPI,1455.32
ORD103503,2025-06-10,CUST1503,Smartphone,Electronics,4,603.96,Pune,Net Banking,2415.84
ORD103504,2025-10-14,CUST1504,Shoes,Fashion,3,1139.88,Mumbai,Net Banking,3419.64
ORD103505,2025-05-03,CUST1505,Mouse,Electronics,2,979.82,Delhi,Debit Card,1959.64
ORD103506,2025-02-23,CUST1506,Mouse,Electronics,3,274.92,Coimbatore,Debit Card,824.76
ORD103507,2025-02-03,CUST1507,Monitor,Electronics,5,86.35,Chennai,UPI,431.75
ORD103508,2025-08-30,CUST1508,Monitor,Electronics,2,1027.61,Coimbatore,Credit Card,2055.22
ORD103509,2025-04-23,CUST1509,Monitor,Electronics,5,384.11,Pune,Debit Card,1920.55
ORD103510,2025-11-14,CUST1510,Smartphone,Electronics,1,754.51,Coimbatore,UPI,754.51
ORD103511,2025-01-23,CUST1511,Shoes,Fashion,3,1122.65,Bengaluru,Debit Card,3367.95
ORD103512,2025-02-15,CUST1512,Headphones,Electronics,4,848.37,Kochi,Credit Card,3393.48
ORD103513,2025-11-08,CUST1513,Monitor,Electronics,2,134.12,Pune,UPI,268.24
ORD103514,2025-05-15,CUST1514,Smartwatch,Electronics,3,286.51,Hyderabad,Debit Card,859.53
ORD103515,2025-04-28,CUST1515,Laptop,Electronics,4,336.8,Bengaluru,Credit Card,1347.2
ORD103516,2025-07-08,CUST1516,Laptop,Electronics,1,394.22,Bengaluru,UPI,394.22
ORD103517,2025-05-11,CUST1517,Smartphone,Electronics,2,852.45,Delhi,UPI,1704.9
ORD103518,2025-07-31,CUST1518,Monitor,Electronics,5,760.91,Bengaluru,UPI,3804.55
ORD103519,2025-04-23,CUST1519,Backpack,Accessories,1,312.71,Chennai,Net Banking,312.71
ORD103520,2025-02-13,CUST1520,Keyboard,Electronics,4,110.66,Hyderabad,UPI,442.64
ORD103521,2025-05-08,CUST1521,Headphones,Electronics,2,265.43,Hyderabad,Debit Card,530.86
ORD103522,2025-12-30,CUST1522,Smartwatch,Electronics,2,1476.73,Pune,UPI,2953.46
ORD103523,2025-06-07,CUST1523,Shoes,Fashion,1,708.13,Chennai,UPI,708.13
ORD103524,2025-09-30,CUST1524,Backpack,Accessories,2,1302.34,Bengaluru,UPI,2604.68
ORD103525,2025-11-11,CUST1525,Mouse,Electronics,4,1274.64,Bengaluru,UPI,5098.56
ORD103526,2025-12-21,CUST1526,Backpack,Accessories,1,772.16,Coimbatore,UPI,772.16
ORD103527,2025-12-06,CUST1527,Smartphone,Electronics,5,1062.96,Pune,Net Banking,5314.8
ORD103528,2025-02-14,CUST1528,Headphones,Electronics,1,297.2,Pune,Credit Card,297.2
ORD103529,2025-04-18,CUST1529,Tablet,Electronics,1,1035.71,Coimbatore,Net Banking,1035.71
ORD103530,2025-08-07,CUST1530,Tablet,Electronics,5,415.85,Delhi,Debit Card,2079.25
ORD103531,2025-11-14,CUST1531,Monitor,Electronics,4,1249.77,Mumbai,Credit Card,4999.08
ORD103532,2025-11-11,CUST1532,Monitor,Electronics,3,134.75,Coimbatore,Debit Card,404.25
ORD103533,2025-06-26,CUST1533,Smartphone,Electronics,3,1161.98,Hyderabad,UPI,3485.94
ORD103534,2025-08-16,CUST1534,Shoes,Fashion,5,158.91,Kochi,Debit Card,794.55
ORD103535,2025-07-10,CUST1535,Monitor,Electronics,4,1322.97,Chennai,Net Banking,5291.88
ORD103536,2025-06-09,CUST1536,Keyboard,Electronics,2,463.26,Bengaluru,Net Banking,926.52
ORD103537,2025-09-24,CUST1537,Headphones,Electronics,5,985.05,Mumbai,UPI,4925.25
ORD103538,2025-12-24,CUST1538,Smartphone,Electronics,3,736.38,Coimbatore,UPI,2209.14
ORD103539,2025-11-22,CUST1539,Laptop,Electronics,4,555.79,Pune,Credit Card,2223.16
ORD103540,2025-07-09,CUST1540,Mouse,Electronics,1,971.71,Mumbai,Net Banking,971.71
ORD103541,2025-06-24,CUST1541,Smartphone,Electronics,4,1421.81,Chennai,Net Banking,5687.24
ORD103542,2025-10-17,CUST1542,Smartphone,Electronics,4,71.49,Kochi,Credit Card,285.96
ORD103543,2025-12-23,CUST1543,Tablet,Electronics,3,1379.09,Chennai,Net Banking,4137.27
ORD103544,2025-05-25,CUST1544,Smartwatch,Electronics,3,917.53,Pune,Credit Card,2752.59
ORD103545,2025-08-20,CUST1545,Shoes,Fashion,2,1212.9,Mumbai,Net Banking,2425.8
ORD103546,2025-12-26,CUST1546,Smartwatch,Electronics,2,581.97,Mumbai,Debit Card,1163.94
ORD103547,2025-07-23,CUST1547,Keyboard,Electronics,5,713.05,Delhi,Debit Card,3565.25
ORD103548,2025-08-01,CUST1548,Laptop,Electronics,1,1304.59,Mumbai,Credit Card,1304.59
ORD103549,2025-02-09,CUST1549,Tablet,Electronics,2,628.12,Bengaluru,Credit Card,1256.24
ORD103550,2025-10-02,CUST1550,Laptop,Electronics,3,806.64,Kochi,UPI,2419.92
ORD103551,2025-11-19,CUST1551,Keyboard,Electronics,4,40.09,Kochi,Net Banking,160.36
ORD103552,2025-03-23,CUST1552,Smartwatch,Electronics,5,246.31,Kochi,Debit Card,1231.55
ORD103553,2025-06-30,CUST1553,Smartphone,Electronics,2,966.11,Hyderabad,UPI,1932.22
ORD103554,2025-11-16,CUST1554,Monitor,Electronics,4,1078.3,Coimbatore,Net Banking,4313.2
ORD103555,2025-03-24,CUST1555,Monitor,Electronics,4,878.08,Pune,Debit Card,3512.32
ORD103556,2025-10-30,CUST1556,Backpack,Accessories,2,223.53,Coimbatore,Net Banking,447.06
ORD103557,2025-09-19,CUST1557,Mouse,Electronics,1,673.65,Kochi,Credit Card,673.65
ORD103558,2025-09-29,CUST1558,Shoes,Fashion,1,539.09,Coimbatore,Debit Card,539.09
ORD103559,2025-07-19,CUST1559,Keyboard,Electronics,5,748.54,Mumbai,Debit Card,3742.7
ORD103560,2025-08-28,CUST1560,Mouse,Electronics,1,1306.79,Pune,UPI,1306.79
ORD103561,2025-06-29,CUST1561,Shoes,Fashion,5,1166.03,Mumbai,Net Banking,5830.15
ORD103562,2025-06-20,CUST1562,Mouse,Electronics,3,135.14,Delhi,Credit Card,405.42
ORD103563,2025-10-22,CUST1563,Smartwatch,Electronics,2,1336.56,Mumbai,Credit Card,2673.12
ORD103564,2025-06-26,CUST1564,Shoes,Fashion,4,712.93,Delhi,Net Banking,2851.72
ORD103565,2025-08-25,CUST1565,Smartwatch,Electronics,5,1118.35,Delhi,Net Banking,5591.75
ORD103566,2025-05-18,CUST1566,Smartphone,Electronics,1,218.66,Bengaluru,Credit Card,218.66
ORD103567,2025-11-23,CUST1567,Tablet,Electronics,5,1009.37,Bengaluru,Net Banking,5046.85
ORD103568,2025-11-07,CUST1568,Smartwatch,Electronics,5,362.13,Bengaluru,UPI,1810.65
ORD103569,2025-05-09,CUST1569,Monitor,Electronics,1,663.19,Kochi,Net Banking,663.19
ORD103570,2025-02-18,CUST1570,Mouse,Electronics,1,35.13,Bengaluru,UPI,35.13
ORD103571,2025-06-13,CUST1571,Backpack,Accessories,2,235.9,Chennai,UPI,471.8
ORD103572,2025-10-04,CUST1572,Headphones,Electronics,4,147.2,Bengaluru,Net Banking,588.8
ORD103573,2025-10-20,CUST1573,Shoes,Fashion,2,367.22,Bengaluru,Debit Card,734.44
ORD103574,2025-04-26,CUST1574,Keyboard,Electronics,2,159.03,Bengaluru,Debit Card,318.06
ORD103575,2025-01-24,CUST1575,Backpack,Accessories,1,1040.95,Delhi,UPI,1040.95
ORD103576,2025-11-07,CUST1576,Monitor,Electronics,1,53.27,Coimbatore,Net Banking,53.27
ORD103577,2025-01-25,CUST1577,Smartwatch,Electronics,4,930.43,Pune,UPI,3721.72
ORD103578,2025-05-07,CUST1578,Tablet,Electronics,5,219.65,Coimbatore,Net Banking,1098.25
ORD103579,2025-08-22,CUST1579,Smartphone,Electronics,2,1418.29,Coimbatore,Net Banking,2836.58
ORD103580,2025-07-28,CUST1580,Headphones,Electronics,4,1400.31,Hyderabad,Credit Card,5601.24
ORD103581,2025-04-03,CUST1581,Laptop,Electronics,2,346.0,Chennai,Debit Card,692.0
ORD103582,2025-04-04,CUST1582,Backpack,Accessories,5,925.49,Delhi,Debit Card,4627.45
ORD103583,2025-11-23,CUST1583,Tablet,Electronics,2,51.73,Mumbai,Credit Card,103.46
ORD103584,2025-08-13,CUST1584,Laptop,Electronics,3,1398.36,Delhi,Credit Card,4195.08
ORD103585,2025-10-07,CUST1585,Headphones,Electronics,4,789.25,Bengaluru,Credit Card,3157.0
ORD103586,2025-01-11,CUST1586,Keyboard,Electronics,1,74.4,Coimbatore,UPI,74.4
ORD103587,2025-11-25,CUST1587,Keyboard,Electronics,2,520.32,Delhi,UPI,1040.64
ORD103588,2025-01-12,CUST1588,Mouse,Electronics,4,124.51,Chennai,UPI,498.04
ORD103589,2025-02-04,CUST1589,Headphones,Electronics,4,595.49,Bengaluru,UPI,2381.96
ORD103590,2025-08-16,CUST1590,Headphones,Electronics,2,1008.19,Hyderabad,UPI,2016.38
ORD103591,2025-08-08,CUST1591,Laptop,Electronics,1,710.14,Mumbai,Debit Card,710.14
ORD103592,2025-05-21,CUST1592,Tablet,Electronics,1,581.75,Bengaluru,Debit Card,581.75
ORD103593,2025-01-23,CUST1593,Shoes,Fashion,2,187.54,Pune,Net Banking,375.08
ORD103594,2025-03-24,CUST1594,Laptop,Electronics,4,374.96,Mumbai,Debit Card,1499.84
ORD103595,2025-08-17,CUST1595,Smartphone,Electronics,1,159.21,Delhi,Credit Card,159.21
ORD103596,2025-12-10,CUST1596,Keyboard,Electronics,2,1213.17,Bengaluru,Debit Card,2426.34
ORD103597,2025-03-21,CUST1597,Keyboard,Electronics,2,211.51,Hyderabad,Credit Card,423.02
ORD103598,2025-12-19,CUST1598,Mouse,Electronics,2,897.11,Delhi,Debit Card,1794.22
ORD103599,2025-10-17,CUST1599,Smartphone,Electronics,4,520.68,Chennai,UPI,2082.72
ORD103600,2025-11-27,CUST1600,Keyboard,Electronics,1,346.71,Mumbai,Debit Card,346.71
ORD103601,2025-06-08,CUST1601,Laptop,Electronics,4,962.81,Mumbai,Net Banking,3851.24
ORD103602,2025-05-08,CUST1602,Smartphone,Electronics,3,690.93,Chennai,UPI,2072.79
ORD103603,2025-07-09,CUST1603,Laptop,Electronics,1,606.22,Kochi,UPI,606.22
ORD103604,2025-01-31,CUST1604,Shoes,Fashion,4,893.35,Kochi,Net Banking,3573.4
ORD103605,2025-12-25,CUST1605,Shoes,Fashion,1,741.99,Pune,Debit Card,741.99
ORD103606,2025-01-15,CUST1606,Keyboard,Electronics,3,462.19,Kochi,Debit Card,1386.57
ORD103607,2025-11-09,CUST1607,Keyboard,Electronics,5,843.0,Mumbai,Net Banking,4215.0
ORD103608,2025-03-16,CUST1608,Tablet,Electronics,2,1007.55,Kochi,UPI,2015.1
ORD103609,2025-02-03,CUST1609,Shoes,Fashion,4,49.77,Delhi,Net Banking,199.08
ORD103610,2025-12-25,CUST1610,Backpack,Accessories,3,704.15,Coimbatore,Credit Card,2112.45
ORD103611,2025-07-15,CUST1611,Backpack,Accessories,3,95.95,Pune,Credit Card,287.85
ORD103612,2025-11-27,CUST1612,Mouse,Electronics,1,287.74,Chennai,Debit Card,287.74
ORD103613,2025-01-29,CUST1613,Shoes,Fashion,1,845.16,Hyderabad,UPI,845.16
ORD103614,2025-07-13,CUST1614,Laptop,Electronics,2,1300.62,Pune,Credit Card,2601.24
ORD103615,2025-01-16,CUST1615,Laptop,Electronics,1,1325.38,Bengaluru,Net Banking,1325.38
ORD103616,2025-03-18,CUST1616,Monitor,Electronics,4,114.22,Kochi,Debit Card,456.88
ORD103617,2025-10-20,CUST1617,Smartphone,Electronics,4,634.47,Bengaluru,Debit Card,2537.88
ORD103618,2025-03-22,CUST1618,Smartwatch,Electronics,4,878.68,Chennai,UPI,3514.72
ORD103619,2025-05-04,CUST1619,Backpack,Accessories,5,229.13,Kochi,Credit Card,1145.65
ORD103620,2025-01-19,CUST1620,Keyboard,Electronics,4,1150.49,Coimbatore,Debit Card,4601.96
ORD103621,2025-04-12,CUST1621,Mouse,Electronics,1,1118.91,Delhi,Net Banking,1118.91
ORD103622,2025-03-18,CUST1622,Smartwatch,Electronics,1,1355.98,Hyderabad,Credit Card,1355.98
ORD103623,2025-08-17,CUST1623,Headphones,Electronics,4,22.64,Bengaluru,Debit Card,90.56
ORD103624,2025-10-24,CUST1624,Mouse,Electronics,3,332.86,Bengaluru,Debit Card,998.58
ORD103625,2025-07-22,CUST1625,Headphones,Electronics,3,1242.51,Delhi,Credit Card,3727.53
ORD103626,2025-03-02,CUST1626,Shoes,Fashion,3,1009.16,Coimbatore,Credit Card,3027.48
ORD103627,2025-01-26,CUST1627,Headphones,Electronics,2,1342.64,Mumbai,UPI,2685.28
ORD103628,2025-03-12,CUST1628,Headphones,Electronics,5,95.2,Pune,Net Banking,476.0
ORD103629,2025-04-13,CUST1629,Tablet,Electronics,4,899.48,Chennai,UPI,3597.92
ORD103630,2025-11-22,CUST1630,Tablet,Electronics,2,857.88,Coimbatore,UPI,1715.76
ORD103631,2025-12-29,CUST1631,Tablet,Electronics,3,63.15,Coimbatore,Net Banking,189.45
ORD103632,2025-06-06,CUST1632,Shoes,Fashion,4,775.15,Coimbatore,Net Banking,3100.6
ORD103633,2025-12-29,CUST1633,Smartwatch,Electronics,2,918.19,Coimbatore,UPI,1836.38
ORD103634,2025-12-25,CUST1634,Mouse,Electronics,1,295.03,Mumbai,Credit Card,295.03
ORD103635,2025-07-13,CUST1635,Mouse,Electronics,3,417.26,Delhi,Net Banking,1251.78
ORD103636,2025-10-02,CUST1636,Keyboard,Electronics,2,964.12,Hyderabad,UPI,1928.24
ORD103637,2025-11-20,CUST1637,Tablet,Electronics,1,707.77,Pune,Credit Card,707.77
ORD103638,2025-07-05,CUST1638,Shoes,Fashion,3,1288.44,Coimbatore,Debit Card,3865.32
ORD103639,2025-11-22,CUST1639,Keyboard,Electronics,5,520.15,Pune,Credit Card,2600.75
ORD103640,2025-04-23,CUST1640,Smartphone,Electronics,3,407.32,Coimbatore,UPI,1221.96
ORD103641,2025-11-09,CUST1641,Keyboard,Electronics,5,1477.45,Chennai,Net Banking,7387.25
ORD103642,2025-06-14,CUST1642,Smartwatch,Electronics,5,1367.59,Bengaluru,Credit Card,6837.95
ORD103643,2025-03-02,CUST1643,Backpack,Accessories,5,53.2,Mumbai,Credit Card,266.0
ORD103644,2025-04-02,CUST1644,Headphones,Electronics,4,1158.39,Coimbatore,Credit Card,4633.56
ORD103645,2025-10-13,CUST1645,Tablet,Electronics,4,174.4,Kochi,Net Banking,697.6
ORD103646,2025-06-02,CUST1646,Backpack,Accessories,5,50.95,Hyderabad,Net Banking,254.75
ORD103647,2025-08-13,CUST1647,Keyboard,Electronics,1,417.81,Hyderabad,Credit Card,417.81
ORD103648,2025-05-07,CUST1648,Shoes,Fashion,5,411.33,Hyderabad,Credit Card,2056.65
ORD103649,2025-07-12,CUST1649,Headphones,Electronics,2,1230.78,Kochi,UPI,2461.56
ORD103650,2025-04-25,CUST1650,Mouse,Electronics,5,1068.89,Chennai,Net Banking,5344.45
ORD103651,2025-09-19,CUST1651,Laptop,Electronics,4,1472.6,Hyderabad,Credit Card,5890.4
ORD103652,2025-01-18,CUST1652,Headphones,Electronics,4,1070.15,Delhi,Net Banking,4280.6
ORD103653,2025-01-10,CUST1653,Smartwatch,Electronics,2,633.2,Chennai,Net Banking,1266.4
ORD103654,2025-04-02,CUST1654,Smartwatch,Electronics,2,1051.4,Mumbai,Net Banking,2102.8
ORD103655,2025-05-19,CUST1655,Keyboard,Electronics,3,1499.19,Hyderabad,UPI,4497.57
ORD103656,2025-11-29,CUST1656,Smartphone,Electronics,1,1068.11,Bengaluru,Debit Card,1068.11
ORD103657,2025-12-23,CUST1657,Smartwatch,Electronics,1,1144.91,Coimbatore,Net Banking,1144.91
ORD103658,2025-12-06,CUST1658,Smartwatch,Electronics,1,1408.16,Mumbai,Net Banking,1408.16
ORD103659,2025-02-21,CUST1659,Shoes,Fashion,4,179.34,Delhi,Credit Card,717.36
ORD103660,2025-07-14,CUST1660,Keyboard,Electronics,1,1060.13,Bengaluru,Net Banking,1060.13
ORD103661,2025-07-25,CUST1661,Headphones,Electronics,3,1277.7,Mumbai,Debit Card,3833.1
ORD103662,2025-10-14,CUST1662,Smartphone,Electronics,3,1432.02,Delhi,Net Banking,4296.06
ORD103663,2025-04-03,CUST1663,Backpack,Accessories,1,324.34,Hyderabad,UPI,324.34
ORD103664,2025-11-05,CUST1664,Laptop,Electronics,2,760.85,Mumbai,Credit Card,1521.7
ORD103665,2025-05-25,CUST1665,Tablet,Electronics,3,1024.03,Mumbai,Debit Card,3072.09
ORD103666,2025-03-27,CUST1666,Mouse,Electronics,2,378.73,Mumbai,UPI,757.46
ORD103667,2025-06-02,CUST1667,Smartwatch,Electronics,4,904.7,Chennai,Debit Card,3618.8
ORD103668,2025-01-02,CUST1668,Keyboard,Electronics,3,393.79,Kochi,Credit Card,1181.37
ORD103669,2025-12-08,CUST1669,Tablet,Electronics,2,506.85,Bengaluru,Net Banking,1013.7
ORD103670,2025-09-17,CUST1670,Mouse,Electronics,1,667.86,Pune,Credit Card,667.86
ORD103671,2025-06-13,CUST1671,Mouse,Electronics,4,798.49,Delhi,Credit Card,3193.96
ORD103672,2025-01-06,CUST1672,Backpack,Accessories,5,679.56,Kochi,Net Banking,3397.8
ORD103673,2025-05-29,CUST1673,Backpack,Accessories,5,744.86,Hyderabad,UPI,3724.3
ORD103674,2025-07-24,CUST1674,Backpack,Accessories,1,454.9,Coimbatore,Debit Card,454.9
ORD103675,2025-04-28,CUST1675,Monitor,Electronics,4,246.86,Hyderabad,UPI,987.44
ORD103676,2025-03-30,CUST1676,Monitor,Electronics,4,80.55,Hyderabad,Net Banking,322.2
ORD103677,2025-06-03,CUST1677,Mouse,Electronics,4,302.01,Chennai,Debit Card,1208.04
ORD103678,2025-06-16,CUST1678,Backpack,Accessories,4,877.1,Chennai,Net Banking,3508.4
ORD103679,2025-06-10,CUST1679,Shoes,Fashion,5,1181.31,Mumbai,UPI,5906.55
ORD103680,2025-09-27,CUST1680,Smartwatch,Electronics,2,262.18,Kochi,Credit Card,524.36
ORD103681,2025-02-25,CUST1681,Tablet,Electronics,4,171.75,Hyderabad,Debit Card,687.0
ORD103682,2025-08-16,CUST1682,Tablet,Electronics,2,1126.44,Bengaluru,Net Banking,2252.88
ORD103683,2025-12-03,CUST1683,Monitor,Electronics,4,464.69,Chennai,Debit Card,1858.76
ORD103684,2025-05-29,CUST1684,Mouse,Electronics,3,1427.73,Delhi,Debit Card,4283.19
ORD103685,2025-02-15,CUST1685,Keyboard,Electronics,3,1074.33,Kochi,UPI,3222.99
ORD103686,2025-05-24,CUST1686,Headphones,Electronics,3,496.87,Chennai,Credit Card,1490.61
ORD103687,2025-08-26,CUST1687,Headphones,Electronics,4,441.42,Bengaluru,Debit Card,1765.68
ORD103688,2025-09-29,CUST1688,Monitor,Electronics,2,790.31,Chennai,UPI,1580.62
ORD103689,2025-04-30,CUST1689,Keyboard,Electronics,5,127.93,Pune,Debit Card,639.65
ORD103690,2025-12-06,CUST1690,Monitor,Electronics,1,185.34,Bengaluru,Credit Card,185.34
ORD103691,2025-08-08,CUST1691,Headphones,Electronics,5,272.03,Kochi,Debit Card,1360.15
ORD103692,2025-01-08,CUST1692,Keyboard,Electronics,4,1164.34,Pune,Credit Card,4657.36
ORD103693,2025-12-10,CUST1693,Backpack,Accessories,3,775.65,Pune,UPI,2326.95
ORD103694,2025-10-02,CUST1694,Mouse,Electronics,3,25.75,Coimbatore,UPI,77.25
ORD103695,2025-12-19,CUST1695,Tablet,Electronics,2,1013.54,Bengaluru,Credit Card,2027.08
ORD103696,2025-03-07,CUST1696,Shoes,Fashion,4,641.3,Coimbatore,Credit Card,2565.2
ORD103697,2025-03-20,CUST1697,Smartphone,Electronics,5,771.17,Delhi,UPI,3855.85
ORD103698,2025-03-27,CUST1698,Mouse,Electronics,4,329.03,Mumbai,Credit Card,1316.12
ORD103699,2025-05-04,CUST1699,Backpack,Accessories,4,832.16,Mumbai,Credit Card,3328.64
ORD103700,2025-07-21,CUST1700,Headphones,Electronics,3,1468.94,Kochi,Net Banking,4406.82
ORD103701,2025-05-30,CUST1701,Backpack,Accessories,5,119.43,Kochi,Debit Card,597.15
ORD103702,2025-02-15,CUST1702,Monitor,Electronics,1,433.04,Kochi,UPI,433.04
ORD103703,2025-04-23,CUST1703,Keyboard,Electronics,3,372.07,Pune,UPI,1116.21
ORD103704,2025-04-01,CUST1704,Tablet,Electronics,5,380.34,Chennai,Net Banking,1901.7
ORD103705,2025-05-21,CUST1705,Smartwatch,Electronics,2,574.27,Bengaluru,Credit Card,1148.54
ORD103706,2025-10-16,CUST1706,Monitor,Electronics,3,1228.98,Chennai,Credit Card,3686.94
ORD103707,2025-08-06,CUST1707,Mouse,Electronics,2,1370.16,Bengaluru,Credit Card,2740.32
ORD103708,2025-03-18,CUST1708,Monitor,Electronics,3,311.3,Kochi,UPI,933.9
ORD103709,2025-11-30,CUST1709,Mouse,Electronics,4,819.0,Chennai,Net Banking,3276.0
ORD103710,2025-06-01,CUST1710,Smartwatch,Electronics,5,958.98,Mumbai,Debit Card,4794.9
ORD103711,2025-11-19,CUST1711,Laptop,Electronics,2,787.52,Delhi,Net Banking,1575.04
ORD103712,2025-08-27,CUST1712,Tablet,Electronics,3,656.77,Mumbai,UPI,1970.31
ORD103713,2025-04-25,CUST1713,Shoes,Fashion,2,296.04,Chennai,Debit Card,592.08
ORD103714,2025-11-15,CUST1714,Shoes,Fashion,3,737.45,Bengaluru,Credit Card,2212.35
ORD103715,2025-04-04,CUST1715,Smartphone,Electronics,3,607.81,Hyderabad,Net Banking,1823.43
ORD103716,2025-02-17,CUST1716,Backpack,Accessories,1,1195.39,Delhi,Net Banking,1195.39
ORD103717,2025-07-10,CUST1717,Laptop,Electronics,1,1147.77,Bengaluru,UPI,1147.77
ORD103718,2025-01-12,CUST1718,Shoes,Fashion,1,209.66,Chennai,Net Banking,209.66
ORD103719,2025-06-05,CUST1719,Monitor,Electronics,2,141.89,Bengaluru,Debit Card,283.78
ORD103720,2025-06-21,CUST1720,Backpack,Accessories,4,1363.15,Kochi,Net Banking,5452.6
ORD103721,2025-10-23,CUST1721,Laptop,Electronics,3,807.91,Coimbatore,UPI,2423.73
ORD103722,2025-06-26,CUST1722,Keyboard,Electronics,5,1288.12,Bengaluru,Net Banking,6440.6
ORD103723,2025-12-07,CUST1723,Keyboard,Electronics,1,96.65,Mumbai,Debit Card,96.65
ORD103724,2025-02-26,CUST1724,Backpack,Accessories,2,794.51,Pune,Debit Card,1589.02
ORD103725,2025-12-09,CUST1725,Mouse,Electronics,2,813.75,Mumbai,UPI,1627.5
ORD103726,2025-12-06,CUST1726,Mouse,Electronics,2,1292.45,Coimbatore,Credit Card,2584.9
ORD103727,2025-07-22,CUST1727,Monitor,Electronics,5,155.44,Delhi,UPI,777.2
ORD103728,2025-07-04,CUST1728,Laptop,Electronics,5,368.26,Bengaluru,Credit Card,1841.3
ORD103729,2025-05-01,CUST1729,Laptop,Electronics,1,615.74,Delhi,Debit Card,615.74
ORD103730,2025-08-14,CUST1730,Backpack,Accessories,5,1300.1,Hyderabad,Net Banking,6500.5
ORD103731,2025-07-21,CUST1731,Headphones,Electronics,1,1408.94,Bengaluru,Net Banking,1408.94
ORD103732,2025-11-26,CUST1732,Keyboard,Electronics,5,1489.16,Mumbai,Debit Card,7445.8
ORD103733,2025-12-29,CUST1733,Laptop,Electronics,5,1439.2,Pune,UPI,7196.0
ORD103734,2025-12-22,CUST1734,Backpack,Accessories,5,18.85,Mumbai,Net Banking,94.25
ORD103735,2025-08-04,CUST1735,Smartwatch,Electronics,1,81.09,Delhi,UPI,81.09
ORD103736,2025-02-12,CUST1736,Smartphone,Electronics,3,229.93,Chennai,Net Banking,689.79
ORD103737,2025-01-23,CUST1737,Smartwatch,Electronics,1,529.8,Mumbai,Credit Card,529.8
ORD103738,2025-06-04,CUST1738,Tablet,Electronics,3,1246.58,Chennai,Net Banking,3739.74
ORD103739,2025-07-05,CUST1739,Monitor,Electronics,2,1340.06,Mumbai,Credit Card,2680.12
ORD103740,2025-09-06,CUST1740,Laptop,Electronics,2,288.38,Kochi,Net Banking,576.76
ORD103741,2025-08-25,CUST1741,Tablet,Electronics,1,933.3,Mumbai,Net Banking,933.3
ORD103742,2025-10-20,CUST1742,Shoes,Fashion,3,1376.87,Pune,Net Banking,4130.61
ORD103743,2025-05-14,CUST1743,Tablet,Electronics,3,700.96,Hyderabad,Net Banking,2102.88
ORD103744,2025-11-17,CUST1744,Backpack,Accessories,3,164.28,Chennai,Net Banking,492.84
ORD103745,2025-01-22,CUST1745,Laptop,Electronics,2,692.14,Chennai,UPI,1384.28
ORD103746,2025-12-27,CUST1746,Smartphone,Electronics,1,569.93,Mumbai,Credit Card,569.93
ORD103747,2025-03-29,CUST1747,Backpack,Accessories,4,870.71,Kochi,Credit Card,3482.84
ORD103748,2025-06-02,CUST1748,Backpack,Accessories,3,663.6,Chennai,Net Banking,1990.8
ORD103749,2025-05-05,CUST1749,Monitor,Electronics,3,35.85,Mumbai,UPI,107.55
ORD103750,2025-03-20,CUST1750,Monitor,Electronics,4,1491.06,Mumbai,UPI,5964.24
ORD103751,2025-12-12,CUST1751,Keyboard,Electronics,1,819.87,Delhi,Debit Card,819.87
ORD103752,2025-02-20,CUST1752,Keyboard,Electronics,3,715.71,Bengaluru,Debit Card,2147.13
ORD103753,2025-08-04,CUST1753,Mouse,Electronics,1,1432.38,Chennai,UPI,1432.38
ORD103754,2025-06-25,CUST1754,Headphones,Electronics,3,242.23,Pune,Debit Card,726.69
ORD103755,2025-12-24,CUST1755,Laptop,Electronics,5,291.96,Coimbatore,Credit Card,1459.8
ORD103756,2025-09-10,CUST1756,Laptop,Electronics,3,1213.94,Delhi,UPI,3641.82
ORD103757,2025-09-03,CUST1757,Tablet,Electronics,5,398.64,Chennai,Debit Card,1993.2
ORD103758,2025-08-15,CUST1758,Laptop,Electronics,1,1200.85,Pune,UPI,1200.85
ORD103759,2025-04-16,CUST1759,Laptop,Electronics,3,414.58,Kochi,Debit Card,1243.74
ORD103760,2025-07-12,CUST1760,Headphones,Electronics,2,59.45,Chennai,UPI,118.9
ORD103761,2025-11-12,CUST1761,Shoes,Fashion,2,780.35,Hyderabad,Net Banking,1560.7
ORD103762,2025-10-29,CUST1762,Keyboard,Electronics,4,303.06,Coimbatore,Credit Card,1212.24
ORD103763,2025-02-05,CUST1763,Keyboard,Electronics,2,1139.19,Coimbatore,Debit Card,2278.38
ORD103764,2025-07-23,CUST1764,Smartphone,Electronics,5,965.39,Pune,Net Banking,4826.95
ORD103765,2025-09-24,CUST1765,Laptop,Electronics,2,1386.17,Hyderabad,UPI,2772.34
ORD103766,2025-09-25,CUST1766,Headphones,Electronics,2,1176.65,Hyderabad,Net Banking,2353.3
ORD103767,2025-06-19,CUST1767,Keyboard,Electronics,2,279.36,Chennai,Credit Card,558.72
ORD103768,2025-02-08,CUST1768,Headphones,Electronics,3,1202.24,Bengaluru,Debit Card,3606.72
ORD103769,2025-05-19,CUST1769,Smartwatch,Electronics,4,966.19,Pune,Debit Card,3864.76
ORD103770,2025-10-19,CUST1770,Shoes,Fashion,1,1006.74,Hyderabad,UPI,1006.74
ORD103771,2025-02-21,CUST1771,Laptop,Electronics,4,1250.07,Coimbatore,Credit Card,5000.28
ORD103772,2025-10-14,CUST1772,Smartphone,Electronics,5,865.0,Pune,Net Banking,4325.0
ORD103773,2025-10-16,CUST1773,Tablet,Electronics,3,704.35,Coimbatore,UPI,2113.05
ORD103774,2025-05-21,CUST1774,Keyboard,Electronics,3,958.6,Chennai,Debit Card,2875.8
ORD103775,2025-05-26,CUST1775,Smartwatch,Electronics,2,453.96,Pune,Net Banking,907.92
ORD103776,2025-11-10,CUST1776,Headphones,Electronics,2,282.07,Bengaluru,UPI,564.14
ORD103777,2025-07-03,CUST1777,Monitor,Electronics,5,928.72,Mumbai,Net Banking,4643.6
ORD103778,2025-06-01,CUST1778,Backpack,Accessories,3,358.43,Pune,Net Banking,1075.29
ORD103779,2025-07-20,CUST1779,Laptop,Electronics,1,129.07,Hyderabad,UPI,129.07
ORD103780,2025-05-08,CUST1780,Laptop,Electronics,4,10.83,Hyderabad,Net Banking,43.32
ORD103781,2025-10-14,CUST1781,Smartwatch,Electronics,3,916.4,Chennai,Net Banking,2749.2
ORD103782,2025-11-07,CUST1782,Headphones,Electronics,1,549.6,Delhi,Credit Card,549.6
ORD103783,2025-09-10,CUST1783,Mouse,Electronics,1,1130.94,Delhi,Credit Card,1130.94
ORD103784,2025-09-23,CUST1784,Laptop,Electronics,4,569.01,Bengaluru,Debit Card,2276.04
ORD103785,2025-07-07,CUST1785,Mouse,Electronics,1,734.15,Coimbatore,Credit Card,734.15
ORD103786,2025-08-18,CUST1786,Monitor,Electronics,5,616.56,Coimbatore,UPI,3082.8
ORD103787,2025-09-28,CUST1787,Smartwatch,Electronics,1,979.36,Mumbai,Net Banking,979.36
ORD103788,2025-09-16,CUST1788,Headphones,Electronics,5,540.65,Coimbatore,Debit Card,2703.25
ORD103789,2025-10-26,CUST1789,Headphones,Electronics,1,1446.01,Delhi,Credit Card,1446.01
ORD103790,2025-07-17,CUST1790,Shoes,Fashion,2,1404.86,Delhi,Net Banking,2809.72
ORD103791,2025-11-19,CUST1791,Backpack,Accessories,1,1273.56,Kochi,UPI,1273.56
ORD103792,2025-02-25,CUST1792,Keyboard,Electronics,5,1381.25,Hyderabad,Net Banking,6906.25
ORD103793,2025-11-15,CUST1793,Keyboard,Electronics,1,679.22,Mumbai,UPI,679.22
ORD103794,2025-07-22,CUST1794,Tablet,Electronics,1,809.28,Bengaluru,Net Banking,809.28
ORD103795,2025-09-28,CUST1795,Smartphone,Electronics,1,1115.72,Mumbai,Debit Card,1115.72
ORD103796,2025-04-19,CUST1796,Smartwatch,Electronics,5,1047.26,Pune,Debit Card,5236.3
ORD103797,2025-04-26,CUST1797,Monitor,Electronics,1,1337.11,Bengaluru,Credit Card,1337.11
ORD103798,2025-04-02,CUST1798,Headphones,Electronics,4,1077.33,Delhi,Credit Card,4309.32
ORD103799,2025-05-18,CUST1799,Backpack,Accessories,4,1496.85,Coimbatore,Net Banking,5987.4
ORD103800,2025-10-30,CUST1800,Mouse,Electronics,5,529.27,Chennai,Net Banking,2646.35
ORD103801,2025-02-26,CUST1801,Smartwatch,Electronics,2,1251.17,Mumbai,Credit Card,2502.34
ORD103802,2025-02-19,CUST1802,Tablet,Electronics,4,1049.48,Mumbai,Credit Card,4197.92
ORD103803,2025-03-12,CUST1803,Smartwatch,Electronics,3,1040.17,Hyderabad,Net Banking,3120.51
ORD103804,2025-03-23,CUST1804,Tablet,Electronics,4,495.5,Kochi,Net Banking,1982.0
ORD103805,2025-04-15,CUST1805,Headphones,Electronics,3,1180.55,Kochi,Net Banking,3541.65
ORD103806,2025-03-29,CUST1806,Smartphone,Electronics,5,1351.56,Kochi,Debit Card,6757.8
ORD103807,2025-01-02,CUST1807,Tablet,Electronics,2,335.64,Hyderabad,UPI,671.28
ORD103808,2025-12-26,CUST1808,Headphones,Electronics,3,941.99,Delhi,UPI,2825.97
ORD103809,2025-03-25,CUST1809,Headphones,Electronics,3,594.28,Bengaluru,Credit Card,1782.84
ORD103810,2025-02-12,CUST1810,Smartphone,Electronics,4,1484.43,Kochi,Debit Card,5937.72
ORD103811,2025-06-03,CUST1811,Keyboard,Electronics,3,723.46,Chennai,Net Banking,2170.38
ORD103812,2025-11-23,CUST1812,Smartwatch,Electronics,5,350.2,Pune,Net Banking,1751.0
ORD103813,2025-04-04,CUST1813,Laptop,Electronics,5,578.97,Hyderabad,Credit Card,2894.85
ORD103814,2025-10-25,CUST1814,Laptop,Electronics,5,984.22,Hyderabad,Credit Card,4921.1
ORD103815,2025-05-13,CUST1815,Mouse,Electronics,4,123.37,Coimbatore,Debit Card,493.48
ORD103816,2025-03-06,CUST1816,Mouse,Electronics,2,909.37,Coimbatore,UPI,1818.74
ORD103817,2025-10-17,CUST1817,Laptop,Electronics,4,1397.52,Delhi,UPI,5590.08
ORD103818,2025-09-14,CUST1818,Monitor,Electronics,5,1277.04,Kochi,Net Banking,6385.2
ORD103819,2025-08-01,CUST1819,Laptop,Electronics,4,110.83,Delhi,Credit Card,443.32
ORD103820,2025-05-28,CUST1820,Mouse,Electronics,5,1490.15,Hyderabad,Debit Card,7450.75
ORD103821,2025-03-02,CUST1821,Backpack,Accessories,1,1051.1,Bengaluru,Net Banking,1051.1
ORD103822,2025-05-29,CUST1822,Mouse,Electronics,1,251.8,Pune,UPI,251.8
ORD103823,2025-03-29,CUST1823,Monitor,Electronics,3,28.5,Kochi,UPI,85.5
ORD103824,2025-11-20,CUST1824,Smartwatch,Electronics,2,265.21,Chennai,Debit Card,530.42
ORD103825,2025-10-05,CUST1825,Laptop,Electronics,1,1258.88,Hyderabad,Net Banking,1258.88
ORD103826,2025-03-23,CUST1826,Smartphone,Electronics,5,42.24,Bengaluru,Debit Card,211.2
ORD103827,2025-05-09,CUST1827,Backpack,Accessories,4,357.39,Bengaluru,Net Banking,1429.56
ORD103828,2025-10-13,CUST1828,Headphones,Electronics,4,1138.39,Kochi,UPI,4553.56
ORD103829,2025-12-19,CUST1829,Monitor,Electronics,3,883.3,Hyderabad,Credit Card,2649.9
ORD103830,2025-10-07,CUST1830,Mouse,Electronics,4,1176.28,Kochi,Credit Card,4705.12
ORD103831,2025-09-27,CUST1831,Smartphone,Electronics,1,1121.76,Bengaluru,UPI,1121.76
ORD103832,2025-10-19,CUST1832,Tablet,Electronics,4,85.4,Mumbai,Credit Card,341.6
ORD103833,2025-07-22,CUST1833,Keyboard,Electronics,1,1339.84,Kochi,Credit Card,1339.84
ORD103834,2025-01-24,CUST1834,Laptop,Electronics,1,348.28,Bengaluru,Net Banking,348.28
ORD103835,2025-12-17,CUST1835,Keyboard,Electronics,2,834.55,Hyderabad,Debit Card,1669.1
ORD103836,2025-11-07,CUST1836,Monitor,Electronics,3,969.99,Bengaluru,Net Banking,2909.97
ORD103837,2025-07-27,CUST1837,Tablet,Electronics,5,261.26,Kochi,Debit Card,1306.3
ORD103838,2025-10-07,CUST1838,Tablet,Electronics,1,1464.58,Pune,Debit Card,1464.58
ORD103839,2025-07-24,CUST1839,Tablet,Electronics,3,737.35,Hyderabad,Credit Card,2212.05
ORD103840,2025-06-01,CUST1840,Headphones,Electronics,5,95.89,Coimbatore,Debit Card,479.45
ORD103841,2025-01-26,CUST1841,Monitor,Electronics,4,1406.52,Hyderabad,Debit Card,5626.08
ORD103842,2025-07-13,CUST1842,Smartwatch,Electronics,3,883.54,Bengaluru,UPI,2650.62
ORD103843,2025-12-02,CUST1843,Keyboard,Electronics,3,1051.8,Hyderabad,Debit Card,3155.4
ORD103844,2025-08-26,CUST1844,Smartwatch,Electronics,3,792.51,Chennai,UPI,2377.53
ORD103845,2025-11-17,CUST1845,Smartphone,Electronics,4,1253.76,Hyderabad,Net Banking,5015.04
ORD103846,2025-03-16,CUST1846,Shoes,Fashion,4,59.37,Hyderabad,Credit Card,237.48
ORD103847,2025-06-12,CUST1847,Backpack,Accessories,3,409.88,Kochi,Debit Card,1229.64
ORD103848,2025-10-26,CUST1848,Backpack,Accessories,2,709.78,Chennai,UPI,1419.56
ORD103849,2025-01-29,CUST1849,Smartwatch,Electronics,1,124.14,Chennai,Net Banking,124.14
ORD103850,2025-06-14,CUST1850,Shoes,Fashion,4,1061.8,Chennai,Net Banking,4247.2
ORD103851,2025-12-03,CUST1851,Shoes,Fashion,2,596.56,Delhi,Net Banking,1193.12
ORD103852,2025-07-05,CUST1852,Laptop,Electronics,4,416.28,Mumbai,UPI,1665.12
ORD103853,2025-02-23,CUST1853,Smartphone,Electronics,3,15.03,Delhi,UPI,45.09
ORD103854,2025-10-22,CUST1854,Monitor,Electronics,2,1082.55,Hyderabad,Credit Card,2165.1
ORD103855,2025-02-11,CUST1855,Shoes,Fashion,5,1252.38,Delhi,Debit Card,6261.9
ORD103856,2025-10-12,CUST1856,Mouse,Electronics,1,598.61,Kochi,Net Banking,598.61
ORD103857,2025-05-18,CUST1857,Backpack,Accessories,1,850.68,Delhi,Credit Card,850.68
ORD103858,2025-07-06,CUST1858,Mouse,Electronics,4,349.25,Chennai,UPI,1397.0
ORD103859,2025-07-23,CUST1859,Smartphone,Electronics,1,937.07,Chennai,Credit Card,937.07
ORD103860,2025-02-11,CUST1860,Shoes,Fashion,5,28.08,Coimbatore,Net Banking,140.4
ORD103861,2025-12-16,CUST1861,Keyboard,Electronics,2,738.08,Delhi,Net Banking,1476.16
ORD103862,2025-10-15,CUST1862,Backpack,Accessories,2,969.87,Mumbai,Credit Card,1939.74
ORD103863,2025-01-26,CUST1863,Laptop,Electronics,3,1378.11,Kochi,Net Banking,4134.33
ORD103864,2025-02-25,CUST1864,Laptop,Electronics,2,578.19,Kochi,UPI,1156.38
ORD103865,2025-09-10,CUST1865,Tablet,Electronics,4,1150.13,Kochi,Net Banking,4600.52
ORD103866,2025-05-02,CUST1866,Headphones,Electronics,5,900.55,Hyderabad,Debit Card,4502.75
ORD103867,2025-04-16,CUST1867,Shoes,Fashion,3,1391.25,Pune,Debit Card,4173.75
ORD103868,2025-05-10,CUST1868,Smartphone,Electronics,4,603.58,Kochi,Net Banking,2414.32
ORD103869,2025-12-03,CUST1869,Backpack,Accessories,4,485.45,Pune,Credit Card,1941.8
ORD103870,2025-06-07,CUST1870,Headphones,Electronics,4,1331.84,Bengaluru,Net Banking,5327.36
ORD103871,2025-08-19,CUST1871,Smartphone,Electronics,1,83.37,Mumbai,Debit Card,83.37
ORD103872,2025-11-04,CUST1872,Smartwatch,Electronics,4,213.21,Mumbai,UPI,852.84
ORD103873,2025-04-01,CUST1873,Shoes,Fashion,1,132.78,Coimbatore,Debit Card,132.78
ORD103874,2025-01-22,CUST1874,Monitor,Electronics,2,1266.23,Hyderabad,Net Banking,2532.46
ORD103875,2025-10-17,CUST1875,Monitor,Electronics,1,25.81,Hyderabad,Net Banking,25.81
ORD103876,2025-04-20,CUST1876,Shoes,Fashion,4,1293.87,Chennai,Credit Card,5175.48
ORD103877,2025-02-18,CUST1877,Tablet,Electronics,5,682.39,Chennai,Net Banking,3411.95
ORD103878,2025-05-09,CUST1878,Tablet,Electronics,5,16.0,Mumbai,Net Banking,80.0
ORD103879,2025-03-14,CUST1879,Monitor,Electronics,2,608.45,Coimbatore,UPI,1216.9
ORD103880,2025-12-06,CUST1880,Keyboard,Electronics,4,288.33,Hyderabad,UPI,1153.32
ORD103881,2025-02-22,CUST1881,Backpack,Accessories,1,940.36,Coimbatore,UPI,940.36
ORD103882,2025-12-22,CUST1882,Monitor,Electronics,5,1022.24,Bengaluru,Credit Card,5111.2
ORD103883,2025-06-17,CUST1883,Keyboard,Electronics,3,736.42,Pune,Credit Card,2209.26
ORD103884,2025-02-14,CUST1884,Headphones,Electronics,4,70.37,Hyderabad,Debit Card,281.48
ORD103885,2025-04-15,CUST1885,Keyboard,Electronics,4,987.63,Chennai,Credit Card,3950.52
ORD103886,2025-05-30,CUST1886,Headphones,Electronics,3,1264.64,Mumbai,UPI,3793.92
ORD103887,2025-05-26,CUST1887,Smartphone,Electronics,5,1083.28,Coimbatore,Credit Card,5416.4
ORD103888,2025-07-23,CUST1888,Mouse,Electronics,3,1246.64,Pune,Net Banking,3739.92
ORD103889,2025-12-28,CUST1889,Smartphone,Electronics,2,308.76,Pune,Credit Card,617.52
ORD103890,2025-10-26,CUST1890,Monitor,Electronics,1,1334.44,Kochi,Net Banking,1334.44
ORD103891,2025-06-16,CUST1891,Headphones,Electronics,1,490.07,Pune,Debit Card,490.07
ORD103892,2025-07-20,CUST1892,Monitor,Electronics,5,29.97,Chennai,Net Banking,149.85
ORD103893,2025-05-14,CUST1893,Shoes,Fashion,3,1266.65,Mumbai,UPI,3799.95
ORD103894,2025-07-30,CUST1894,Backpack,Accessories,4,1413.31,Chennai,Debit Card,5653.24
ORD103895,2025-02-17,CUST1895,Laptop,Electronics,4,986.78,Hyderabad,Debit Card,3947.12
ORD103896,2025-05-06,CUST1896,Monitor,Electronics,4,354.84,Coimbatore,Debit Card,1419.36
ORD103897,2025-08-27,CUST1897,Backpack,Accessories,2,385.1,Bengaluru,UPI,770.2
ORD103898,2025-01-07,CUST1898,Keyboard,Electronics,2,705.22,Kochi,Net Banking,1410.44
ORD103899,2025-09-29,CUST1899,Smartphone,Electronics,4,1347.77,Delhi,Debit Card,5391.08
ORD103900,2025-02-06,CUST1900,Keyboard,Electronics,5,232.9,Kochi,UPI,1164.5
ORD103901,2025-07-30,CUST1901,Laptop,Electronics,2,1240.7,Pune,Debit Card,2481.4
ORD103902,2025-06-14,CUST1902,Headphones,Electronics,2,444.04,Chennai,Debit Card,888.08
ORD103903,2025-05-05,CUST1903,Shoes,Fashion,1,1214.79,Delhi,UPI,1214.79
ORD103904,2025-12-03,CUST1904,Backpack,Accessories,1,1381.2,Coimbatore,Credit Card,1381.2
ORD103905,2025-07-11,CUST1905,Shoes,Fashion,5,646.97,Hyderabad,Debit Card,3234.85
ORD103906,2025-08-06,CUST1906,Mouse,Electronics,2,553.93,Kochi,Credit Card,1107.86
ORD103907,2025-08-02,CUST1907,Monitor,Electronics,2,1205.31,Chennai,Debit Card,2410.62
ORD103908,2025-03-03,CUST1908,Headphones,Electronics,3,798.93,Hyderabad,Credit Card,2396.79
ORD103909,2025-11-24,CUST1909,Mouse,Electronics,5,1029.83,Bengaluru,Net Banking,5149.15
ORD103910,2025-06-10,CUST1910,Smartwatch,Electronics,5,938.02,Pune,Credit Card,4690.1
ORD103911,2025-03-07,CUST1911,Monitor,Electronics,3,237.8,Bengaluru,Credit Card,713.4
ORD103912,2025-10-13,CUST1912,Keyboard,Electronics,3,1268.74,Pune,Credit Card,3806.22
ORD103913,2025-08-27,CUST1913,Smartphone,Electronics,1,301.7,Mumbai,Credit Card,301.7
ORD103914,2025-01-20,CUST1914,Backpack,Accessories,5,1399.1,Mumbai,Net Banking,6995.5
ORD103915,2025-07-07,CUST1915,Laptop,Electronics,5,383.35,Mumbai,UPI,1916.75
ORD103916,2025-03-23,CUST1916,Laptop,Electronics,3,1103.48,Hyderabad,Credit Card,3310.44
ORD103917,2025-12-29,CUST1917,Keyboard,Electronics,4,434.14,Mumbai,UPI,1736.56
ORD103918,2025-07-21,CUST1918,Tablet,Electronics,4,483.5,Coimbatore,Debit Card,1934.0
ORD103919,2025-05-12,CUST1919,Laptop,Electronics,1,471.9,Delhi,UPI,471.9
ORD103920,2025-02-06,CUST1920,Backpack,Accessories,4,1124.36,Delhi,Credit Card,4497.44
ORD103921,2025-05-12,CUST1921,Keyboard,Electronics,4,839.65,Hyderabad,UPI,3358.6
ORD103922,2025-03-18,CUST1922,Headphones,Electronics,4,1325.6,Hyderabad,Net Banking,5302.4
ORD103923,2025-03-30,CUST1923,Laptop,Electronics,2,467.99,Mumbai,Net Banking,935.98
ORD103924,2025-09-10,CUST1924,Shoes,Fashion,1,1041.07,Pune,Credit Card,1041.07
ORD103925,2025-12-10,CUST1925,Keyboard,Electronics,3,1131.89,Delhi,UPI,3395.67
ORD103926,2025-07-13,CUST1926,Backpack,Accessories,4,235.71,Kochi,Debit Card,942.84
ORD103927,2025-06-25,CUST1927,Shoes,Fashion,2,606.88,Delhi,Net Banking,1213.76
ORD103928,2025-02-02,CUST1928,Monitor,Electronics,4,729.4,Mumbai,Credit Card,2917.6
ORD103929,2025-02-27,CUST1929,Monitor,Electronics,2,539.97,Hyderabad,Net Banking,1079.94
ORD103930,2025-07-20,CUST1930,Laptop,Electronics,1,489.95,Bengaluru,Credit Card,489.95
ORD103931,2025-01-28,CUST1931,Shoes,Fashion,4,1032.77,Pune,UPI,4131.08
ORD103932,2025-02-04,CUST1932,Smartphone,Electronics,2,331.64,Kochi,UPI,663.28
ORD103933,2025-05-05,CUST1933,Monitor,Electronics,5,1066.99,Bengaluru,UPI,5334.95
ORD103934,2025-11-17,CUST1934,Smartphone,Electronics,5,1403.22,Mumbai,UPI,7016.1
ORD103935,2025-02-11,CUST1935,Headphones,Electronics,2,852.14,Bengaluru,UPI,1704.28
ORD103936,2025-03-26,CUST1936,Keyboard,Electronics,4,921.04,Coimbatore,Credit Card,3684.16
ORD103937,2025-07-07,CUST1937,Mouse,Electronics,4,112.71,Coimbatore,Net Banking,450.84
ORD103938,2025-04-21,CUST1938,Backpack,Accessories,1,1298.07,Coimbatore,Debit Card,1298.07
ORD103939,2025-09-28,CUST1939,Keyboard,Electronics,1,435.32,Hyderabad,Net Banking,435.32
ORD103940,2025-11-21,CUST1940,Backpack,Accessories,3,926.43,Hyderabad,UPI,2779.29
ORD103941,2025-04-15,CUST1941,Shoes,Fashion,1,1468.88,Hyderabad,Net Banking,1468.88
ORD103942,2025-11-16,CUST1942,Headphones,Electronics,4,897.3,Hyderabad,Net Banking,3589.2
ORD103943,2025-02-10,CUST1943,Smartwatch,Electronics,3,1089.82,Hyderabad,Credit Card,3269.46
ORD103944,2025-08-03,CUST1944,Laptop,Electronics,1,673.53,Mumbai,Debit Card,673.53
ORD103945,2025-03-12,CUST1945,Backpack,Accessories,2,99.95,Kochi,Debit Card,199.9
ORD103946,2025-02-25,CUST1946,Backpack,Accessories,5,1198.42,Bengaluru,UPI,5992.1
ORD103947,2025-08-24,CUST1947,Shoes,Fashion,1,62.15,Mumbai,Credit Card,62.15
ORD103948,2025-10-08,CUST1948,Smartphone,Electronics,1,1053.98,Kochi,Credit Card,1053.98
ORD103949,2025-04-15,CUST1949,Keyboard,Electronics,2,44.15,Bengaluru,Credit Card,88.3
ORD103950,2025-06-11,CUST1950,Smartwatch,Electronics,4,1294.83,Mumbai,Credit Card,5179.32
ORD103951,2025-07-10,CUST1951,Tablet,Electronics,2,244.88,Coimbatore,Credit Card,489.76
ORD103952,2025-01-09,CUST1952,Laptop,Electronics,1,776.26,Chennai,Debit Card,776.26
ORD103953,2025-03-01,CUST1953,Mouse,Electronics,4,899.75,Hyderabad,Debit Card,3599.0
ORD103954,2025-11-01,CUST1954,Tablet,Electronics,3,691.74,Chennai,Net Banking,2075.22
ORD103955,2025-08-13,CUST1955,Keyboard,Electronics,1,517.74,Chennai,Debit Card,517.74
ORD103956,2025-11-03,CUST1956,Laptop,Electronics,2,707.04,Coimbatore,Credit Card,1414.08
ORD103957,2025-07-07,CUST1957,Backpack,Accessories,3,474.01,Chennai,Net Banking,1422.03
ORD103958,2025-03-11,CUST1958,Mouse,Electronics,5,662.8,Chennai,Debit Card,3314.0
ORD103959,2025-10-20,CUST1959,Smartphone,Electronics,3,544.78,Coimbatore,Net Banking,1634.34
ORD103960,2025-10-14,CUST1960,Smartwatch,Electronics,2,853.65,Kochi,Debit Card,1707.3
ORD103961,2025-06-18,CUST1961,Smartphone,Electronics,3,364.51,Bengaluru,UPI,1093.53
ORD103962,2025-03-03,CUST1962,Headphones,Electronics,2,1483.1,Mumbai,Debit Card,2966.2
ORD103963,2025-12-15,CUST1963,Shoes,Fashion,1,756.3,Delhi,Net Banking,756.3
ORD103964,2025-01-14,CUST1964,Laptop,Electronics,4,299.3,Chennai,UPI,1197.2
ORD103965,2025-06-13,CUST1965,Smartphone,Electronics,5,720.83,Kochi,Credit Card,3604.15
ORD103966,2025-09-02,CUST1966,Tablet,Electronics,4,1300.96,Hyderabad,Net Banking,5203.84
ORD103967,2025-12-01,CUST1967,Shoes,Fashion,4,42.49,Coimbatore,Credit Card,169.96
ORD103968,2025-01-08,CUST1968,Smartphone,Electronics,4,1022.54,Pune,Credit Card,4090.16
ORD103969,2025-06-03,CUST1969,Monitor,Electronics,2,826.47,Pune,Net Banking,1652.94
ORD103970,2025-02-05,CUST1970,Headphones,Electronics,2,262.64,Chennai,Credit Card,525.28
ORD103971,2025-02-17,CUST1971,Keyboard,Electronics,5,1228.04,Delhi,Net Banking,6140.2
ORD103972,2025-03-26,CUST1972,Smartwatch,Electronics,2,559.64,Bengaluru,Net Banking,1119.28
ORD103973,2025-01-28,CUST1973,Headphones,Electronics,2,447.77,Kochi,Debit Card,895.54
ORD103974,2025-07-15,CUST1974,Shoes,Fashion,2,1243.91,Bengaluru,UPI,2487.82
ORD103975,2025-07-27,CUST1975,Monitor,Electronics,2,961.4,Delhi,Credit Card,1922.8
ORD103976,2025-07-23,CUST1976,Laptop,Electronics,1,1348.41,Hyderabad,Credit Card,1348.41
ORD103977,2025-11-03,CUST1977,Tablet,Electronics,5,948.53,Chennai,UPI,4742.65
ORD103978,2025-04-14,CUST1978,Smartwatch,Electronics,2,1113.82,Hyderabad,UPI,2227.64
ORD103979,2025-08-18,CUST1979,Smartwatch,Electronics,5,1256.3,Bengaluru,UPI,6281.5
ORD103980,2025-04-11,CUST1980,Headphones,Electronics,3,91.56,Pune,UPI,274.68
ORD103981,2025-01-29,CUST1981,Shoes,Fashion,1,1166.31,Bengaluru,UPI,1166.31
ORD103982,2025-05-07,CUST1982,Laptop,Electronics,2,924.42,Mumbai,Debit Card,1848.84
ORD103983,2025-12-04,CUST1983,Backpack,Accessories,1,113.57,Bengaluru,Net Banking,113.57
ORD103984,2025-01-10,CUST1984,Monitor,Electronics,1,767.78,Coimbatore,UPI,767.78
ORD103985,2025-04-16,CUST1985,Backpack,Accessories,3,132.86,Mumbai,Debit Card,398.58
ORD103986,2025-06-16,CUST1986,Tablet,Electronics,5,1106.56,Hyderabad,UPI,5532.8
ORD103987,2025-09-14,CUST1987,Laptop,Electronics,1,824.29,Bengaluru,UPI,824.29
ORD103988,2025-10-22,CUST1988,Laptop,Electronics,4,1430.82,Delhi,Credit Card,5723.28
ORD103989,2025-10-04,CUST1989,Monitor,Electronics,3,282.87,Coimbatore,Credit Card,848.61
ORD103990,2025-03-06,CUST1990,Mouse,Electronics,4,912.99,Mumbai,Credit Card,3651.96
ORD103991,2025-09-28,CUST1991,Backpack,Accessories,3,325.26,Coimbatore,Credit Card,975.78
ORD103992,2025-07-07,CUST1992,Smartphone,Electronics,4,924.96,Mumbai,Net Banking,3699.84
ORD103993,2025-11-13,CUST1993,Smartwatch,Electronics,4,1086.75,Mumbai,Net Banking,4347.0
ORD103994,2025-05-18,CUST1994,Mouse,Electronics,1,1086.23,Mumbai,Credit Card,1086.23
ORD103995,2025-12-09,CUST1995,Smartphone,Electronics,1,1224.46,Kochi,Credit Card,1224.46
ORD103996,2025-04-15,CUST1996,Shoes,Fashion,3,1281.79,Kochi,UPI,3845.37
ORD103997,2025-02-03,CUST1997,Monitor,Electronics,5,125.13,Delhi,UPI,625.65
ORD103998,2025-04-20,CUST1998,Shoes,Fashion,1,521.47,Hyderabad,Credit Card,521.47
ORD103999,2025-02-02,CUST1999,Smartwatch,Electronics,1,1033.81,Mumbai,Credit Card,1033.81
ORD104000,2025-12-20,CUST2000,Keyboard,Electronics,2,752.89,Mumbai,Credit Card,1505.78
ORD104001,2025-08-19,CUST1001,Smartphone,Electronics,1,294.11,Kochi,UPI,294.11
ORD104002,2025-11-13,CUST1002,Mouse,Electronics,5,833.54,Coimbatore,Credit Card,4167.7
ORD104003,2025-09-23,CUST1003,Smartphone,Electronics,2,617.08,Mumbai,Credit Card,1234.16
ORD104004,2025-07-01,CUST1004,Smartphone,Electronics,4,591.16,Hyderabad,Net Banking,2364.64
ORD104005,2025-12-06,CUST1005,Monitor,Electronics,4,1216.53,Pune,Net Banking,4866.12
ORD104006,2025-03-06,CUST1006,Shoes,Fashion,2,617.32,Delhi,UPI,1234.64
ORD104007,2025-11-29,CUST1007,Backpack,Accessories,2,49.42,Delhi,Net Banking,98.84
ORD104008,2025-01-01,CUST1008,Keyboard,Electronics,2,96.51,Coimbatore,UPI,193.02
ORD104009,2025-05-13,CUST1009,Monitor,Electronics,3,1285.8,Pune,Debit Card,3857.4
ORD104010,2025-03-21,CUST1010,Tablet,Electronics,5,1441.3,Mumbai,Credit Card,7206.5
ORD104011,2025-09-28,CUST1011,Monitor,Electronics,5,1035.73,Coimbatore,UPI,5178.65
ORD104012,2025-08-29,CUST1012,Smartwatch,Electronics,4,552.91,Kochi,Net Banking,2211.64
ORD104013,2025-01-28,CUST1013,Keyboard,Electronics,4,1408.51,Delhi,Debit Card,5634.04
ORD104014,2025-08-11,CUST1014,Laptop,Electronics,4,997.58,Hyderabad,Net Banking,3990.32
ORD104015,2025-01-23,CUST1015,Tablet,Electronics,1,1268.06,Coimbatore,UPI,1268.06
ORD104016,2025-04-19,CUST1016,Headphones,Electronics,4,1151.12,Hyderabad,Debit Card,4604.48
ORD104017,2025-04-17,CUST1017,Monitor,Electronics,2,574.92,Kochi,Net Banking,1149.84
ORD104018,2025-05-25,CUST1018,Smartphone,Electronics,4,723.27,Kochi,Debit Card,2893.08
ORD104019,2025-12-20,CUST1019,Backpack,Accessories,2,287.34,Pune,Credit Card,574.68
ORD104020,2025-05-19,CUST1020,Laptop,Electronics,3,445.1,Pune,Credit Card,1335.3
ORD104021,2025-10-11,CUST1021,Monitor,Electronics,1,1169.41,Bengaluru,Debit Card,1169.41
ORD104022,2025-10-25,CUST1022,Monitor,Electronics,1,1342.03,Mumbai,Net Banking,1342.03
ORD104023,2025-04-09,CUST1023,Mouse,Electronics,5,1089.45,Hyderabad,Net Banking,5447.25
ORD104024,2025-11-13,CUST1024,Mouse,Electronics,3,703.11,Mumbai,Net Banking,2109.33
ORD104025,2025-05-03,CUST1025,Laptop,Electronics,2,138.9,Pune,Credit Card,277.8
ORD104026,2025-11-16,CUST1026,Shoes,Fashion,3,94.85,Hyderabad,UPI,284.55
ORD104027,2025-10-14,CUST1027,Mouse,Electronics,1,567.75,Chennai,UPI,567.75
ORD104028,2025-03-22,CUST1028,Smartphone,Electronics,2,701.09,Pune,Debit Card,1402.18
ORD104029,2025-01-10,CUST1029,Tablet,Electronics,3,917.59,Chennai,Net Banking,2752.77
ORD104030,2025-01-08,CUST1030,Headphones,Electronics,1,19.67,Chennai,Debit Card,19.67
ORD104031,2025-07-24,CUST1031,Keyboard,Electronics,2,1484.69,Pune,UPI,2969.38
ORD104032,2025-11-11,CUST1032,Headphones,Electronics,2,552.27,Hyderabad,UPI,1104.54
ORD104033,2025-07-16,CUST1033,Headphones,Electronics,1,1273.66,Delhi,Net Banking,1273.66
ORD104034,2025-07-17,CUST1034,Keyboard,Electronics,2,807.1,Delhi,Debit Card,1614.2
ORD104035,2025-01-30,CUST1035,Mouse,Electronics,1,204.35,Mumbai,Net Banking,204.35
ORD104036,2025-01-20,CUST1036,Laptop,Electronics,4,1198.37,Chennai,UPI,4793.48
ORD104037,2025-02-17,CUST1037,Keyboard,Electronics,4,1067.64,Mumbai,UPI,4270.56
ORD104038,2025-05-10,CUST1038,Smartwatch,Electronics,2,795.88,Hyderabad,Net Banking,1591.76
ORD104039,2025-10-20,CUST1039,Shoes,Fashion,2,776.68,Mumbai,Debit Card,1553.36
ORD104040,2025-05-12,CUST1040,Tablet,Electronics,1,140.34,Mumbai,Credit Card,140.34
ORD104041,2025-12-22,CUST1041,Backpack,Accessories,2,987.21,Chennai,Net Banking,1974.42
ORD104042,2025-02-23,CUST1042,Mouse,Electronics,5,1367.76,Pune,UPI,6838.8
ORD104043,2025-10-08,CUST1043,Shoes,Fashion,4,148.93,Delhi,Credit Card,595.72
ORD104044,2025-09-22,CUST1044,Keyboard,Electronics,2,402.63,Coimbatore,Net Banking,805.26
ORD104045,2025-08-03,CUST1045,Smartwatch,Electronics,2,1354.44,Bengaluru,Credit Card,2708.88
ORD104046,2025-10-17,CUST1046,Backpack,Accessories,3,433.67,Hyderabad,Net Banking,1301.01
ORD104047,2025-02-12,CUST1047,Tablet,Electronics,2,984.38,Hyderabad,UPI,1968.76
ORD104048,2025-03-15,CUST1048,Tablet,Electronics,5,806.88,Hyderabad,Net Banking,4034.4
ORD104049,2025-12-16,CUST1049,Mouse,Electronics,4,898.53,Bengaluru,Credit Card,3594.12
ORD104050,2025-10-05,CUST1050,Keyboard,Electronics,3,629.53,Coimbatore,Debit Card,1888.59
ORD104051,2025-11-22,CUST1051,Shoes,Fashion,1,456.99,Delhi,UPI,456.99
ORD104052,2025-08-30,CUST1052,Laptop,Electronics,1,82.31,Mumbai,UPI,82.31
ORD104053,2025-05-10,CUST1053,Shoes,Fashion,4,1118.98,Delhi,Credit Card,4475.92
ORD104054,2025-12-16,CUST1054,Shoes,Fashion,1,1121.68,Kochi,Net Banking,1121.68
ORD104055,2025-07-13,CUST1055,Tablet,Electronics,5,1009.38,Hyderabad,Net Banking,5046.9
ORD104056,2025-02-01,CUST1056,Laptop,Electronics,2,969.01,Mumbai,Net Banking,1938.02
ORD104057,2025-04-16,CUST1057,Laptop,Electronics,4,373.14,Chennai,UPI,1492.56
ORD104058,2025-07-23,CUST1058,Mouse,Electronics,3,43.29,Delhi,UPI,129.87
ORD104059,2025-01-01,CUST1059,Backpack,Accessories,2,1214.99,Chennai,Credit Card,2429.98
ORD104060,2025-09-02,CUST1060,Monitor,Electronics,1,741.8,Chennai,Net Banking,741.8
ORD104061,2025-03-13,CUST1061,Headphones,Electronics,1,467.19,Pune,Net Banking,467.19
ORD104062,2025-11-02,CUST1062,Headphones,Electronics,3,161.88,Delhi,Credit Card,485.64
ORD104063,2025-01-15,CUST1063,Tablet,Electronics,5,103.46,Hyderabad,UPI,517.3
ORD104064,2025-02-22,CUST1064,Monitor,Electronics,3,529.81,Bengaluru,UPI,1589.43
ORD104065,2025-01-08,CUST1065,Backpack,Accessories,4,1209.06,Hyderabad,Debit Card,4836.24
ORD104066,2025-11-26,CUST1066,Monitor,Electronics,3,1378.9,Chennai,Debit Card,4136.7
ORD104067,2025-02-15,CUST1067,Mouse,Electronics,1,1346.16,Chennai,Net Banking,1346.16
ORD104068,2025-11-21,CUST1068,Shoes,Fashion,5,1380.8,Hyderabad,UPI,6904.0
ORD104069,2025-04-24,CUST1069,Tablet,Electronics,5,1362.51,Bengaluru,Net Banking,6812.55
ORD104070,2025-05-27,CUST1070,Laptop,Electronics,3,795.56,Bengaluru,UPI,2386.68
ORD104071,2025-06-15,CUST1071,Tablet,Electronics,4,336.93,Pune,Debit Card,1347.72
ORD104072,2025-05-19,CUST1072,Headphones,Electronics,1,1199.09,Mumbai,Credit Card,1199.09
ORD104073,2025-04-27,CUST1073,Backpack,Accessories,2,328.43,Coimbatore,UPI,656.86
ORD104074,2025-10-26,CUST1074,Monitor,Electronics,5,408.14,Chennai,Debit Card,2040.7
ORD104075,2025-10-03,CUST1075,Backpack,Accessories,3,357.55,Kochi,Debit Card,1072.65
ORD104076,2025-10-04,CUST1076,Mouse,Electronics,4,777.32,Bengaluru,UPI,3109.28
ORD104077,2025-12-04,CUST1077,Tablet,Electronics,4,489.52,Delhi,Net Banking,1958.08
ORD104078,2025-11-09,CUST1078,Keyboard,Electronics,1,239.69,Pune,UPI,239.69
ORD104079,2025-06-27,CUST1079,Tablet,Electronics,5,685.23,Chennai,Debit Card,3426.15
ORD104080,2025-11-26,CUST1080,Laptop,Electronics,1,1312.12,Coimbatore,UPI,1312.12
ORD104081,2025-12-20,CUST1081,Tablet,Electronics,2,860.12,Delhi,Credit Card,1720.24
ORD104082,2025-06-03,CUST1082,Smartwatch,Electronics,2,1318.72,Chennai,Net Banking,2637.44
ORD104083,2025-07-20,CUST1083,Mouse,Electronics,2,301.85,Pune,UPI,603.7
ORD104084,2025-04-25,CUST1084,Smartphone,Electronics,4,258.79,Pune,Debit Card,1035.16
ORD104085,2025-06-08,CUST1085,Mouse,Electronics,5,867.61,Bengaluru,Debit Card,4338.05
ORD104086,2025-02-11,CUST1086,Monitor,Electronics,1,700.36,Mumbai,Net Banking,700.36
ORD104087,2025-09-04,CUST1087,Smartphone,Electronics,1,993.66,Hyderabad,UPI,993.66
ORD104088,2025-03-09,CUST1088,Monitor,Electronics,2,1193.99,Kochi,Debit Card,2387.98
ORD104089,2025-11-22,CUST1089,Monitor,Electronics,5,1129.45,Pune,Net Banking,5647.25
ORD104090,2025-11-30,CUST1090,Laptop,Electronics,5,1413.97,Delhi,Credit Card,7069.85
ORD104091,2025-07-15,CUST1091,Laptop,Electronics,3,603.4,Hyderabad,Net Banking,1810.2
ORD104092,2025-03-31,CUST1092,Shoes,Fashion,5,317.52,Bengaluru,UPI,1587.6
ORD104093,2025-04-21,CUST1093,Headphones,Electronics,5,830.86,Kochi,UPI,4154.3
ORD104094,2025-12-25,CUST1094,Shoes,Fashion,1,175.01,Bengaluru,Debit Card,175.01
ORD104095,2025-05-25,CUST1095,Shoes,Fashion,5,440.39,Kochi,Credit Card,2201.95
ORD104096,2025-10-02,CUST1096,Headphones,Electronics,5,319.75,Kochi,UPI,1598.75
ORD104097,2025-06-28,CUST1097,Keyboard,Electronics,1,600.88,Delhi,Debit Card,600.88
ORD104098,2025-08-29,CUST1098,Smartphone,Electronics,5,175.71,Coimbatore,Net Banking,878.55
ORD104099,2025-11-22,CUST1099,Backpack,Accessories,1,57.44,Kochi,Net Banking,57.44
ORD104100,2025-11-15,CUST1100,Shoes,Fashion,3,988.62,Pune,UPI,2965.86
ORD104101,2025-11-27,CUST1101,Tablet,Electronics,4,919.27,Delhi,Credit Card,3677.08
ORD104102,2025-06-02,CUST1102,Tablet,Electronics,1,1065.45,Chennai,Debit Card,1065.45
ORD104103,2025-04-14,CUST1103,Monitor,Electronics,1,993.98,Coimbatore,UPI,993.98
ORD104104,2025-03-16,CUST1104,Headphones,Electronics,5,180.3,Kochi,Debit Card,901.5
ORD104105,2025-05-08,CUST1105,Monitor,Electronics,1,443.71,Hyderabad,Net Banking,443.71
ORD104106,2025-07-18,CUST1106,Smartwatch,Electronics,2,202.99,Chennai,Debit Card,405.98
ORD104107,2025-06-03,CUST1107,Smartwatch,Electronics,2,1266.03,Coimbatore,Net Banking,2532.06
ORD104108,2025-02-25,CUST1108,Backpack,Accessories,3,1122.89,Hyderabad,Credit Card,3368.67
ORD104109,2025-10-05,CUST1109,Laptop,Electronics,1,310.28,Chennai,Credit Card,310.28
ORD104110,2025-12-11,CUST1110,Laptop,Electronics,5,518.55,Mumbai,Net Banking,2592.75
ORD104111,2025-01-19,CUST1111,Headphones,Electronics,5,1450.26,Pune,UPI,7251.3
ORD104112,2025-06-08,CUST1112,Headphones,Electronics,4,895.3,Delhi,Net Banking,3581.2
ORD104113,2025-01-26,CUST1113,Shoes,Fashion,3,1203.72,Delhi,Debit Card,3611.16
ORD104114,2025-06-18,CUST1114,Smartwatch,Electronics,5,404.24,Delhi,Debit Card,2021.2
ORD104115,2025-01-23,CUST1115,Shoes,Fashion,4,322.98,Kochi,Debit Card,1291.92
ORD104116,2025-02-16,CUST1116,Laptop,Electronics,5,1178.04,Mumbai,UPI,5890.2
ORD104117,2025-01-13,CUST1117,Smartphone,Electronics,4,1031.95,Pune,Credit Card,4127.8
ORD104118,2025-08-05,CUST1118,Smartphone,Electronics,2,1024.66,Coimbatore,Credit Card,2049.32
ORD104119,2025-11-18,CUST1119,Headphones,Electronics,2,833.43,Pune,Debit Card,1666.86
ORD104120,2025-07-13,CUST1120,Monitor,Electronics,5,849.73,Bengaluru,UPI,4248.65
ORD104121,2025-05-24,CUST1121,Laptop,Electronics,3,1106.19,Chennai,Debit Card,3318.57
ORD104122,2025-03-14,CUST1122,Smartphone,Electronics,1,412.3,Coimbatore,Credit Card,412.3
ORD104123,2025-06-05,CUST1123,Laptop,Electronics,3,535.63,Bengaluru,Net Banking,1606.89
ORD104124,2025-03-18,CUST1124,Mouse,Electronics,3,1308.74,Delhi,Debit Card,3926.22
ORD104125,2025-06-18,CUST1125,Tablet,Electronics,1,470.21,Delhi,Debit Card,470.21
ORD104126,2025-10-14,CUST1126,Smartwatch,Electronics,2,824.0,Delhi,Debit Card,1648.0
ORD104127,2025-03-26,CUST1127,Shoes,Fashion,2,1056.93,Bengaluru,Credit Card,2113.86
ORD104128,2025-07-01,CUST1128,Laptop,Electronics,1,1499.89,Chennai,UPI,1499.89
ORD104129,2025-11-11,CUST1129,Tablet,Electronics,4,658.58,Chennai,Net Banking,2634.32
ORD104130,2025-10-24,CUST1130,Mouse,Electronics,3,647.86,Bengaluru,Net Banking,1943.58
ORD104131,2025-04-22,CUST1131,Shoes,Fashion,5,1265.46,Hyderabad,Net Banking,6327.3
ORD104132,2025-08-18,CUST1132,Laptop,Electronics,2,1210.2,Delhi,Debit Card,2420.4
ORD104133,2025-04-06,CUST1133,Headphones,Electronics,5,1099.3,Coimbatore,Credit Card,5496.5
ORD104134,2025-06-17,CUST1134,Tablet,Electronics,1,700.21,Chennai,Net Banking,700.21
ORD104135,2025-06-05,CUST1135,Shoes,Fashion,5,492.67,Pune,Debit Card,2463.35
ORD104136,2025-04-15,CUST1136,Laptop,Electronics,5,917.01,Bengaluru,UPI,4585.05
ORD104137,2025-07-12,CUST1137,Tablet,Electronics,3,1315.57,Kochi,Debit Card,3946.71
ORD104138,2025-11-26,CUST1138,Mouse,Electronics,1,1326.83,Hyderabad,Net Banking,1326.83
ORD104139,2025-05-12,CUST1139,Laptop,Electronics,5,171.66,Mumbai,Net Banking,858.3
ORD104140,2025-12-21,CUST1140,Laptop,Electronics,2,648.24,Kochi,UPI,1296.48
ORD104141,2025-05-18,CUST1141,Laptop,Electronics,1,702.44,Kochi,Credit Card,702.44
ORD104142,2025-11-27,CUST1142,Backpack,Accessories,2,1466.65,Bengaluru,UPI,2933.3
ORD104143,2025-09-27,CUST1143,Headphones,Electronics,4,1020.22,Pune,UPI,4080.88
ORD104144,2025-02-07,CUST1144,Mouse,Electronics,5,616.8,Hyderabad,Net Banking,3084.0
ORD104145,2025-02-14,CUST1145,Shoes,Fashion,1,48.83,Mumbai,Net Banking,48.83
ORD104146,2025-06-12,CUST1146,Backpack,Accessories,2,852.42,Hyderabad,Credit Card,1704.84
ORD104147,2025-11-27,CUST1147,Monitor,Electronics,5,153.15,Chennai,Net Banking,765.75
ORD104148,2025-09-10,CUST1148,Backpack,Accessories,3,1253.33,Kochi,UPI,3759.99
ORD104149,2025-06-18,CUST1149,Smartwatch,Electronics,2,1131.25,Bengaluru,UPI,2262.5
ORD104150,2025-10-12,CUST1150,Smartwatch,Electronics,2,696.16,Pune,Credit Card,1392.32
ORD104151,2025-10-01,CUST1151,Laptop,Electronics,4,649.52,Mumbai,Net Banking,2598.08
ORD104152,2025-01-20,CUST1152,Backpack,Accessories,3,1347.04,Hyderabad,Net Banking,4041.12
ORD104153,2025-08-27,CUST1153,Monitor,Electronics,4,439.8,Kochi,UPI,1759.2
ORD104154,2025-09-27,CUST1154,Backpack,Accessories,3,381.04,Mumbai,UPI,1143.12
ORD104155,2025-11-06,CUST1155,Headphones,Electronics,2,1409.4,Kochi,Net Banking,2818.8
ORD104156,2025-01-31,CUST1156,Headphones,Electronics,4,1215.78,Coimbatore,Debit Card,4863.12
ORD104157,2025-11-10,CUST1157,Monitor,Electronics,5,1232.73,Pune,UPI,6163.65
ORD104158,2025-04-14,CUST1158,Backpack,Accessories,3,300.84,Bengaluru,UPI,902.52
ORD104159,2025-06-19,CUST1159,Tablet,Electronics,2,223.51,Chennai,UPI,447.02
ORD104160,2025-07-05,CUST1160,Headphones,Electronics,1,48.78,Kochi,Credit Card,48.78
ORD104161,2025-05-08,CUST1161,Headphones,Electronics,3,363.19,Mumbai,Net Banking,1089.57
ORD104162,2025-07-29,CUST1162,Smartphone,Electronics,3,1163.54,Delhi,Net Banking,3490.62
ORD104163,2025-10-08,CUST1163,Backpack,Accessories,5,367.66,Hyderabad,Net Banking,1838.3
ORD104164,2025-09-10,CUST1164,Headphones,Electronics,3,1096.36,Delhi,UPI,3289.08
ORD104165,2025-01-19,CUST1165,Mouse,Electronics,3,385.34,Mumbai,Net Banking,1156.02
ORD104166,2025-07-19,CUST1166,Backpack,Accessories,5,598.99,Pune,Net Banking,2994.95
ORD104167,2025-08-08,CUST1167,Smartwatch,Electronics,5,1474.91,Delhi,Net Banking,7374.55
ORD104168,2025-05-16,CUST1168,Smartphone,Electronics,4,374.77,Hyderabad,Credit Card,1499.08
ORD104169,2025-08-11,CUST1169,Headphones,Electronics,2,570.79,Mumbai,Credit Card,1141.58
ORD104170,2025-01-03,CUST1170,Smartphone,Electronics,2,458.62,Chennai,UPI,917.24
ORD104171,2025-08-24,CUST1171,Smartwatch,Electronics,4,173.34,Chennai,Net Banking,693.36
ORD104172,2025-12-08,CUST1172,Monitor,Electronics,2,739.94,Bengaluru,UPI,1479.88
ORD104173,2025-08-16,CUST1173,Monitor,Electronics,3,574.25,Chennai,UPI,1722.75
ORD104174,2025-05-22,CUST1174,Backpack,Accessories,4,1045.38,Mumbai,UPI,4181.52
ORD104175,2025-01-09,CUST1175,Smartwatch,Electronics,4,1228.22,Pune,UPI,4912.88
ORD104176,2025-07-09,CUST1176,Keyboard,Electronics,2,820.93,Mumbai,UPI,1641.86
ORD104177,2025-12-16,CUST1177,Keyboard,Electronics,1,57.97,Chennai,UPI,57.97
ORD104178,2025-06-14,CUST1178,Backpack,Accessories,2,932.19,Coimbatore,Credit Card,1864.38
ORD104179,2025-05-19,CUST1179,Laptop,Electronics,1,92.53,Mumbai,Debit Card,92.53
ORD104180,2025-10-03,CUST1180,Smartphone,Electronics,4,928.37,Bengaluru,Credit Card,3713.48
ORD104181,2025-10-18,CUST1181,Smartphone,Electronics,1,1030.69,Coimbatore,UPI,1030.69
ORD104182,2025-02-22,CUST1182,Monitor,Electronics,3,304.67,Chennai,Debit Card,914.01
ORD104183,2025-06-24,CUST1183,Keyboard,Electronics,5,1230.83,Pune,Debit Card,6154.15
ORD104184,2025-04-20,CUST1184,Shoes,Fashion,1,1367.52,Hyderabad,Net Banking,1367.52
ORD104185,2025-07-22,CUST1185,Headphones,Electronics,5,1221.5,Mumbai,UPI,6107.5
ORD104186,2025-05-16,CUST1186,Headphones,Electronics,3,464.61,Hyderabad,UPI,1393.83
ORD104187,2025-01-04,CUST1187,Headphones,Electronics,5,884.1,Delhi,Credit Card,4420.5
ORD104188,2025-06-04,CUST1188,Monitor,Electronics,3,1373.07,Bengaluru,Debit Card,4119.21
ORD104189,2025-06-21,CUST1189,Smartwatch,Electronics,5,487.79,Coimbatore,Debit Card,2438.95
ORD104190,2025-12-24,CUST1190,Tablet,Electronics,5,1231.84,Kochi,UPI,6159.2
ORD104191,2025-02-16,CUST1191,Keyboard,Electronics,2,24.12,Hyderabad,Net Banking,48.24
ORD104192,2025-04-04,CUST1192,Keyboard,Electronics,1,15.43,Kochi,UPI,15.43
ORD104193,2025-02-17,CUST1193,Shoes,Fashion,5,1141.97,Bengaluru,Debit Card,5709.85
ORD104194,2025-08-28,CUST1194,Smartphone,Electronics,4,1144.56,Hyderabad,Net Banking,4578.24
ORD104195,2025-12-13,CUST1195,Laptop,Electronics,2,1185.58,Hyderabad,Net Banking,2371.16
ORD104196,2025-08-01,CUST1196,Backpack,Accessories,1,1395.74,Bengaluru,Debit Card,1395.74
ORD104197,2025-12-06,CUST1197,Smartphone,Electronics,2,185.68,Kochi,UPI,371.36
ORD104198,2025-11-20,CUST1198,Smartwatch,Electronics,1,355.66,Mumbai,UPI,355.66
ORD104199,2025-05-19,CUST1199,Backpack,Accessories,3,1356.55,Hyderabad,UPI,4069.65
ORD104200,2025-07-24,CUST1200,Keyboard,Electronics,5,274.08,Bengaluru,Credit Card,1370.4
ORD104201,2025-03-14,CUST1201,Smartwatch,Electronics,4,1026.52,Hyderabad,Credit Card,4106.08
ORD104202,2025-01-04,CUST1202,Backpack,Accessories,2,800.39,Pune,Net Banking,1600.78
ORD104203,2025-03-17,CUST1203,Shoes,Fashion,2,133.96,Kochi,UPI,267.92
ORD104204,2025-11-25,CUST1204,Shoes,Fashion,2,435.04,Mumbai,Credit Card,870.08
ORD104205,2025-03-18,CUST1205,Mouse,Electronics,2,785.35,Pune,Net Banking,1570.7
ORD104206,2025-10-31,CUST1206,Tablet,Electronics,5,1280.0,Pune,Debit Card,6400.0
ORD104207,2025-09-13,CUST1207,Shoes,Fashion,1,1064.23,Bengaluru,Debit Card,1064.23
ORD104208,2025-04-12,CUST1208,Keyboard,Electronics,5,936.61,Pune,UPI,4683.05
ORD104209,2025-04-16,CUST1209,Laptop,Electronics,3,749.09,Hyderabad,Debit Card,2247.27
ORD104210,2025-11-29,CUST1210,Headphones,Electronics,5,455.04,Kochi,Debit Card,2275.2
ORD104211,2025-02-08,CUST1211,Mouse,Electronics,5,187.67,Chennai,Debit Card,938.35
ORD104212,2025-11-10,CUST1212,Headphones,Electronics,3,619.52,Mumbai,Net Banking,1858.56
ORD104213,2025-10-02,CUST1213,Tablet,Electronics,5,52.49,Hyderabad,Debit Card,262.45
ORD104214,2025-03-29,CUST1214,Backpack,Accessories,1,324.47,Coimbatore,Debit Card,324.47
ORD104215,2025-07-30,CUST1215,Monitor,Electronics,4,654.4,Bengaluru,Net Banking,2617.6
ORD104216,2025-03-18,CUST1216,Shoes,Fashion,3,633.72,Hyderabad,Credit Card,1901.16
ORD104217,2025-03-18,CUST1217,Laptop,Electronics,2,76.0,Mumbai,Net Banking,152.0
ORD104218,2025-01-28,CUST1218,Tablet,Electronics,1,887.7,Pune,Credit Card,887.7
ORD104219,2025-09-02,CUST1219,Headphones,Electronics,4,829.03,Mumbai,Net Banking,3316.12
ORD104220,2025-03-07,CUST1220,Mouse,Electronics,1,126.38,Coimbatore,UPI,126.38
ORD104221,2025-09-23,CUST1221,Shoes,Fashion,1,1415.31,Pune,Debit Card,1415.31
ORD104222,2025-07-24,CUST1222,Keyboard,Electronics,2,158.08,Coimbatore,Credit Card,316.16
ORD104223,2025-02-27,CUST1223,Shoes,Fashion,4,1283.7,Delhi,Net Banking,5134.8
ORD104224,2025-07-20,CUST1224,Mouse,Electronics,1,10.46,Delhi,Credit Card,10.46
ORD104225,2025-08-13,CUST1225,Mouse,Electronics,2,1324.6,Hyderabad,Credit Card,2649.2
ORD104226,2025-05-22,CUST1226,Monitor,Electronics,3,39.38,Chennai,Debit Card,118.14
ORD104227,2025-03-25,CUST1227,Shoes,Fashion,2,1139.14,Pune,Credit Card,2278.28
ORD104228,2025-05-23,CUST1228,Shoes,Fashion,5,548.92,Kochi,Net Banking,2744.6
ORD104229,2025-12-18,CUST1229,Monitor,Electronics,2,1109.94,Mumbai,UPI,2219.88
ORD104230,2025-02-02,CUST1230,Smartwatch,Electronics,2,608.6,Kochi,UPI,1217.2
ORD104231,2025-06-01,CUST1231,Smartwatch,Electronics,2,115.65,Chennai,Debit Card,231.3
ORD104232,2025-06-07,CUST1232,Backpack,Accessories,1,1153.58,Pune,Net Banking,1153.58
ORD104233,2025-05-21,CUST1233,Smartwatch,Electronics,4,116.17,Pune,Net Banking,464.68
ORD104234,2025-09-08,CUST1234,Smartphone,Electronics,2,1383.96,Pune,UPI,2767.92
ORD104235,2025-10-30,CUST1235,Shoes,Fashion,2,85.95,Pune,Net Banking,171.9
ORD104236,2025-04-22,CUST1236,Laptop,Electronics,5,724.19,Chennai,Credit Card,3620.95
ORD104237,2025-05-24,CUST1237,Shoes,Fashion,5,1087.32,Hyderabad,Debit Card,5436.6
ORD104238,2025-07-28,CUST1238,Smartphone,Electronics,3,595.94,Bengaluru,UPI,1787.82
ORD104239,2025-08-12,CUST1239,Smartphone,Electronics,3,333.68,Bengaluru,Debit Card,1001.04
ORD104240,2025-02-12,CUST1240,Headphones,Electronics,5,1141.05,Bengaluru,Credit Card,5705.25
ORD104241,2025-09-21,CUST1241,Shoes,Fashion,4,1178.6,Coimbatore,UPI,4714.4
ORD104242,2025-09-01,CUST1242,Tablet,Electronics,3,1384.82,Pune,Net Banking,4154.46
ORD104243,2025-01-03,CUST1243,Smartphone,Electronics,4,570.49,Pune,Net Banking,2281.96
ORD104244,2025-05-05,CUST1244,Laptop,Electronics,5,764.32,Mumbai,Credit Card,3821.6
ORD104245,2025-09-25,CUST1245,Monitor,Electronics,3,551.06,Coimbatore,UPI,1653.18
ORD104246,2025-03-25,CUST1246,Backpack,Accessories,2,393.05,Mumbai,Debit Card,786.1
ORD104247,2025-01-16,CUST1247,Headphones,Electronics,5,1129.04,Kochi,UPI,5645.2
ORD104248,2025-11-30,CUST1248,Monitor,Electronics,3,516.08,Delhi,Net Banking,1548.24
ORD104249,2025-02-28,CUST1249,Headphones,Electronics,4,647.94,Mumbai,UPI,2591.76
ORD104250,2025-06-26,CUST1250,Laptop,Electronics,4,611.47,Mumbai,UPI,2445.88
ORD104251,2025-03-04,CUST1251,Mouse,Electronics,3,1071.87,Kochi,Net Banking,3215.61
ORD104252,2025-02-18,CUST1252,Shoes,Fashion,4,1377.52,Hyderabad,Net Banking,5510.08
ORD104253,2025-11-03,CUST1253,Keyboard,Electronics,3,1003.47,Bengaluru,Debit Card,3010.41
ORD104254,2025-09-03,CUST1254,Tablet,Electronics,3,712.66,Pune,UPI,2137.98
ORD104255,2025-10-16,CUST1255,Monitor,Electronics,4,1171.02,Coimbatore,Net Banking,4684.08
ORD104256,2025-10-13,CUST1256,Shoes,Fashion,1,965.05,Delhi,Credit Card,965.05
ORD104257,2025-11-28,CUST1257,Tablet,Electronics,2,100.31,Kochi,Net Banking,200.62
ORD104258,2025-01-15,CUST1258,Mouse,Electronics,5,152.54,Coimbatore,Debit Card,762.7
ORD104259,2025-12-04,CUST1259,Keyboard,Electronics,2,66.5,Pune,Debit Card,133.0
ORD104260,2025-09-12,CUST1260,Tablet,Electronics,5,690.66,Hyderabad,Credit Card,3453.3
ORD104261,2025-04-02,CUST1261,Tablet,Electronics,5,1240.52,Mumbai,Debit Card,6202.6
ORD104262,2025-10-06,CUST1262,Monitor,Electronics,2,476.49,Kochi,UPI,952.98
ORD104263,2025-07-25,CUST1263,Smartwatch,Electronics,3,582.4,Delhi,Debit Card,1747.2
ORD104264,2025-04-04,CUST1264,Keyboard,Electronics,4,1365.12,Bengaluru,Credit Card,5460.48
ORD104265,2025-08-13,CUST1265,Shoes,Fashion,1,1256.99,Pune,Debit Card,1256.99
ORD104266,2025-10-28,CUST1266,Mouse,Electronics,1,1000.92,Chennai,Credit Card,1000.92
ORD104267,2025-11-14,CUST1267,Keyboard,Electronics,1,407.54,Chennai,Debit Card,407.54
ORD104268,2025-07-18,CUST1268,Laptop,Electronics,2,184.39,Hyderabad,Net Banking,368.78
ORD104269,2025-09-28,CUST1269,Smartwatch,Electronics,2,33.93,Bengaluru,Credit Card,67.86
ORD104270,2025-08-22,CUST1270,Laptop,Electronics,3,169.45,Chennai,Debit Card,508.35
ORD104271,2025-02-15,CUST1271,Mouse,Electronics,1,445.97,Chennai,UPI,445.97
ORD104272,2025-03-05,CUST1272,Monitor,Electronics,3,832.17,Kochi,Credit Card,2496.51
ORD104273,2025-08-18,CUST1273,Monitor,Electronics,1,105.36,Kochi,Credit Card,105.36
ORD104274,2025-09-06,CUST1274,Mouse,Electronics,2,212.98,Pune,Debit Card,425.96
ORD104275,2025-09-03,CUST1275,Headphones,Electronics,4,279.81,Delhi,Net Banking,1119.24
ORD104276,2025-03-16,CUST1276,Mouse,Electronics,4,951.65,Delhi,Net Banking,3806.6
ORD104277,2025-06-06,CUST1277,Smartwatch,Electronics,4,927.53,Pune,Debit Card,3710.12
ORD104278,2025-08-11,CUST1278,Smartphone,Electronics,4,830.64,Coimbatore,Debit Card,3322.56
ORD104279,2025-07-09,CUST1279,Monitor,Electronics,5,383.25,Pune,UPI,1916.25
ORD104280,2025-02-21,CUST1280,Backpack,Accessories,1,562.97,Bengaluru,Debit Card,562.97
ORD104281,2025-03-29,CUST1281,Smartwatch,Electronics,4,154.07,Chennai,Credit Card,616.28
ORD104282,2025-11-09,CUST1282,Smartwatch,Electronics,5,347.43,Delhi,Debit Card,1737.15
ORD104283,2025-12-05,CUST1283,Smartwatch,Electronics,5,1347.58,Pune,UPI,6737.9
ORD104284,2025-03-07,CUST1284,Tablet,Electronics,5,1469.74,Delhi,Debit Card,7348.7
ORD104285,2025-05-30,CUST1285,Smartwatch,Electronics,3,975.01,Delhi,Debit Card,2925.03
ORD104286,2025-01-20,CUST1286,Monitor,Electronics,3,1376.07,Kochi,Credit Card,4128.21
ORD104287,2025-02-02,CUST1287,Smartphone,Electronics,5,967.69,Coimbatore,Net Banking,4838.45
ORD104288,2025-11-24,CUST1288,Smartphone,Electronics,4,59.46,Bengaluru,Debit Card,237.84
ORD104289,2025-10-08,CUST1289,Smartwatch,Electronics,1,1495.18,Mumbai,UPI,1495.18
ORD104290,2025-02-15,CUST1290,Laptop,Electronics,2,157.44,Delhi,Debit Card,314.88
ORD104291,2025-03-14,CUST1291,Monitor,Electronics,3,1027.14,Bengaluru,Debit Card,3081.42
ORD104292,2025-12-20,CUST1292,Monitor,Electronics,4,386.73,Hyderabad,Credit Card,1546.92
ORD104293,2025-11-09,CUST1293,Keyboard,Electronics,4,594.05,Coimbatore,Net Banking,2376.2
ORD104294,2025-12-09,CUST1294,Shoes,Fashion,2,972.44,Mumbai,Net Banking,1944.88
ORD104295,2025-05-13,CUST1295,Headphones,Electronics,2,660.37,Delhi,Net Banking,1320.74
ORD104296,2025-02-24,CUST1296,Headphones,Electronics,4,383.31,Pune,Debit Card,1533.24
ORD104297,2025-03-02,CUST1297,Laptop,Electronics,2,508.32,Delhi,Credit Card,1016.64
ORD104298,2025-12-11,CUST1298,Headphones,Electronics,4,518.91,Coimbatore,Credit Card,2075.64
ORD104299,2025-01-08,CUST1299,Keyboard,Electronics,2,1439.39,Kochi,Debit Card,2878.78
ORD104300,2025-09-29,CUST1300,Mouse,Electronics,2,1199.93,Coimbatore,Credit Card,2399.86
ORD104301,2025-09-03,CUST1301,Headphones,Electronics,4,693.24,Chennai,Net Banking,2772.96
ORD104302,2025-06-25,CUST1302,Monitor,Electronics,5,307.73,Delhi,Credit Card,1538.65
ORD104303,2025-04-26,CUST1303,Mouse,Electronics,4,1218.41,Kochi,Debit Card,4873.64
ORD104304,2025-11-13,CUST1304,Headphones,Electronics,1,244.2,Bengaluru,Debit Card,244.2
ORD104305,2025-09-28,CUST1305,Monitor,Electronics,2,323.59,Coimbatore,UPI,647.18
ORD104306,2025-07-12,CUST1306,Monitor,Electronics,3,555.36,Coimbatore,UPI,1666.08
ORD104307,2025-05-30,CUST1307,Smartwatch,Electronics,2,1321.72,Hyderabad,Credit Card,2643.44
ORD104308,2025-05-11,CUST1308,Smartphone,Electronics,1,206.36,Hyderabad,Credit Card,206.36
ORD104309,2025-04-12,CUST1309,Laptop,Electronics,3,192.13,Hyderabad,Debit Card,576.39
ORD104310,2025-11-06,CUST1310,Keyboard,Electronics,3,746.02,Coimbatore,UPI,2238.06
ORD104311,2025-09-27,CUST1311,Tablet,Electronics,4,421.85,Mumbai,UPI,1687.4
ORD104312,2025-10-19,CUST1312,Shoes,Fashion,5,857.4,Kochi,Net Banking,4287.0
ORD104313,2025-07-29,CUST1313,Headphones,Electronics,4,682.94,Bengaluru,Net Banking,2731.76
ORD104314,2025-12-27,CUST1314,Headphones,Electronics,3,658.09,Coimbatore,Debit Card,1974.27
ORD104315,2025-12-04,CUST1315,Mouse,Electronics,3,176.84,Pune,Debit Card,530.52
ORD104316,2025-03-08,CUST1316,Mouse,Electronics,5,220.16,Pune,Debit Card,1100.8
ORD104317,2025-01-10,CUST1317,Shoes,Fashion,2,1233.41,Chennai,Debit Card,2466.82
ORD104318,2025-02-18,CUST1318,Headphones,Electronics,5,1329.97,Pune,UPI,6649.85
ORD104319,2025-04-21,CUST1319,Backpack,Accessories,4,359.68,Kochi,Debit Card,1438.72
ORD104320,2025-11-17,CUST1320,Keyboard,Electronics,2,179.06,Kochi,Debit Card,358.12
ORD104321,2025-08-07,CUST1321,Headphones,Electronics,4,89.59,Delhi,UPI,358.36
ORD104322,2025-02-26,CUST1322,Smartphone,Electronics,5,916.36,Mumbai,Net Banking,4581.8
ORD104323,2025-10-10,CUST1323,Shoes,Fashion,2,1075.88,Mumbai,Debit Card,2151.76
ORD104324,2025-04-23,CUST1324,Backpack,Accessories,5,565.49,Bengaluru,Net Banking,2827.45
ORD104325,2025-05-13,CUST1325,Keyboard,Electronics,1,1022.72,Mumbai,UPI,1022.72
ORD104326,2025-03-12,CUST1326,Headphones,Electronics,3,1072.31,Bengaluru,Net Banking,3216.93
ORD104327,2025-03-24,CUST1327,Tablet,Electronics,2,1403.66,Pune,UPI,2807.32
ORD104328,2025-02-26,CUST1328,Smartwatch,Electronics,3,106.66,Mumbai,Debit Card,319.98
ORD104329,2025-12-15,CUST1329,Smartphone,Electronics,1,296.51,Delhi,Net Banking,296.51
ORD104330,2025-09-28,CUST1330,Tablet,Electronics,2,112.1,Bengaluru,Debit Card,224.2
ORD104331,2025-04-21,CUST1331,Mouse,Electronics,3,1303.31,Hyderabad,Credit Card,3909.93
ORD104332,2025-12-23,CUST1332,Mouse,Electronics,3,1190.95,Hyderabad,Credit Card,3572.85
ORD104333,2025-03-17,CUST1333,Headphones,Electronics,2,866.22,Mumbai,Net Banking,1732.44
ORD104334,2025-06-07,CUST1334,Mouse,Electronics,3,134.66,Mumbai,UPI,403.98
ORD104335,2025-01-20,CUST1335,Smartphone,Electronics,3,417.24,Pune,Net Banking,1251.72
ORD104336,2025-05-11,CUST1336,Keyboard,Electronics,2,453.6,Bengaluru,UPI,907.2
ORD104337,2025-11-25,CUST1337,Monitor,Electronics,3,845.51,Kochi,Credit Card,2536.53
ORD104338,2025-05-02,CUST1338,Laptop,Electronics,3,394.49,Pune,UPI,1183.47
ORD104339,2025-02-10,CUST1339,Shoes,Fashion,4,118.71,Kochi,Credit Card,474.84
ORD104340,2025-06-16,CUST1340,Keyboard,Electronics,4,1098.84,Bengaluru,Net Banking,4395.36
ORD104341,2025-05-10,CUST1341,Monitor,Electronics,1,455.63,Delhi,Debit Card,455.63
ORD104342,2025-01-23,CUST1342,Backpack,Accessories,4,684.04,Coimbatore,Debit Card,2736.16
ORD104343,2025-10-06,CUST1343,Smartphone,Electronics,4,200.22,Hyderabad,Debit Card,800.88
ORD104344,2025-09-08,CUST1344,Tablet,Electronics,1,1205.8,Coimbatore,UPI,1205.8
ORD104345,2025-01-09,CUST1345,Monitor,Electronics,3,852.64,Coimbatore,Debit Card,2557.92
ORD104346,2025-01-13,CUST1346,Smartphone,Electronics,3,1353.36,Chennai,UPI,4060.08
ORD104347,2025-11-03,CUST1347,Smartwatch,Electronics,4,748.25,Bengaluru,Debit Card,2993.0
ORD104348,2025-11-16,CUST1348,Tablet,Electronics,1,1412.72,Chennai,UPI,1412.72
ORD104349,2025-02-21,CUST1349,Mouse,Electronics,3,1338.88,Kochi,UPI,4016.64
ORD104350,2025-07-28,CUST1350,Mouse,Electronics,5,868.93,Chennai,Credit Card,4344.65
ORD104351,2025-02-07,CUST1351,Tablet,Electronics,2,1401.5,Kochi,Credit Card,2803.0
ORD104352,2025-04-10,CUST1352,Backpack,Accessories,2,491.4,Coimbatore,Net Banking,982.8
ORD104353,2025-07-12,CUST1353,Backpack,Accessories,2,554.81,Chennai,Credit Card,1109.62
ORD104354,2025-07-10,CUST1354,Backpack,Accessories,4,77.76,Delhi,UPI,311.04
ORD104355,2025-02-20,CUST1355,Monitor,Electronics,2,887.91,Bengaluru,Credit Card,1775.82
ORD104356,2025-05-21,CUST1356,Shoes,Fashion,2,1085.67,Coimbatore,Credit Card,2171.34
ORD104357,2025-06-17,CUST1357,Monitor,Electronics,5,1162.54,Bengaluru,Credit Card,5812.7
ORD104358,2025-11-07,CUST1358,Headphones,Electronics,3,233.23,Delhi,UPI,699.69
ORD104359,2025-04-19,CUST1359,Laptop,Electronics,5,671.8,Mumbai,UPI,3359.0
ORD104360,2025-07-26,CUST1360,Tablet,Electronics,4,273.53,Chennai,Net Banking,1094.12
ORD104361,2025-10-27,CUST1361,Keyboard,Electronics,2,996.57,Coimbatore,Credit Card,1993.14
ORD104362,2025-04-20,CUST1362,Laptop,Electronics,3,245.34,Kochi,Credit Card,736.02
ORD104363,2025-07-15,CUST1363,Smartwatch,Electronics,2,1357.2,Hyderabad,UPI,2714.4
ORD104364,2025-06-01,CUST1364,Monitor,Electronics,2,353.65,Bengaluru,Net Banking,707.3
ORD104365,2025-08-31,CUST1365,Monitor,Electronics,4,444.19,Pune,Net Banking,1776.76
ORD104366,2025-05-08,CUST1366,Smartphone,Electronics,2,1277.85,Delhi,UPI,2555.7
ORD104367,2025-04-15,CUST1367,Laptop,Electronics,1,693.12,Chennai,Credit Card,693.12
ORD104368,2025-01-10,CUST1368,Smartphone,Electronics,3,45.75,Bengaluru,Net Banking,137.25
ORD104369,2025-12-22,CUST1369,Keyboard,Electronics,3,746.93,Delhi,Net Banking,2240.79
ORD104370,2025-05-28,CUST1370,Smartphone,Electronics,1,135.97,Bengaluru,Credit Card,135.97
ORD104371,2025-12-31,CUST1371,Laptop,Electronics,4,1478.16,Mumbai,Net Banking,5912.64
ORD104372,2025-12-30,CUST1372,Tablet,Electronics,2,886.29,Pune,Credit Card,1772.58
ORD104373,2025-05-20,CUST1373,Smartwatch,Electronics,2,392.23,Delhi,Net Banking,784.46
ORD104374,2025-07-09,CUST1374,Monitor,Electronics,3,849.94,Bengaluru,Net Banking,2549.82
ORD104375,2025-04-04,CUST1375,Keyboard,Electronics,4,124.53,Kochi,UPI,498.12
ORD104376,2025-08-17,CUST1376,Monitor,Electronics,4,1201.84,Pune,Net Banking,4807.36
ORD104377,2025-03-04,CUST1377,Headphones,Electronics,4,1388.74,Mumbai,Credit Card,5554.96
ORD104378,2025-12-06,CUST1378,Smartwatch,Electronics,2,1312.92,Mumbai,Net Banking,2625.84
ORD104379,2025-01-25,CUST1379,Shoes,Fashion,4,519.22,Mumbai,UPI,2076.88
ORD104380,2025-09-25,CUST1380,Smartphone,Electronics,1,495.39,Chennai,Net Banking,495.39
ORD104381,2025-10-08,CUST1381,Mouse,Electronics,5,62.28,Delhi,Debit Card,311.4
ORD104382,2025-01-11,CUST1382,Laptop,Electronics,4,980.59,Bengaluru,Credit Card,3922.36
ORD104383,2025-11-16,CUST1383,Monitor,Electronics,5,807.01,Bengaluru,Debit Card,4035.05
ORD104384,2025-07-20,CUST1384,Smartphone,Electronics,2,694.43,Pune,UPI,1388.86
ORD104385,2025-05-06,CUST1385,Keyboard,Electronics,4,1362.37,Pune,Debit Card,5449.48
ORD104386,2025-11-02,CUST1386,Monitor,Electronics,3,260.14,Delhi,Net Banking,780.42
ORD104387,2025-07-09,CUST1387,Shoes,Fashion,2,24.4,Mumbai,Credit Card,48.8
ORD104388,2025-03-30,CUST1388,Smartwatch,Electronics,1,119.24,Bengaluru,Debit Card,119.24
ORD104389,2025-12-21,CUST1389,Smartwatch,Electronics,1,342.82,Bengaluru,Net Banking,342.82
ORD104390,2025-04-26,CUST1390,Monitor,Electronics,5,59.6,Mumbai,Debit Card,298.0
ORD104391,2025-12-18,CUST1391,Keyboard,Electronics,5,759.24,Hyderabad,Net Banking,3796.2
ORD104392,2025-06-26,CUST1392,Smartwatch,Electronics,3,477.99,Hyderabad,Net Banking,1433.97
ORD104393,2025-01-14,CUST1393,Smartwatch,Electronics,3,278.92,Mumbai,Debit Card,836.76
ORD104394,2025-09-14,CUST1394,Shoes,Fashion,1,1127.63,Pune,UPI,1127.63
ORD104395,2025-07-28,CUST1395,Laptop,Electronics,4,314.63,Chennai,Credit Card,1258.52
ORD104396,2025-10-08,CUST1396,Keyboard,Electronics,1,1034.53,Pune,UPI,1034.53
ORD104397,2025-11-24,CUST1397,Keyboard,Electronics,1,530.4,Pune,Debit Card,530.4
ORD104398,2025-11-21,CUST1398,Tablet,Electronics,3,772.62,Kochi,Net Banking,2317.86
ORD104399,2025-04-15,CUST1399,Tablet,Electronics,5,1401.46,Kochi,Debit Card,7007.3
ORD104400,2025-05-27,CUST1400,Smartwatch,Electronics,3,65.65,Bengaluru,Net Banking,196.95
ORD104401,2025-10-06,CUST1401,Mouse,Electronics,3,755.39,Pune,Net Banking,2266.17
ORD104402,2025-01-09,CUST1402,Tablet,Electronics,3,1283.09,Bengaluru,UPI,3849.27
ORD104403,2025-04-28,CUST1403,Smartwatch,Electronics,1,886.08,Hyderabad,UPI,886.08
ORD104404,2025-04-04,CUST1404,Backpack,Accessories,4,422.54,Pune,Debit Card,1690.16
ORD104405,2025-05-24,CUST1405,Headphones,Electronics,1,602.54,Mumbai,Credit Card,602.54
ORD104406,2025-10-16,CUST1406,Headphones,Electronics,2,1023.6,Delhi,UPI,2047.2
ORD104407,2025-01-14,CUST1407,Keyboard,Electronics,3,1337.31,Delhi,Net Banking,4011.93
ORD104408,2025-09-14,CUST1408,Mouse,Electronics,3,71.19,Pune,Debit Card,213.57
ORD104409,2025-12-12,CUST1409,Shoes,Fashion,2,116.59,Chennai,Debit Card,233.18
ORD104410,2025-07-05,CUST1410,Laptop,Electronics,3,494.33,Pune,Credit Card,1482.99
ORD104411,2025-12-11,CUST1411,Tablet,Electronics,3,356.84,Mumbai,Debit Card,1070.52
ORD104412,2025-07-26,CUST1412,Backpack,Accessories,3,404.75,Hyderabad,UPI,1214.25
ORD104413,2025-12-12,CUST1413,Smartwatch,Electronics,2,339.69,Hyderabad,Net Banking,679.38
ORD104414,2025-06-21,CUST1414,Mouse,Electronics,1,301.78,Pune,Debit Card,301.78
ORD104415,2025-09-27,CUST1415,Keyboard,Electronics,3,204.63,Kochi,Debit Card,613.89
ORD104416,2025-08-09,CUST1416,Tablet,Electronics,4,1401.59,Bengaluru,Net Banking,5606.36
ORD104417,2025-06-01,CUST1417,Mouse,Electronics,2,224.84,Coimbatore,Debit Card,449.68
ORD104418,2025-04-21,CUST1418,Tablet,Electronics,5,314.56,Chennai,Debit Card,1572.8
ORD104419,2025-07-02,CUST1419,Laptop,Electronics,2,376.94,Chennai,Credit Card,753.88
ORD104420,2025-12-05,CUST1420,Laptop,Electronics,1,1400.19,Coimbatore,UPI,1400.19
ORD104421,2025-03-13,CUST1421,Shoes,Fashion,2,1136.01,Delhi,Debit Card,2272.02
ORD104422,2025-10-10,CUST1422,Headphones,Electronics,5,1186.65,Delhi,UPI,5933.25
ORD104423,2025-03-15,CUST1423,Smartphone,Electronics,4,166.09,Delhi,Credit Card,664.36
ORD104424,2025-12-21,CUST1424,Smartphone,Electronics,5,1256.1,Hyderabad,UPI,6280.5
ORD104425,2025-08-03,CUST1425,Tablet,Electronics,2,618.21,Mumbai,Credit Card,1236.42
ORD104426,2025-11-24,CUST1426,Shoes,Fashion,5,401.61,Chennai,UPI,2008.05
ORD104427,2025-01-23,CUST1427,Smartphone,Electronics,2,867.87,Coimbatore,UPI,1735.74
ORD104428,2025-03-09,CUST1428,Keyboard,Electronics,4,1235.05,Bengaluru,Debit Card,4940.2
ORD104429,2025-12-28,CUST1429,Smartphone,Electronics,4,1170.19,Pune,UPI,4680.76
ORD104430,2025-04-03,CUST1430,Monitor,Electronics,1,1336.1,Bengaluru,Debit Card,1336.1
ORD104431,2025-11-17,CUST1431,Smartwatch,Electronics,4,1392.92,Pune,Debit Card,5571.68
ORD104432,2025-11-20,CUST1432,Shoes,Fashion,3,364.8,Hyderabad,UPI,1094.4
ORD104433,2025-03-04,CUST1433,Keyboard,Electronics,5,641.55,Chennai,Debit Card,3207.75
ORD104434,2025-08-12,CUST1434,Mouse,Electronics,5,31.8,Mumbai,UPI,159.0
ORD104435,2025-08-13,CUST1435,Keyboard,Electronics,2,1320.19,Chennai,Net Banking,2640.38
ORD104436,2025-12-12,CUST1436,Headphones,Electronics,4,240.31,Pune,Debit Card,961.24
ORD104437,2025-12-03,CUST1437,Mouse,Electronics,1,1293.6,Delhi,Net Banking,1293.6
ORD104438,2025-04-13,CUST1438,Backpack,Accessories,1,500.79,Bengaluru,Net Banking,500.79
ORD104439,2025-08-03,CUST1439,Smartwatch,Electronics,1,558.52,Chennai,Debit Card,558.52
ORD104440,2025-07-11,CUST1440,Smartwatch,Electronics,3,68.31,Bengaluru,Credit Card,204.93
ORD104441,2025-06-09,CUST1441,Smartwatch,Electronics,4,497.05,Coimbatore,Credit Card,1988.2
ORD104442,2025-07-26,CUST1442,Smartwatch,Electronics,1,1333.66,Coimbatore,Net Banking,1333.66
ORD104443,2025-09-26,CUST1443,Tablet,Electronics,3,48.07,Bengaluru,Net Banking,144.21
ORD104444,2025-07-13,CUST1444,Smartwatch,Electronics,5,615.43,Mumbai,UPI,3077.15
ORD104445,2025-06-01,CUST1445,Smartwatch,Electronics,2,56.79,Kochi,Net Banking,113.58
ORD104446,2025-08-25,CUST1446,Smartwatch,Electronics,4,562.68,Mumbai,Debit Card,2250.72
ORD104447,2025-03-29,CUST1447,Shoes,Fashion,4,267.23,Kochi,Credit Card,1068.92
ORD104448,2025-01-11,CUST1448,Tablet,Electronics,5,385.81,Chennai,Credit Card,1929.05
ORD104449,2025-07-06,CUST1449,Laptop,Electronics,4,1317.62,Bengaluru,Credit Card,5270.48
ORD104450,2025-08-02,CUST1450,Keyboard,Electronics,4,659.71,Hyderabad,Debit Card,2638.84
ORD104451,2025-01-15,CUST1451,Keyboard,Electronics,4,417.96,Mumbai,UPI,1671.84
ORD104452,2025-09-23,CUST1452,Mouse,Electronics,4,888.11,Pune,Debit Card,3552.44
ORD104453,2025-10-24,CUST1453,Shoes,Fashion,3,221.74,Mumbai,Debit Card,665.22
ORD104454,2025-03-14,CUST1454,Monitor,Electronics,3,396.49,Delhi,Credit Card,1189.47
ORD104455,2025-02-21,CUST1455,Keyboard,Electronics,2,823.91,Coimbatore,Debit Card,1647.82
ORD104456,2025-05-08,CUST1456,Smartphone,Electronics,4,363.91,Mumbai,Net Banking,1455.64
ORD104457,2025-01-28,CUST1457,Monitor,Electronics,5,1021.9,Pune,Debit Card,5109.5
ORD104458,2025-03-06,CUST1458,Smartwatch,Electronics,1,742.32,Mumbai,Credit Card,742.32
ORD104459,2025-01-17,CUST1459,Smartwatch,Electronics,2,1160.26,Pune,Credit Card,2320.52
ORD104460,2025-12-17,CUST1460,Tablet,Electronics,1,1422.88,Kochi,Debit Card,1422.88
ORD104461,2025-05-18,CUST1461,Monitor,Electronics,1,182.55,Delhi,Net Banking,182.55
ORD104462,2025-11-15,CUST1462,Smartphone,Electronics,4,508.65,Kochi,Net Banking,2034.6
ORD104463,2025-08-17,CUST1463,Tablet,Electronics,5,486.13,Pune,Credit Card,2430.65
ORD104464,2025-09-11,CUST1464,Mouse,Electronics,1,235.26,Mumbai,Net Banking,235.26
ORD104465,2025-07-29,CUST1465,Monitor,Electronics,1,1217.35,Delhi,Net Banking,1217.35
ORD104466,2025-10-21,CUST1466,Shoes,Fashion,2,1142.22,Bengaluru,UPI,2284.44
ORD104467,2025-08-19,CUST1467,Smartwatch,Electronics,5,731.79,Bengaluru,UPI,3658.95
ORD104468,2025-08-29,CUST1468,Smartwatch,Electronics,5,811.28,Coimbatore,Net Banking,4056.4
ORD104469,2025-03-11,CUST1469,Headphones,Electronics,1,98.72,Chennai,Net Banking,98.72
ORD104470,2025-04-14,CUST1470,Tablet,Electronics,5,837.71,Delhi,UPI,4188.55
ORD104471,2025-07-23,CUST1471,Laptop,Electronics,2,1189.1,Mumbai,UPI,2378.2
ORD104472,2025-02-22,CUST1472,Laptop,Electronics,2,865.0,Chennai,UPI,1730.0
ORD104473,2025-11-26,CUST1473,Tablet,Electronics,2,405.31,Bengaluru,Credit Card,810.62
ORD104474,2025-02-23,CUST1474,Shoes,Fashion,4,1004.65,Mumbai,Credit Card,4018.6
ORD104475,2025-10-03,CUST1475,Backpack,Accessories,1,548.62,Chennai,UPI,548.62
ORD104476,2025-12-01,CUST1476,Tablet,Electronics,5,821.86,Delhi,UPI,4109.3
ORD104477,2025-01-31,CUST1477,Shoes,Fashion,2,736.47,Delhi,UPI,1472.94
ORD104478,2025-05-15,CUST1478,Mouse,Electronics,1,577.95,Chennai,Credit Card,577.95
ORD104479,2025-02-27,CUST1479,Smartwatch,Electronics,1,1081.13,Pune,Credit Card,1081.13
ORD104480,2025-04-15,CUST1480,Smartphone,Electronics,4,1326.98,Delhi,Net Banking,5307.92
ORD104481,2025-09-23,CUST1481,Backpack,Accessories,5,17.77,Hyderabad,Debit Card,88.85
ORD104482,2025-01-10,CUST1482,Monitor,Electronics,5,1401.09,Bengaluru,Net Banking,7005.45
ORD104483,2025-09-10,CUST1483,Backpack,Accessories,2,772.16,Coimbatore,Debit Card,1544.32
ORD104484,2025-10-22,CUST1484,Smartphone,Electronics,2,1054.09,Coimbatore,Debit Card,2108.18
ORD104485,2025-06-05,CUST1485,Headphones,Electronics,1,1284.88,Hyderabad,Debit Card,1284.88
ORD104486,2025-06-07,CUST1486,Smartwatch,Electronics,5,705.98,Chennai,Net Banking,3529.9
ORD104487,2025-02-06,CUST1487,Laptop,Electronics,5,1254.11,Delhi,Credit Card,6270.55
ORD104488,2025-04-29,CUST1488,Shoes,Fashion,2,274.65,Hyderabad,Credit Card,549.3
ORD104489,2025-03-08,CUST1489,Tablet,Electronics,3,247.16,Hyderabad,Credit Card,741.48
ORD104490,2025-08-30,CUST1490,Tablet,Electronics,1,989.63,Delhi,Credit Card,989.63
ORD104491,2025-10-26,CUST1491,Laptop,Electronics,5,1306.51,Bengaluru,Net Banking,6532.55
ORD104492,2025-08-01,CUST1492,Backpack,Accessories,4,1339.72,Delhi,UPI,5358.88
ORD104493,2025-11-04,CUST1493,Smartwatch,Electronics,4,969.17,Kochi,Debit Card,3876.68
ORD104494,2025-04-11,CUST1494,Keyboard,Electronics,3,792.98,Delhi,Credit Card,2378.94
ORD104495,2025-02-25,CUST1495,Shoes,Fashion,2,503.78,Pune,Credit Card,1007.56
ORD104496,2025-11-28,CUST1496,Mouse,Electronics,2,1470.2,Mumbai,Net Banking,2940.4
ORD104497,2025-11-20,CUST1497,Smartphone,Electronics,2,486.35,Chennai,Debit Card,972.7
ORD104498,2025-08-27,CUST1498,Backpack,Accessories,4,1118.84,Coimbatore,Credit Card,4475.36
ORD104499,2025-08-19,CUST1499,Monitor,Electronics,2,802.65,Coimbatore,UPI,1605.3
ORD104500,2025-12-28,CUST1500,Headphones,Electronics,4,916.68,Hyderabad,Credit Card,3666.72
ORD104501,2025-04-02,CUST1501,Tablet,Electronics,3,596.29,Pune,Debit Card,1788.87
ORD104502,2025-10-06,CUST1502,Backpack,Accessories,1,1447.59,Hyderabad,UPI,1447.59
ORD104503,2025-04-19,CUST1503,Headphones,Electronics,5,861.81,Hyderabad,Net Banking,4309.05
ORD104504,2025-11-13,CUST1504,Smartphone,Electronics,3,1407.3,Chennai,UPI,4221.9
ORD104505,2025-06-17,CUST1505,Tablet,Electronics,4,21.31,Hyderabad,Debit Card,85.24
ORD104506,2025-10-27,CUST1506,Tablet,Electronics,3,863.28,Hyderabad,Debit Card,2589.84
ORD104507,2025-08-06,CUST1507,Keyboard,Electronics,5,1078.61,Mumbai,UPI,5393.05
ORD104508,2025-08-10,CUST1508,Backpack,Accessories,1,1120.17,Chennai,Credit Card,1120.17
ORD104509,2025-06-10,CUST1509,Smartwatch,Electronics,5,1358.42,Bengaluru,Debit Card,6792.1
ORD104510,2025-01-16,CUST1510,Laptop,Electronics,4,16.56,Pune,UPI,66.24
ORD104511,2025-10-05,CUST1511,Laptop,Electronics,5,10.49,Bengaluru,Debit Card,52.45
ORD104512,2025-02-26,CUST1512,Mouse,Electronics,3,713.67,Delhi,Credit Card,2141.01
ORD104513,2025-03-03,CUST1513,Monitor,Electronics,2,53.65,Mumbai,Credit Card,107.3
ORD104514,2025-12-29,CUST1514,Headphones,Electronics,3,1462.05,Coimbatore,UPI,4386.15
ORD104515,2025-11-23,CUST1515,Backpack,Accessories,4,340.88,Delhi,Net Banking,1363.52
ORD104516,2025-08-30,CUST1516,Shoes,Fashion,1,714.27,Bengaluru,Net Banking,714.27
ORD104517,2025-03-31,CUST1517,Monitor,Electronics,5,101.1,Chennai,Credit Card,505.5
ORD104518,2025-03-13,CUST1518,Keyboard,Electronics,1,787.85,Coimbatore,Net Banking,787.85
ORD104519,2025-11-22,CUST1519,Tablet,Electronics,4,576.13,Kochi,Credit Card,2304.52
ORD104520,2025-01-30,CUST1520,Smartwatch,Electronics,5,76.54,Hyderabad,Net Banking,382.7
ORD104521,2025-12-25,CUST1521,Backpack,Accessories,3,509.34,Chennai,Credit Card,1528.02
ORD104522,2025-10-15,CUST1522,Monitor,Electronics,3,593.24,Coimbatore,Debit Card,1779.72
ORD104523,2025-03-27,CUST1523,Monitor,Electronics,4,1484.98,Bengaluru,UPI,5939.92
ORD104524,2025-08-22,CUST1524,Smartwatch,Electronics,5,319.75,Delhi,UPI,1598.75
ORD104525,2025-08-23,CUST1525,Mouse,Electronics,3,821.72,Hyderabad,Net Banking,2465.16
ORD104526,2025-11-09,CUST1526,Headphones,Electronics,4,1481.1,Hyderabad,UPI,5924.4
ORD104527,2025-12-31,CUST1527,Headphones,Electronics,4,1190.11,Pune,Net Banking,4760.44
ORD104528,2025-09-22,CUST1528,Monitor,Electronics,1,1490.12,Chennai,Credit Card,1490.12
ORD104529,2025-10-14,CUST1529,Smartphone,Electronics,3,1452.76,Delhi,Debit Card,4358.28
ORD104530,2025-11-23,CUST1530,Monitor,Electronics,5,739.41,Hyderabad,UPI,3697.05
ORD104531,2025-09-26,CUST1531,Monitor,Electronics,3,1047.6,Coimbatore,Debit Card,3142.8
ORD104532,2025-07-05,CUST1532,Smartwatch,Electronics,3,174.56,Pune,UPI,523.68
ORD104533,2025-05-11,CUST1533,Tablet,Electronics,3,667.31,Pune,Credit Card,2001.93
ORD104534,2025-10-18,CUST1534,Smartwatch,Electronics,4,1215.44,Mumbai,UPI,4861.76
ORD104535,2025-10-04,CUST1535,Backpack,Accessories,2,762.95,Bengaluru,UPI,1525.9
ORD104536,2025-11-16,CUST1536,Monitor,Electronics,2,1057.02,Chennai,Credit Card,2114.04
ORD104537,2025-12-17,CUST1537,Headphones,Electronics,1,1121.17,Delhi,Net Banking,1121.17
ORD104538,2025-06-29,CUST1538,Shoes,Fashion,3,387.67,Kochi,Net Banking,1163.01
ORD104539,2025-10-17,CUST1539,Headphones,Electronics,2,1314.79,Kochi,Credit Card,2629.58
ORD104540,2025-06-12,CUST1540,Laptop,Electronics,1,695.14,Mumbai,Net Banking,695.14
ORD104541,2025-09-28,CUST1541,Mouse,Electronics,4,323.18,Kochi,UPI,1292.72
ORD104542,2025-04-06,CUST1542,Keyboard,Electronics,3,1299.47,Mumbai,Debit Card,3898.41
ORD104543,2025-09-19,CUST1543,Backpack,Accessories,5,632.55,Chennai,Credit Card,3162.75
ORD104544,2025-12-31,CUST1544,Backpack,Accessories,4,1127.97,Coimbatore,UPI,4511.88
ORD104545,2025-12-19,CUST1545,Mouse,Electronics,1,826.57,Delhi,Credit Card,826.57
ORD104546,2025-10-15,CUST1546,Shoes,Fashion,4,578.99,Bengaluru,Debit Card,2315.96
ORD104547,2025-03-24,CUST1547,Keyboard,Electronics,5,1216.72,Chennai,UPI,6083.6
ORD104548,2025-08-13,CUST1548,Tablet,Electronics,4,880.86,Delhi,UPI,3523.44
ORD104549,2025-08-11,CUST1549,Monitor,Electronics,1,591.94,Mumbai,Debit Card,591.94
ORD104550,2025-04-28,CUST1550,Keyboard,Electronics,5,173.3,Mumbai,Debit Card,866.5
ORD104551,2025-07-11,CUST1551,Shoes,Fashion,5,1344.21,Chennai,Net Banking,6721.05
ORD104552,2025-03-20,CUST1552,Smartphone,Electronics,4,62.85,Delhi,UPI,251.4
ORD104553,2025-03-19,CUST1553,Laptop,Electronics,5,1296.15,Mumbai,Debit Card,6480.75
ORD104554,2025-05-27,CUST1554,Keyboard,Electronics,4,546.34,Chennai,Debit Card,2185.36
ORD104555,2025-04-17,CUST1555,Keyboard,Electronics,3,962.61,Pune,UPI,2887.83
ORD104556,2025-09-28,CUST1556,Laptop,Electronics,5,1384.08,Chennai,Net Banking,6920.4
ORD104557,2025-09-01,CUST1557,Monitor,Electronics,4,236.04,Bengaluru,Credit Card,944.16
ORD104558,2025-03-14,CUST1558,Keyboard,Electronics,3,854.76,Chennai,Net Banking,2564.28
ORD104559,2025-12-23,CUST1559,Laptop,Electronics,5,1149.0,Pune,Debit Card,5745.0
ORD104560,2025-12-20,CUST1560,Laptop,Electronics,3,1138.8,Delhi,Credit Card,3416.4
ORD104561,2025-01-26,CUST1561,Laptop,Electronics,5,793.19,Delhi,Credit Card,3965.95
ORD104562,2025-07-29,CUST1562,Smartwatch,Electronics,1,940.86,Kochi,Net Banking,940.86
ORD104563,2025-04-02,CUST1563,Shoes,Fashion,1,1138.72,Mumbai,Credit Card,1138.72
ORD104564,2025-05-05,CUST1564,Smartwatch,Electronics,4,1263.13,Kochi,Debit Card,5052.52
ORD104565,2025-03-14,CUST1565,Smartphone,Electronics,2,1145.1,Hyderabad,UPI,2290.2
ORD104566,2025-05-03,CUST1566,Tablet,Electronics,1,537.47,Bengaluru,UPI,537.47
ORD104567,2025-11-05,CUST1567,Smartwatch,Electronics,2,1495.12,Delhi,UPI,2990.24
ORD104568,2025-07-03,CUST1568,Smartwatch,Electronics,3,657.41,Mumbai,Net Banking,1972.23
ORD104569,2025-07-06,CUST1569,Shoes,Fashion,3,46.45,Mumbai,UPI,139.35
ORD104570,2025-07-17,CUST1570,Tablet,Electronics,2,550.3,Bengaluru,UPI,1100.6
ORD104571,2025-03-19,CUST1571,Mouse,Electronics,4,200.4,Kochi,UPI,801.6
ORD104572,2025-12-14,CUST1572,Laptop,Electronics,5,190.95,Bengaluru,Credit Card,954.75
ORD104573,2025-07-05,CUST1573,Backpack,Accessories,2,429.49,Kochi,Credit Card,858.98
ORD104574,2025-12-10,CUST1574,Tablet,Electronics,2,89.53,Mumbai,Credit Card,179.06
ORD104575,2025-09-10,CUST1575,Smartphone,Electronics,2,1035.88,Pune,Debit Card,2071.76
ORD104576,2025-01-13,CUST1576,Monitor,Electronics,2,120.24,Hyderabad,Debit Card,240.48
ORD104577,2025-10-26,CUST1577,Smartphone,Electronics,2,312.9,Pune,Debit Card,625.8
ORD104578,2025-03-17,CUST1578,Laptop,Electronics,4,148.42,Coimbatore,UPI,593.68
ORD104579,2025-02-20,CUST1579,Tablet,Electronics,1,104.12,Pune,Credit Card,104.12
ORD104580,2025-10-02,CUST1580,Smartphone,Electronics,5,408.95,Mumbai,Debit Card,2044.75
ORD104581,2025-05-29,CUST1581,Smartphone,Electronics,1,862.13,Bengaluru,Net Banking,862.13
ORD104582,2025-08-07,CUST1582,Mouse,Electronics,2,1447.38,Chennai,Credit Card,2894.76
ORD104583,2025-05-02,CUST1583,Mouse,Electronics,1,1314.58,Chennai,UPI,1314.58
ORD104584,2025-07-30,CUST1584,Tablet,Electronics,4,1315.14,Bengaluru,Credit Card,5260.56
ORD104585,2025-10-07,CUST1585,Laptop,Electronics,3,272.34,Pune,UPI,817.02
ORD104586,2025-01-26,CUST1586,Smartwatch,Electronics,1,404.71,Bengaluru,Debit Card,404.71
ORD104587,2025-06-22,CUST1587,Headphones,Electronics,5,123.83,Coimbatore,UPI,619.15
ORD104588,2025-06-05,CUST1588,Keyboard,Electronics,4,1169.92,Delhi,UPI,4679.68
ORD104589,2025-08-26,CUST1589,Backpack,Accessories,3,114.03,Kochi,Net Banking,342.09
ORD104590,2025-03-23,CUST1590,Keyboard,Electronics,4,839.48,Bengaluru,Credit Card,3357.92
ORD104591,2025-12-22,CUST1591,Shoes,Fashion,2,379.33,Kochi,UPI,758.66
ORD104592,2025-09-30,CUST1592,Mouse,Electronics,3,372.73,Kochi,Net Banking,1118.19
ORD104593,2025-03-09,CUST1593,Tablet,Electronics,5,1486.18,Chennai,Net Banking,7430.9
ORD104594,2025-02-13,CUST1594,Keyboard,Electronics,3,1137.6,Hyderabad,Net Banking,3412.8
ORD104595,2025-03-02,CUST1595,Laptop,Electronics,5,1257.04,Bengaluru,Debit Card,6285.2
ORD104596,2025-05-03,CUST1596,Backpack,Accessories,2,862.25,Coimbatore,Debit Card,1724.5
ORD104597,2025-12-15,CUST1597,Keyboard,Electronics,5,1307.81,Kochi,UPI,6539.05
ORD104598,2025-07-15,CUST1598,Backpack,Accessories,4,971.78,Hyderabad,Credit Card,3887.12
ORD104599,2025-11-26,CUST1599,Monitor,Electronics,1,1419.8,Coimbatore,Debit Card,1419.8
ORD104600,2025-11-19,CUST1600,Laptop,Electronics,4,429.19,Hyderabad,Debit Card,1716.76
ORD104601,2025-04-21,CUST1601,Headphones,Electronics,4,897.03,Bengaluru,UPI,3588.12
ORD104602,2025-09-15,CUST1602,Smartphone,Electronics,3,1038.3,Kochi,UPI,3114.9
ORD104603,2025-03-30,CUST1603,Backpack,Accessories,2,595.48,Chennai,Debit Card,1190.96
ORD104604,2025-07-17,CUST1604,Laptop,Electronics,1,1320.76,Hyderabad,UPI,1320.76
ORD104605,2025-10-09,CUST1605,Backpack,Accessories,5,1469.91,Mumbai,Net Banking,7349.55
ORD104606,2025-07-19,CUST1606,Backpack,Accessories,3,745.72,Delhi,UPI,2237.16
ORD104607,2025-04-09,CUST1607,Smartwatch,Electronics,2,592.05,Coimbatore,Net Banking,1184.1
ORD104608,2025-01-27,CUST1608,Smartwatch,Electronics,1,713.19,Hyderabad,Debit Card,713.19
ORD104609,2025-03-30,CUST1609,Laptop,Electronics,4,1280.58,Kochi,Credit Card,5122.32
ORD104610,2025-05-26,CUST1610,Smartwatch,Electronics,2,971.75,Coimbatore,Net Banking,1943.5
ORD104611,2025-07-01,CUST1611,Shoes,Fashion,2,76.71,Chennai,Credit Card,153.42
ORD104612,2025-09-14,CUST1612,Headphones,Electronics,2,817.83,Coimbatore,Debit Card,1635.66
ORD104613,2025-07-08,CUST1613,Tablet,Electronics,4,35.78,Coimbatore,UPI,143.12
ORD104614,2025-08-28,CUST1614,Laptop,Electronics,5,1170.02,Mumbai,Net Banking,5850.1
ORD104615,2025-12-25,CUST1615,Laptop,Electronics,3,499.19,Coimbatore,Net Banking,1497.57
ORD104616,2025-07-15,CUST1616,Shoes,Fashion,5,713.29,Hyderabad,Debit Card,3566.45
ORD104617,2025-10-24,CUST1617,Mouse,Electronics,1,1200.03,Kochi,Debit Card,1200.03
ORD104618,2025-06-14,CUST1618,Mouse,Electronics,3,79.21,Coimbatore,UPI,237.63
ORD104619,2025-11-03,CUST1619,Smartwatch,Electronics,1,246.23,Kochi,Credit Card,246.23
ORD104620,2025-09-28,CUST1620,Tablet,Electronics,4,602.96,Bengaluru,Net Banking,2411.84
ORD104621,2025-01-08,CUST1621,Smartwatch,Electronics,5,352.59,Coimbatore,Credit Card,1762.95
ORD104622,2025-02-07,CUST1622,Monitor,Electronics,2,513.47,Bengaluru,Net Banking,1026.94
ORD104623,2025-04-24,CUST1623,Monitor,Electronics,3,1497.28,Delhi,Net Banking,4491.84
ORD104624,2025-12-05,CUST1624,Smartphone,Electronics,2,1239.87,Coimbatore,UPI,2479.74
ORD104625,2025-02-25,CUST1625,Monitor,Electronics,1,1327.01,Pune,Net Banking,1327.01
ORD104626,2025-12-25,CUST1626,Mouse,Electronics,2,1406.21,Delhi,Net Banking,2812.42
ORD104627,2025-05-18,CUST1627,Headphones,Electronics,2,517.99,Kochi,Debit Card,1035.98
ORD104628,2025-04-12,CUST1628,Monitor,Electronics,4,452.64,Pune,UPI,1810.56
ORD104629,2025-11-30,CUST1629,Smartwatch,Electronics,4,358.75,Coimbatore,Debit Card,1435.0
ORD104630,2025-06-26,CUST1630,Backpack,Accessories,5,1246.87,Hyderabad,Net Banking,6234.35
ORD104631,2025-06-18,CUST1631,Laptop,Electronics,1,1022.53,Pune,UPI,1022.53
ORD104632,2025-12-05,CUST1632,Headphones,Electronics,4,361.9,Bengaluru,Net Banking,1447.6
ORD104633,2025-10-13,CUST1633,Headphones,Electronics,4,571.72,Kochi,UPI,2286.88
ORD104634,2025-09-18,CUST1634,Smartwatch,Electronics,5,765.0,Delhi,Credit Card,3825.0
ORD104635,2025-08-11,CUST1635,Laptop,Electronics,3,796.93,Delhi,Credit Card,2390.79
ORD104636,2025-07-18,CUST1636,Mouse,Electronics,5,1334.2,Bengaluru,UPI,6671.0
ORD104637,2025-07-30,CUST1637,Headphones,Electronics,2,577.04,Mumbai,Net Banking,1154.08
ORD104638,2025-10-14,CUST1638,Smartphone,Electronics,2,1363.7,Coimbatore,UPI,2727.4
ORD104639,2025-06-29,CUST1639,Smartwatch,Electronics,4,667.64,Coimbatore,Net Banking,2670.56
ORD104640,2025-09-07,CUST1640,Headphones,Electronics,4,1122.1,Hyderabad,Credit Card,4488.4
ORD104641,2025-08-19,CUST1641,Tablet,Electronics,5,1396.08,Mumbai,Net Banking,6980.4
ORD104642,2025-01-23,CUST1642,Laptop,Electronics,5,1362.29,Mumbai,Debit Card,6811.45
ORD104643,2025-02-17,CUST1643,Monitor,Electronics,1,94.86,Pune,Credit Card,94.86
ORD104644,2025-04-19,CUST1644,Headphones,Electronics,2,316.5,Kochi,Debit Card,633.0
ORD104645,2025-10-23,CUST1645,Smartwatch,Electronics,5,720.59,Hyderabad,Credit Card,3602.95
ORD104646,2025-01-06,CUST1646,Monitor,Electronics,3,653.02,Delhi,Credit Card,1959.06
ORD104647,2025-02-07,CUST1647,Smartphone,Electronics,1,964.93,Bengaluru,Debit Card,964.93
ORD104648,2025-06-18,CUST1648,Monitor,Electronics,5,1417.62,Delhi,UPI,7088.1
ORD104649,2025-12-22,CUST1649,Tablet,Electronics,4,177.48,Chennai,Net Banking,709.92
ORD104650,2025-10-10,CUST1650,Mouse,Electronics,5,683.27,Hyderabad,Credit Card,3416.35
ORD104651,2025-07-22,CUST1651,Headphones,Electronics,4,296.69,Bengaluru,Net Banking,1186.76
ORD104652,2025-11-21,CUST1652,Keyboard,Electronics,4,1342.22,Delhi,Credit Card,5368.88
ORD104653,2025-11-09,CUST1653,Keyboard,Electronics,2,1447.22,Delhi,Net Banking,2894.44
ORD104654,2025-09-30,CUST1654,Monitor,Electronics,2,723.27,Mumbai,Credit Card,1446.54
ORD104655,2025-09-01,CUST1655,Shoes,Fashion,5,164.98,Hyderabad,UPI,824.9
ORD104656,2025-11-23,CUST1656,Laptop,Electronics,5,1180.09,Chennai,Credit Card,5900.45
ORD104657,2025-02-16,CUST1657,Keyboard,Electronics,3,1048.74,Coimbatore,UPI,3146.22
ORD104658,2025-09-06,CUST1658,Shoes,Fashion,1,538.46,Hyderabad,Credit Card,538.46
ORD104659,2025-03-20,CUST1659,Keyboard,Electronics,1,1332.24,Kochi,Net Banking,1332.24
ORD104660,2025-04-20,CUST1660,Shoes,Fashion,5,1463.99,Chennai,Debit Card,7319.95
ORD104661,2025-01-13,CUST1661,Laptop,Electronics,2,841.2,Kochi,Credit Card,1682.4
ORD104662,2025-12-31,CUST1662,Backpack,Accessories,3,852.93,Chennai,Credit Card,2558.79
ORD104663,2025-03-31,CUST1663,Keyboard,Electronics,1,453.3,Kochi,UPI,453.3
ORD104664,2025-12-08,CUST1664,Tablet,Electronics,5,880.91,Hyderabad,Net Banking,4404.55
ORD104665,2025-12-14,CUST1665,Headphones,Electronics,2,665.07,Bengaluru,UPI,1330.14
ORD104666,2025-10-07,CUST1666,Shoes,Fashion,2,460.26,Hyderabad,Net Banking,920.52
ORD104667,2025-08-09,CUST1667,Headphones,Electronics,2,110.11,Delhi,Net Banking,220.22
ORD104668,2025-03-14,CUST1668,Smartwatch,Electronics,4,386.53,Pune,UPI,1546.12
ORD104669,2025-08-22,CUST1669,Smartwatch,Electronics,2,304.8,Mumbai,Debit Card,609.6
ORD104670,2025-09-17,CUST1670,Laptop,Electronics,5,817.64,Delhi,Net Banking,4088.2
ORD104671,2025-04-23,CUST1671,Shoes,Fashion,3,906.49,Chennai,Debit Card,2719.47
ORD104672,2025-02-15,CUST1672,Smartphone,Electronics,5,916.77,Chennai,UPI,4583.85
ORD104673,2025-10-01,CUST1673,Smartwatch,Electronics,2,588.39,Coimbatore,Debit Card,1176.78
ORD104674,2025-02-12,CUST1674,Laptop,Electronics,3,637.63,Chennai,Net Banking,1912.89
ORD104675,2025-07-27,CUST1675,Smartwatch,Electronics,1,1253.02,Pune,UPI,1253.02
ORD104676,2025-12-15,CUST1676,Smartwatch,Electronics,1,719.59,Coimbatore,Debit Card,719.59
ORD104677,2025-04-13,CUST1677,Smartphone,Electronics,5,1481.78,Chennai,UPI,7408.9
ORD104678,2025-05-04,CUST1678,Keyboard,Electronics,3,665.03,Chennai,UPI,1995.09
ORD104679,2025-01-10,CUST1679,Monitor,Electronics,5,977.88,Hyderabad,Debit Card,4889.4
ORD104680,2025-11-25,CUST1680,Backpack,Accessories,3,85.04,Hyderabad,Net Banking,255.12
ORD104681,2025-07-06,CUST1681,Smartwatch,Electronics,3,983.48,Mumbai,Net Banking,2950.44
ORD104682,2025-01-31,CUST1682,Smartwatch,Electronics,5,1278.63,Delhi,Net Banking,6393.15
ORD104683,2025-06-05,CUST1683,Tablet,Electronics,3,1414.26,Bengaluru,Net Banking,4242.78
ORD104684,2025-03-01,CUST1684,Backpack,Accessories,2,1496.01,Mumbai,Credit Card,2992.02
ORD104685,2025-09-06,CUST1685,Smartphone,Electronics,3,430.45,Chennai,UPI,1291.35
ORD104686,2025-09-27,CUST1686,Headphones,Electronics,3,867.3,Mumbai,UPI,2601.9
ORD104687,2025-08-05,CUST1687,Shoes,Fashion,5,681.57,Hyderabad,Credit Card,3407.85
ORD104688,2025-01-02,CUST1688,Smartwatch,Electronics,1,850.09,Delhi,UPI,850.09
ORD104689,2025-01-24,CUST1689,Monitor,Electronics,4,244.6,Chennai,UPI,978.4
ORD104690,2025-07-25,CUST1690,Shoes,Fashion,3,1285.66,Kochi,Debit Card,3856.98
ORD104691,2025-11-16,CUST1691,Backpack,Accessories,4,1365.26,Chennai,Credit Card,5461.04
ORD104692,2025-07-18,CUST1692,Shoes,Fashion,3,680.0,Mumbai,UPI,2040.0
ORD104693,2025-12-22,CUST1693,Keyboard,Electronics,5,427.84,Delhi,UPI,2139.2
ORD104694,2025-04-24,CUST1694,Smartwatch,Electronics,5,219.84,Kochi,Credit Card,1099.2
ORD104695,2025-10-07,CUST1695,Shoes,Fashion,3,1028.81,Pune,Credit Card,3086.43
ORD104696,2025-06-04,CUST1696,Headphones,Electronics,5,475.23,Coimbatore,Debit Card,2376.15
ORD104697,2025-06-14,CUST1697,Headphones,Electronics,5,1365.21,Pune,Debit Card,6826.05
ORD104698,2025-08-10,CUST1698,Smartwatch,Electronics,3,1009.81,Kochi,Net Banking,3029.43
ORD104699,2025-04-01,CUST1699,Mouse,Electronics,1,972.07,Kochi,Net Banking,972.07
ORD104700,2025-06-16,CUST1700,Headphones,Electronics,3,843.51,Bengaluru,Debit Card,2530.53
ORD104701,2025-07-26,CUST1701,Shoes,Fashion,1,78.21,Kochi,UPI,78.21
ORD104702,2025-10-09,CUST1702,Laptop,Electronics,5,1398.56,Delhi,Credit Card,6992.8
ORD104703,2025-03-06,CUST1703,Headphones,Electronics,1,945.63,Mumbai,Debit Card,945.63
ORD104704,2025-01-04,CUST1704,Backpack,Accessories,5,1491.15,Pune,Net Banking,7455.75
ORD104705,2025-06-06,CUST1705,Mouse,Electronics,1,810.66,Mumbai,Credit Card,810.66
ORD104706,2025-09-06,CUST1706,Shoes,Fashion,1,1068.07,Bengaluru,Net Banking,1068.07
ORD104707,2025-09-14,CUST1707,Smartphone,Electronics,3,93.75,Chennai,UPI,281.25
ORD104708,2025-08-23,CUST1708,Tablet,Electronics,1,951.29,Chennai,UPI,951.29
ORD104709,2025-11-02,CUST1709,Smartphone,Electronics,5,1149.33,Coimbatore,Net Banking,5746.65
ORD104710,2025-03-15,CUST1710,Keyboard,Electronics,3,1169.99,Mumbai,Credit Card,3509.97
ORD104711,2025-07-06,CUST1711,Tablet,Electronics,1,1157.47,Bengaluru,Net Banking,1157.47
ORD104712,2025-03-03,CUST1712,Keyboard,Electronics,3,347.16,Mumbai,Credit Card,1041.48
ORD104713,2025-12-03,CUST1713,Tablet,Electronics,4,1463.34,Hyderabad,Debit Card,5853.36
ORD104714,2025-06-13,CUST1714,Tablet,Electronics,3,1492.82,Mumbai,Net Banking,4478.46
ORD104715,2025-02-25,CUST1715,Laptop,Electronics,4,122.64,Mumbai,Net Banking,490.56
ORD104716,2025-04-21,CUST1716,Monitor,Electronics,4,1405.31,Hyderabad,Credit Card,5621.24
ORD104717,2025-08-06,CUST1717,Backpack,Accessories,3,441.28,Hyderabad,Debit Card,1323.84
ORD104718,2025-08-28,CUST1718,Smartphone,Electronics,5,1037.03,Pune,Credit Card,5185.15
ORD104719,2025-01-21,CUST1719,Headphones,Electronics,5,513.79,Kochi,Credit Card,2568.95
ORD104720,2025-05-21,CUST1720,Shoes,Fashion,5,1451.95,Kochi,Net Banking,7259.75
ORD104721,2025-09-22,CUST1721,Mouse,Electronics,2,161.24,Bengaluru,Net Banking,322.48
ORD104722,2025-05-19,CUST1722,Backpack,Accessories,4,751.64,Pune,Credit Card,3006.56
ORD104723,2025-03-11,CUST1723,Keyboard,Electronics,3,647.79,Chennai,UPI,1943.37
ORD104724,2025-04-28,CUST1724,Laptop,Electronics,5,495.77,Coimbatore,UPI,2478.85
ORD104725,2025-07-17,CUST1725,Keyboard,Electronics,5,971.85,Pune,UPI,4859.25
ORD104726,2025-07-24,CUST1726,Monitor,Electronics,3,205.27,Hyderabad,Net Banking,615.81
ORD104727,2025-08-02,CUST1727,Mouse,Electronics,4,1077.83,Chennai,Net Banking,4311.32
ORD104728,2025-02-25,CUST1728,Laptop,Electronics,3,1471.08,Kochi,Debit Card,4413.24
ORD104729,2025-10-14,CUST1729,Keyboard,Electronics,2,1208.79,Bengaluru,Net Banking,2417.58
ORD104730,2025-10-20,CUST1730,Monitor,Electronics,2,1291.42,Delhi,Debit Card,2582.84
ORD104731,2025-06-24,CUST1731,Shoes,Fashion,3,545.86,Mumbai,Net Banking,1637.58
ORD104732,2025-12-13,CUST1732,Shoes,Fashion,4,494.08,Bengaluru,UPI,1976.32
ORD104733,2025-05-08,CUST1733,Keyboard,Electronics,5,780.4,Bengaluru,UPI,3902.0
ORD104734,2025-11-21,CUST1734,Backpack,Accessories,2,78.13,Hyderabad,Credit Card,156.26
ORD104735,2025-10-19,CUST1735,Mouse,Electronics,2,1418.58,Coimbatore,Credit Card,2837.16
ORD104736,2025-10-15,CUST1736,Smartwatch,Electronics,4,224.24,Pune,Debit Card,896.96
ORD104737,2025-08-14,CUST1737,Backpack,Accessories,2,1355.49,Hyderabad,Debit Card,2710.98
ORD104738,2025-03-05,CUST1738,Shoes,Fashion,2,134.54,Mumbai,Credit Card,269.08
ORD104739,2025-02-17,CUST1739,Mouse,Electronics,4,1235.71,Hyderabad,Debit Card,4942.84
ORD104740,2025-07-21,CUST1740,Monitor,Electronics,3,236.42,Mumbai,Net Banking,709.26
ORD104741,2025-12-03,CUST1741,Laptop,Electronics,5,66.82,Hyderabad,UPI,334.1
ORD104742,2025-03-01,CUST1742,Tablet,Electronics,5,1082.04,Delhi,Credit Card,5410.2
ORD104743,2025-09-14,CUST1743,Keyboard,Electronics,2,427.6,Kochi,Credit Card,855.2
ORD104744,2025-03-06,CUST1744,Smartphone,Electronics,5,1074.6,Coimbatore,Net Banking,5373.0
ORD104745,2025-08-27,CUST1745,Mouse,Electronics,3,837.08,Delhi,Debit Card,2511.24
ORD104746,2025-10-16,CUST1746,Headphones,Electronics,2,172.12,Chennai,Credit Card,344.24
ORD104747,2025-02-07,CUST1747,Monitor,Electronics,5,1398.87,Kochi,Credit Card,6994.35
ORD104748,2025-01-25,CUST1748,Smartwatch,Electronics,1,683.95,Kochi,Net Banking,683.95
ORD104749,2025-02-28,CUST1749,Tablet,Electronics,1,1104.33,Kochi,UPI,1104.33
ORD104750,2025-12-23,CUST1750,Headphones,Electronics,1,756.52,Coimbatore,Credit Card,756.52
ORD104751,2025-10-24,CUST1751,Smartwatch,Electronics,1,910.5,Pune,Credit Card,910.5
ORD104752,2025-06-07,CUST1752,Smartphone,Electronics,1,461.13,Hyderabad,Net Banking,461.13
ORD104753,2025-02-26,CUST1753,Shoes,Fashion,2,308.54,Kochi,Credit Card,617.08
ORD104754,2025-02-17,CUST1754,Backpack,Accessories,4,818.43,Bengaluru,Credit Card,3273.72
ORD104755,2025-11-24,CUST1755,Keyboard,Electronics,4,665.93,Chennai,UPI,2663.72
ORD104756,2025-02-25,CUST1756,Laptop,Electronics,2,591.27,Kochi,Credit Card,1182.54
ORD104757,2025-03-06,CUST1757,Smartwatch,Electronics,2,1012.13,Bengaluru,Net Banking,2024.26
ORD104758,2025-09-25,CUST1758,Tablet,Electronics,3,1038.85,Kochi,UPI,3116.55
ORD104759,2025-03-10,CUST1759,Mouse,Electronics,4,78.42,Delhi,UPI,313.68
ORD104760,2025-08-04,CUST1760,Shoes,Fashion,1,514.73,Pune,UPI,514.73
ORD104761,2025-03-30,CUST1761,Mouse,Electronics,2,623.53,Coimbatore,Debit Card,1247.06
ORD104762,2025-10-08,CUST1762,Tablet,Electronics,1,154.37,Pune,Net Banking,154.37
ORD104763,2025-09-14,CUST1763,Mouse,Electronics,4,361.49,Chennai,Debit Card,1445.96
ORD104764,2025-06-09,CUST1764,Smartwatch,Electronics,5,86.95,Delhi,Credit Card,434.75
ORD104765,2025-08-22,CUST1765,Monitor,Electronics,5,1494.4,Hyderabad,UPI,7472.0
ORD104766,2025-05-11,CUST1766,Mouse,Electronics,2,1107.47,Bengaluru,Debit Card,2214.94
ORD104767,2025-02-18,CUST1767,Backpack,Accessories,3,140.3,Hyderabad,Credit Card,420.9
ORD104768,2025-05-27,CUST1768,Smartphone,Electronics,1,40.17,Mumbai,Debit Card,40.17
ORD104769,2025-11-12,CUST1769,Laptop,Electronics,2,1081.74,Pune,UPI,2163.48
ORD104770,2025-01-02,CUST1770,Smartwatch,Electronics,3,664.4,Chennai,Credit Card,1993.2
ORD104771,2025-11-25,CUST1771,Headphones,Electronics,1,1182.33,Bengaluru,UPI,1182.33
ORD104772,2025-05-25,CUST1772,Tablet,Electronics,4,1385.98,Coimbatore,UPI,5543.92
ORD104773,2025-03-02,CUST1773,Shoes,Fashion,5,902.96,Kochi,Debit Card,4514.8
ORD104774,2025-09-30,CUST1774,Smartwatch,Electronics,3,288.79,Coimbatore,Net Banking,866.37
ORD104775,2025-02-18,CUST1775,Monitor,Electronics,1,1175.47,Coimbatore,Credit Card,1175.47
ORD104776,2025-11-28,CUST1776,Shoes,Fashion,2,1434.16,Delhi,Credit Card,2868.32
ORD104777,2025-05-11,CUST1777,Backpack,Accessories,1,874.54,Coimbatore,Net Banking,874.54
ORD104778,2025-02-12,CUST1778,Tablet,Electronics,2,1026.18,Bengaluru,Credit Card,2052.36
ORD104779,2025-02-26,CUST1779,Shoes,Fashion,5,512.84,Kochi,Debit Card,2564.2
ORD104780,2025-02-19,CUST1780,Mouse,Electronics,5,578.48,Pune,Credit Card,2892.4
ORD104781,2025-06-27,CUST1781,Smartwatch,Electronics,1,1104.64,Pune,Debit Card,1104.64
ORD104782,2025-10-20,CUST1782,Smartphone,Electronics,1,1392.38,Pune,Credit Card,1392.38
ORD104783,2025-02-15,CUST1783,Tablet,Electronics,2,947.19,Delhi,Debit Card,1894.38
ORD104784,2025-06-19,CUST1784,Keyboard,Electronics,2,1186.87,Mumbai,Net Banking,2373.74
ORD104785,2025-09-28,CUST1785,Backpack,Accessories,3,265.74,Coimbatore,Credit Card,797.22
ORD104786,2025-12-02,CUST1786,Laptop,Electronics,3,325.82,Pune,Debit Card,977.46
ORD104787,2025-05-19,CUST1787,Tablet,Electronics,3,802.73,Coimbatore,UPI,2408.19
ORD104788,2025-09-04,CUST1788,Monitor,Electronics,1,273.07,Kochi,UPI,273.07
ORD104789,2025-05-28,CUST1789,Smartwatch,Electronics,3,956.14,Kochi,UPI,2868.42
ORD104790,2025-08-18,CUST1790,Mouse,Electronics,1,444.56,Delhi,Credit Card,444.56
ORD104791,2025-10-07,CUST1791,Laptop,Electronics,5,1189.38,Coimbatore,Debit Card,5946.9
ORD104792,2025-05-05,CUST1792,Laptop,Electronics,4,1214.08,Mumbai,UPI,4856.32
ORD104793,2025-07-11,CUST1793,Backpack,Accessories,5,701.04,Delhi,Credit Card,3505.2
ORD104794,2025-03-21,CUST1794,Shoes,Fashion,1,279.41,Delhi,Debit Card,279.41
ORD104795,2025-04-04,CUST1795,Monitor,Electronics,1,973.69,Chennai,UPI,973.69
ORD104796,2025-08-14,CUST1796,Shoes,Fashion,4,1489.25,Delhi,UPI,5957.0
ORD104797,2025-03-06,CUST1797,Mouse,Electronics,2,937.66,Coimbatore,Credit Card,1875.32
ORD104798,2025-03-29,CUST1798,Laptop,Electronics,2,63.3,Delhi,Debit Card,126.6
ORD104799,2025-03-29,CUST1799,Monitor,Electronics,2,35.77,Coimbatore,Credit Card,71.54
ORD104800,2025-07-20,CUST1800,Monitor,Electronics,3,487.34,Coimbatore,UPI,1462.02
ORD104801,2025-08-02,CUST1801,Headphones,Electronics,2,301.72,Pune,Credit Card,603.44
ORD104802,2025-07-23,CUST1802,Smartwatch,Electronics,3,1221.45,Delhi,Credit Card,3664.35
ORD104803,2025-03-30,CUST1803,Laptop,Electronics,3,1268.76,Chennai,UPI,3806.28
ORD104804,2025-03-02,CUST1804,Laptop,Electronics,2,395.34,Coimbatore,UPI,790.68
ORD104805,2025-09-28,CUST1805,Monitor,Electronics,2,495.21,Pune,Debit Card,990.42
ORD104806,2025-04-04,CUST1806,Shoes,Fashion,4,362.01,Chennai,Debit Card,1448.04
ORD104807,2025-11-03,CUST1807,Laptop,Electronics,4,1363.49,Chennai,UPI,5453.96
ORD104808,2025-01-27,CUST1808,Monitor,Electronics,3,758.95,Delhi,UPI,2276.85
ORD104809,2025-08-02,CUST1809,Laptop,Electronics,4,987.64,Hyderabad,Net Banking,3950.56
ORD104810,2025-03-15,CUST1810,Monitor,Electronics,3,629.07,Pune,Net Banking,1887.21
ORD104811,2025-03-02,CUST1811,Headphones,Electronics,1,950.21,Hyderabad,Debit Card,950.21
ORD104812,2025-07-05,CUST1812,Smartwatch,Electronics,3,584.92,Coimbatore,Credit Card,1754.76
ORD104813,2025-01-31,CUST1813,Monitor,Electronics,3,516.12,Bengaluru,UPI,1548.36
ORD104814,2025-08-07,CUST1814,Laptop,Electronics,4,955.38,Hyderabad,UPI,3821.52
ORD104815,2025-01-12,CUST1815,Mouse,Electronics,1,890.68,Pune,Credit Card,890.68
ORD104816,2025-10-29,CUST1816,Smartwatch,Electronics,5,447.36,Delhi,Debit Card,2236.8
ORD104817,2025-02-01,CUST1817,Headphones,Electronics,5,232.53,Pune,Net Banking,1162.65
ORD104818,2025-06-09,CUST1818,Monitor,Electronics,5,559.18,Delhi,Debit Card,2795.9
ORD104819,2025-08-25,CUST1819,Mouse,Electronics,1,628.64,Hyderabad,Credit Card,628.64
ORD104820,2025-08-15,CUST1820,Monitor,Electronics,2,946.74,Bengaluru,UPI,1893.48
ORD104821,2025-06-30,CUST1821,Shoes,Fashion,1,1372.65,Mumbai,Net Banking,1372.65
ORD104822,2025-11-13,CUST1822,Laptop,Electronics,4,63.92,Coimbatore,Credit Card,255.68
ORD104823,2025-02-15,CUST1823,Tablet,Electronics,3,373.05,Pune,UPI,1119.15
ORD104824,2025-12-07,CUST1824,Backpack,Accessories,3,298.64,Mumbai,Debit Card,895.92
ORD104825,2025-03-21,CUST1825,Smartphone,Electronics,4,758.42,Mumbai,Net Banking,3033.68
ORD104826,2025-05-15,CUST1826,Shoes,Fashion,4,650.25,Chennai,UPI,2601.0
ORD104827,2025-09-17,CUST1827,Mouse,Electronics,3,1096.27,Chennai,UPI,3288.81
ORD104828,2025-11-04,CUST1828,Shoes,Fashion,2,371.2,Coimbatore,UPI,742.4
ORD104829,2025-09-04,CUST1829,Keyboard,Electronics,2,895.8,Bengaluru,UPI,1791.6
ORD104830,2025-06-08,CUST1830,Monitor,Electronics,2,1326.95,Chennai,UPI,2653.9
ORD104831,2025-07-22,CUST1831,Monitor,Electronics,4,1366.91,Pune,Debit Card,5467.64
ORD104832,2025-04-22,CUST1832,Smartphone,Electronics,3,1438.59,Pune,Credit Card,4315.77
ORD104833,2025-10-19,CUST1833,Smartphone,Electronics,3,1162.16,Hyderabad,Net Banking,3486.48
ORD104834,2025-11-06,CUST1834,Keyboard,Electronics,3,1359.92,Pune,Debit Card,4079.76
ORD104835,2025-04-29,CUST1835,Laptop,Electronics,1,359.45,Coimbatore,Net Banking,359.45
ORD104836,2025-01-17,CUST1836,Backpack,Accessories,1,304.4,Delhi,UPI,304.4
ORD104837,2025-11-27,CUST1837,Tablet,Electronics,5,19.67,Mumbai,Credit Card,98.35
ORD104838,2025-08-15,CUST1838,Tablet,Electronics,1,1063.2,Pune,UPI,1063.2
ORD104839,2025-12-27,CUST1839,Headphones,Electronics,2,1406.83,Coimbatore,Debit Card,2813.66
ORD104840,2025-04-27,CUST1840,Headphones,Electronics,2,288.53,Delhi,Debit Card,577.06
ORD104841,2025-02-12,CUST1841,Laptop,Electronics,2,959.05,Delhi,Net Banking,1918.1
ORD104842,2025-04-25,CUST1842,Headphones,Electronics,2,1122.23,Chennai,UPI,2244.46
ORD104843,2025-10-10,CUST1843,Headphones,Electronics,5,1392.15,Delhi,UPI,6960.75
ORD104844,2025-02-06,CUST1844,Keyboard,Electronics,2,973.82,Bengaluru,Credit Card,1947.64
ORD104845,2025-10-29,CUST1845,Keyboard,Electronics,4,1455.74,Delhi,Credit Card,5822.96
ORD104846,2025-04-23,CUST1846,Headphones,Electronics,4,523.56,Delhi,UPI,2094.24
ORD104847,2025-02-04,CUST1847,Shoes,Fashion,4,531.39,Mumbai,Net Banking,2125.56
ORD104848,2025-05-12,CUST1848,Smartwatch,Electronics,1,819.09,Bengaluru,Credit Card,819.09
ORD104849,2025-12-02,CUST1849,Smartwatch,Electronics,3,581.42,Coimbatore,UPI,1744.26
ORD104850,2025-12-02,CUST1850,Laptop,Electronics,5,12.12,Bengaluru,UPI,60.6
ORD104851,2025-08-16,CUST1851,Tablet,Electronics,4,1100.34,Bengaluru,UPI,4401.36
ORD104852,2025-05-27,CUST1852,Smartphone,Electronics,4,1130.06,Coimbatore,Debit Card,4520.24
ORD104853,2025-05-02,CUST1853,Laptop,Electronics,2,1122.99,Mumbai,Net Banking,2245.98
ORD104854,2025-03-22,CUST1854,Headphones,Electronics,4,524.08,Pune,UPI,2096.32
ORD104855,2025-06-22,CUST1855,Keyboard,Electronics,2,788.21,Kochi,UPI,1576.42
ORD104856,2025-06-03,CUST1856,Monitor,Electronics,2,546.36,Delhi,UPI,1092.72
ORD104857,2025-05-30,CUST1857,Shoes,Fashion,3,33.89,Bengaluru,Credit Card,101.67
ORD104858,2025-02-27,CUST1858,Mouse,Electronics,1,848.05,Bengaluru,UPI,848.05
ORD104859,2025-03-04,CUST1859,Keyboard,Electronics,2,194.4,Pune,Debit Card,388.8
ORD104860,2025-06-05,CUST1860,Smartwatch,Electronics,2,129.26,Coimbatore,Debit Card,258.52
ORD104861,2025-12-22,CUST1861,Keyboard,Electronics,3,1135.69,Hyderabad,Net Banking,3407.07
ORD104862,2025-11-18,CUST1862,Shoes,Fashion,2,24.16,Pune,UPI,48.32
ORD104863,2025-06-17,CUST1863,Smartphone,Electronics,5,1438.92,Bengaluru,UPI,7194.6
ORD104864,2025-06-15,CUST1864,Headphones,Electronics,1,777.73,Chennai,UPI,777.73
ORD104865,2025-03-26,CUST1865,Monitor,Electronics,5,1474.69,Delhi,Debit Card,7373.45
ORD104866,2025-05-17,CUST1866,Smartwatch,Electronics,4,96.42,Delhi,Credit Card,385.68
ORD104867,2025-07-08,CUST1867,Smartwatch,Electronics,1,879.46,Pune,Credit Card,879.46
ORD104868,2025-01-02,CUST1868,Backpack,Accessories,4,530.5,Mumbai,UPI,2122.0
ORD104869,2025-04-16,CUST1869,Tablet,Electronics,2,1266.79,Pune,Credit Card,2533.58
ORD104870,2025-12-30,CUST1870,Smartphone,Electronics,3,548.22,Bengaluru,Net Banking,1644.66
ORD104871,2025-03-13,CUST1871,Smartwatch,Electronics,5,398.13,Coimbatore,Debit Card,1990.65
ORD104872,2025-05-06,CUST1872,Tablet,Electronics,4,1287.75,Chennai,UPI,5151.0
ORD104873,2025-06-19,CUST1873,Smartwatch,Electronics,2,568.23,Pune,Credit Card,1136.46
ORD104874,2025-07-24,CUST1874,Headphones,Electronics,5,35.08,Coimbatore,UPI,175.4
ORD104875,2025-11-09,CUST1875,Tablet,Electronics,5,591.53,Pune,UPI,2957.65
ORD104876,2025-12-03,CUST1876,Shoes,Fashion,4,985.24,Bengaluru,Debit Card,3940.96
ORD104877,2025-07-14,CUST1877,Backpack,Accessories,2,389.0,Chennai,Debit Card,778.0
ORD104878,2025-06-07,CUST1878,Headphones,Electronics,3,653.66,Mumbai,Credit Card,1960.98
ORD104879,2025-05-21,CUST1879,Shoes,Fashion,4,94.51,Mumbai,Debit Card,378.04
ORD104880,2025-10-02,CUST1880,Monitor,Electronics,5,886.26,Pune,Net Banking,4431.3
ORD104881,2025-01-07,CUST1881,Smartphone,Electronics,5,1136.88,Kochi,UPI,5684.4
ORD104882,2025-02-23,CUST1882,Smartphone,Electronics,1,625.84,Mumbai,Debit Card,625.84
ORD104883,2025-04-14,CUST1883,Mouse,Electronics,2,636.15,Kochi,Credit Card,1272.3
ORD104884,2025-12-08,CUST1884,Mouse,Electronics,1,141.54,Kochi,Credit Card,141.54
ORD104885,2025-12-04,CUST1885,Tablet,Electronics,3,310.89,Hyderabad,Credit Card,932.67
ORD104886,2025-03-02,CUST1886,Smartphone,Electronics,4,240.47,Coimbatore,Net Banking,961.88
ORD104887,2025-03-28,CUST1887,Tablet,Electronics,5,727.71,Bengaluru,Debit Card,3638.55
ORD104888,2025-09-15,CUST1888,Mouse,Electronics,2,798.59,Chennai,Debit Card,1597.18
ORD104889,2025-06-27,CUST1889,Monitor,Electronics,5,1423.92,Pune,Net Banking,7119.6
ORD104890,2025-08-30,CUST1890,Smartwatch,Electronics,1,119.11,Pune,Debit Card,119.11
ORD104891,2025-07-22,CUST1891,Shoes,Fashion,1,903.8,Delhi,Debit Card,903.8
ORD104892,2025-01-31,CUST1892,Keyboard,Electronics,4,794.48,Delhi,Debit Card,3177.92
ORD104893,2025-10-16,CUST1893,Tablet,Electronics,2,779.19,Coimbatore,Net Banking,1558.38
ORD104894,2025-03-21,CUST1894,Monitor,Electronics,2,1311.01,Bengaluru,Net Banking,2622.02
ORD104895,2025-01-11,CUST1895,Shoes,Fashion,4,316.25,Hyderabad,Credit Card,1265.0
ORD104896,2025-09-11,CUST1896,Smartphone,Electronics,1,70.75,Bengaluru,Net Banking,70.75
ORD104897,2025-10-14,CUST1897,Smartwatch,Electronics,1,1011.68,Coimbatore,Net Banking,1011.68
ORD104898,2025-06-25,CUST1898,Shoes,Fashion,1,524.28,Bengaluru,Credit Card,524.28
ORD104899,2025-05-06,CUST1899,Backpack,Accessories,5,36.21,Delhi,Net Banking,181.05
ORD104900,2025-02-16,CUST1900,Mouse,Electronics,3,384.55,Delhi,Debit Card,1153.65
ORD104901,2025-07-25,CUST1901,Shoes,Fashion,1,470.9,Chennai,UPI,470.9
ORD104902,2025-04-17,CUST1902,Keyboard,Electronics,3,929.09,Hyderabad,Credit Card,2787.27
ORD104903,2025-10-02,CUST1903,Monitor,Electronics,3,267.15,Delhi,UPI,801.45
ORD104904,2025-12-03,CUST1904,Smartwatch,Electronics,2,625.45,Chennai,UPI,1250.9
ORD104905,2025-05-03,CUST1905,Headphones,Electronics,4,728.89,Hyderabad,Credit Card,2915.56
ORD104906,2025-05-14,CUST1906,Shoes,Fashion,5,694.26,Delhi,UPI,3471.3
ORD104907,2025-04-17,CUST1907,Laptop,Electronics,3,1461.17,Hyderabad,UPI,4383.51
ORD104908,2025-11-01,CUST1908,Keyboard,Electronics,5,77.8,Kochi,Credit Card,389.0
ORD104909,2025-11-25,CUST1909,Keyboard,Electronics,2,1426.94,Bengaluru,Credit Card,2853.88
ORD104910,2025-02-19,CUST1910,Laptop,Electronics,1,877.09,Chennai,Debit Card,877.09
ORD104911,2025-12-03,CUST1911,Backpack,Accessories,3,1195.63,Hyderabad,Credit Card,3586.89
ORD104912,2025-04-05,CUST1912,Headphones,Electronics,4,651.29,Pune,Net Banking,2605.16
ORD104913,2025-09-25,CUST1913,Mouse,Electronics,2,686.22,Hyderabad,UPI,1372.44
ORD104914,2025-01-23,CUST1914,Monitor,Electronics,5,1320.2,Bengaluru,Credit Card,6601.0
ORD104915,2025-02-23,CUST1915,Smartwatch,Electronics,1,1344.94,Delhi,Debit Card,1344.94
ORD104916,2025-09-11,CUST1916,Monitor,Electronics,5,365.65,Delhi,Credit Card,1828.25
ORD104917,2025-08-23,CUST1917,Headphones,Electronics,4,306.87,Pune,UPI,1227.48
ORD104918,2025-02-28,CUST1918,Monitor,Electronics,3,749.39,Coimbatore,Credit Card,2248.17
ORD104919,2025-06-13,CUST1919,Laptop,Electronics,4,1351.41,Coimbatore,UPI,5405.64
ORD104920,2025-09-16,CUST1920,Keyboard,Electronics,5,490.31,Delhi,Credit Card,2451.55
ORD104921,2025-11-10,CUST1921,Monitor,Electronics,5,981.5,Kochi,Debit Card,4907.5
ORD104922,2025-08-04,CUST1922,Tablet,Electronics,4,1065.15,Pune,Net Banking,4260.6
ORD104923,2025-07-02,CUST1923,Shoes,Fashion,4,1170.23,Mumbai,Debit Card,4680.92
ORD104924,2025-02-26,CUST1924,Headphones,Electronics,4,850.25,Mumbai,Credit Card,3401.0
ORD104925,2025-05-25,CUST1925,Backpack,Accessories,1,609.66,Pune,UPI,609.66
ORD104926,2025-03-31,CUST1926,Tablet,Electronics,5,1450.85,Hyderabad,Debit Card,7254.25
ORD104927,2025-11-07,CUST1927,Laptop,Electronics,2,920.88,Delhi,Net Banking,1841.76
ORD104928,2025-02-14,CUST1928,Smartphone,Electronics,1,1095.56,Coimbatore,Net Banking,1095.56
ORD104929,2025-09-14,CUST1929,Laptop,Electronics,1,524.02,Hyderabad,UPI,524.02
ORD104930,2025-01-21,CUST1930,Backpack,Accessories,1,1008.22,Chennai,Credit Card,1008.22
ORD104931,2025-01-21,CUST1931,Backpack,Accessories,2,394.12,Pune,Debit Card,788.24
ORD104932,2025-02-21,CUST1932,Tablet,Electronics,4,375.19,Pune,Debit Card,1500.76
ORD104933,2025-12-04,CUST1933,Shoes,Fashion,5,1074.94,Kochi,UPI,5374.7
ORD104934,2025-06-20,CUST1934,Headphones,Electronics,3,786.88,Coimbatore,Debit Card,2360.64
ORD104935,2025-03-08,CUST1935,Mouse,Electronics,3,1028.08,Coimbatore,UPI,3084.24
ORD104936,2025-04-23,CUST1936,Keyboard,Electronics,5,411.46,Coimbatore,UPI,2057.3
ORD104937,2025-10-27,CUST1937,Tablet,Electronics,2,902.1,Pune,Credit Card,1804.2
ORD104938,2025-06-09,CUST1938,Backpack,Accessories,3,671.46,Mumbai,UPI,2014.38
ORD104939,2025-09-23,CUST1939,Smartphone,Electronics,1,899.47,Bengaluru,Debit Card,899.47
ORD104940,2025-11-16,CUST1940,Smartwatch,Electronics,3,443.41,Kochi,UPI,1330.23
ORD104941,2025-08-20,CUST1941,Backpack,Accessories,5,1076.02,Bengaluru,Debit Card,5380.1
ORD104942,2025-11-21,CUST1942,Shoes,Fashion,1,1210.83,Kochi,UPI,1210.83
ORD104943,2025-03-09,CUST1943,Shoes,Fashion,3,397.28,Pune,Credit Card,1191.84
ORD104944,2025-01-28,CUST1944,Backpack,Accessories,5,457.92,Mumbai,Credit Card,2289.6
ORD104945,2025-04-26,CUST1945,Shoes,Fashion,2,995.12,Kochi,UPI,1990.24
ORD104946,2025-02-20,CUST1946,Tablet,Electronics,5,1046.42,Delhi,UPI,5232.1
ORD104947,2025-06-30,CUST1947,Backpack,Accessories,2,1059.11,Delhi,UPI,2118.22
ORD104948,2025-09-17,CUST1948,Backpack,Accessories,1,1027.22,Pune,Credit Card,1027.22
ORD104949,2025-03-20,CUST1949,Headphones,Electronics,5,595.28,Pune,Net Banking,2976.4
ORD104950,2025-09-30,CUST1950,Keyboard,Electronics,4,598.33,Mumbai,UPI,2393.32
ORD104951,2025-04-18,CUST1951,Smartphone,Electronics,4,389.68,Mumbai,Net Banking,1558.72
ORD104952,2025-03-15,CUST1952,Shoes,Fashion,4,243.68,Delhi,UPI,974.72
ORD104953,2025-06-24,CUST1953,Headphones,Electronics,4,1041.94,Bengaluru,Debit Card,4167.76
ORD104954,2025-07-03,CUST1954,Mouse,Electronics,4,148.85,Hyderabad,Credit Card,595.4
ORD104955,2025-01-23,CUST1955,Mouse,Electronics,2,1407.31,Mumbai,Net Banking,2814.62
ORD104956,2025-10-01,CUST1956,Monitor,Electronics,5,1241.76,Hyderabad,Net Banking,6208.8
ORD104957,2025-05-09,CUST1957,Tablet,Electronics,1,1287.68,Hyderabad,Credit Card,1287.68
ORD104958,2025-10-18,CUST1958,Tablet,Electronics,4,1360.94,Chennai,Net Banking,5443.76
ORD104959,2025-11-16,CUST1959,Laptop,Electronics,4,618.82,Bengaluru,UPI,2475.28
ORD104960,2025-07-05,CUST1960,Smartphone,Electronics,1,1271.58,Kochi,Net Banking,1271.58
ORD104961,2025-02-28,CUST1961,Backpack,Accessories,1,245.51,Pune,UPI,245.51
ORD104962,2025-01-01,CUST1962,Shoes,Fashion,4,42.25,Hyderabad,Net Banking,169.0
ORD104963,2025-05-11,CUST1963,Smartphone,Electronics,2,1179.49,Pune,Debit Card,2358.98
ORD104964,2025-03-08,CUST1964,Monitor,Electronics,1,121.45,Pune,Net Banking,121.45
ORD104965,2025-10-20,CUST1965,Laptop,Electronics,5,1482.9,Bengaluru,Net Banking,7414.5
ORD104966,2025-10-12,CUST1966,Headphones,Electronics,5,1015.45,Bengaluru,UPI,5077.25
ORD104967,2025-03-30,CUST1967,Smartphone,Electronics,2,1132.64,Chennai,Credit Card,2265.28
ORD104968,2025-04-10,CUST1968,Headphones,Electronics,3,376.25,Kochi,Debit Card,1128.75
ORD104969,2025-07-08,CUST1969,Mouse,Electronics,2,1014.06,Pune,Credit Card,2028.12
ORD104970,2025-12-12,CUST1970,Shoes,Fashion,4,74.4,Delhi,UPI,297.6
ORD104971,2025-08-29,CUST1971,Monitor,Electronics,3,1258.36,Kochi,Debit Card,3775.08
ORD104972,2025-09-27,CUST1972,Backpack,Accessories,4,262.74,Kochi,Net Banking,1050.96
ORD104973,2025-08-07,CUST1973,Shoes,Fashion,5,1049.06,Bengaluru,Credit Card,5245.3
ORD104974,2025-06-25,CUST1974,Keyboard,Electronics,1,344.48,Hyderabad,Credit Card,344.48
ORD104975,2025-12-07,CUST1975,Tablet,Electronics,4,112.0,Delhi,Credit Card,448.0
ORD104976,2025-08-21,CUST1976,Monitor,Electronics,5,727.43,Delhi,Net Banking,3637.15
ORD104977,2025-05-31,CUST1977,Smartphone,Electronics,2,262.24,Coimbatore,UPI,524.48
ORD104978,2025-10-04,CUST1978,Shoes,Fashion,4,1096.87,Hyderabad,Net Banking,4387.48
ORD104979,2025-08-17,CUST1979,Smartwatch,Electronics,5,363.97,Hyderabad,Net Banking,1819.85
ORD104980,2025-06-20,CUST1980,Tablet,Electronics,1,520.28,Bengaluru,UPI,520.28
ORD104981,2025-08-11,CUST1981,Tablet,Electronics,4,855.48,Hyderabad,UPI,3421.92
ORD104982,2025-08-01,CUST1982,Smartwatch,Electronics,5,434.6,Kochi,Net Banking,2173.0
ORD104983,2025-10-09,CUST1983,Laptop,Electronics,4,573.2,Pune,UPI,2292.8
ORD104984,2025-02-10,CUST1984,Laptop,Electronics,1,1225.28,Coimbatore,Credit Card,1225.28
ORD104985,2025-05-02,CUST1985,Smartwatch,Electronics,4,277.02,Bengaluru,Debit Card,1108.08
ORD104986,2025-08-15,CUST1986,Keyboard,Electronics,4,132.48,Mumbai,UPI,529.92
ORD104987,2025-10-21,CUST1987,Mouse,Electronics,5,499.25,Hyderabad,Debit Card,2496.25
ORD104988,2025-03-29,CUST1988,Smartwatch,Electronics,3,642.32,Hyderabad,Credit Card,1926.96
ORD104989,2025-09-24,CUST1989,Mouse,Electronics,4,818.56,Chennai,UPI,3274.24
ORD104990,2025-01-29,CUST1990,Shoes,Fashion,3,564.91,Mumbai,Net Banking,1694.73
ORD104991,2025-09-04,CUST1991,Keyboard,Electronics,2,1186.97,Mumbai,Net Banking,2373.94
ORD104992,2025-11-12,CUST1992,Monitor,Electronics,4,68.59,Pune,Credit Card,274.36
ORD104993,2025-09-01,CUST1993,Mouse,Electronics,3,653.33,Coimbatore,UPI,1959.99
ORD104994,2025-03-02,CUST1994,Tablet,Electronics,2,579.56,Pune,Net Banking,1159.12
ORD104995,2025-05-27,CUST1995,Shoes,Fashion,5,974.89,Mumbai,UPI,4874.45
ORD104996,2025-06-23,CUST1996,Tablet,Electronics,4,1449.75,Pune,Debit Card,5799.0
ORD104997,2025-10-05,CUST1997,Keyboard,Electronics,5,770.46,Kochi,Net Banking,3852.3
ORD104998,2025-11-30,CUST1998,Mouse,Electronics,2,1480.45,Pune,Credit Card,2960.9
ORD104999,2025-05-22,CUST1999,Headphones,Electronics,5,460.35,Chennai,Net Banking,2301.75
ORD105000,2025-02-13,CUST2000,Keyboard,Electronics,5,55.99,Kochi,Credit Card,279.95
